example_id,query_id,split,domain,question_type,static_or_dynamic,policy_id,display_name,route_plan,domain_route_plan,api_call_count,successful_call_count,failure_rate,result_count,raw_quality,budget_units,latency_ms,query_operational_utility,security_eligible,provenance_eligible,seed,query_order
crag_task_1_and_2_dev_v5_q_1d78264499c05c93,crag_task_1_and_2_dev_v5_q_1d78264499c05c93,validation,finance,aggregation,slow-changing,top_k_low,top_k_low,/finance/get_company_name,finance,1,1,0.0,10,0.75,0.85,4.284827969968319,0.7414957151720301,True,True,20260809,0
crag_task_1_and_2_dev_v5_q_1d78264499c05c93,crag_task_1_and_2_dev_v5_q_1d78264499c05c93,validation,finance,aggregation,slow-changing,greedy_regression_aware_search,greedy_regression_aware_search,/finance/get_company_name,finance,1,1,0.0,10,0.75,0.95,4.273539409041405,0.740495726460591,True,True,20260809,0
crag_task_1_and_2_dev_v5_q_5cb6a3313315ba63,crag_task_1_and_2_dev_v5_q_5cb6a3313315ba63,validation,finance,aggregation,slow-changing,top_k_low,top_k_low,/finance/get_company_name,finance,1,1,0.0,10,0.75,0.85,4.082167521119118,0.7414959178324789,True,True,20260809,1
crag_task_1_and_2_dev_v5_q_5cb6a3313315ba63,crag_task_1_and_2_dev_v5_q_5cb6a3313315ba63,validation,finance,aggregation,slow-changing,greedy_regression_aware_search,greedy_regression_aware_search,/finance/get_company_name,finance,1,1,0.0,10,0.75,0.95,4.114717245101929,0.7404958852827549,True,True,20260809,1
crag_task_1_and_2_dev_v5_q_81e7ca9d3f6f77a7,crag_task_1_and_2_dev_v5_q_81e7ca9d3f6f77a7,validation,finance,aggregation,slow-changing,top_k_low,top_k_low,/finance/get_company_name,finance,1,1,0.0,10,0.85,0.85,3.3169249072670937,0.8414966830750927,True,True,20260809,2
crag_task_1_and_2_dev_v5_q_81e7ca9d3f6f77a7,crag_task_1_and_2_dev_v5_q_81e7ca9d3f6f77a7,validation,finance,aggregation,slow-changing,greedy_regression_aware_search,greedy_regression_aware_search,/finance/get_company_name,finance,1,1,0.0,10,0.85,0.95,3.2660486176609997,0.8404967339513824,True,True,20260809,2
crag_task_1_and_2_dev_v5_q_a1cce4bb51f0b43a,crag_task_1_and_2_dev_v5_q_a1cce4bb51f0b43a,validation,finance,aggregation,slow-changing,top_k_low,top_k_low,/finance/get_company_name,finance,1,1,0.0,10,0.7763157894736842,0.85,4.155338741838932,0.7678116341349424,True,True,20260809,3
crag_task_1_and_2_dev_v5_q_a1cce4bb51f0b43a,crag_task_1_and_2_dev_v5_q_a1cce4bb51f0b43a,validation,finance,aggregation,slow-changing,greedy_regression_aware_search,greedy_regression_aware_search,/finance/get_company_name,finance,1,1,0.0,10,0.7763157894736842,0.95,4.227369092404842,0.7668115621045918,True,True,20260809,3
crag_task_1_and_2_dev_v5_q_bb6052f390075232,crag_task_1_and_2_dev_v5_q_bb6052f390075232,validation,finance,aggregation,static,top_k_low,top_k_low,/finance/get_company_name,finance,1,1,0.0,10,0.84375,0.85,3.443860448896885,0.8352465561395511,True,True,20260809,4
crag_task_1_and_2_dev_v5_q_bb6052f390075232,crag_task_1_and_2_dev_v5_q_bb6052f390075232,validation,finance,aggregation,static,greedy_regression_aware_search,greedy_regression_aware_search,/finance/get_company_name,finance,1,1,0.0,10,0.84375,0.95,3.539987839758396,0.8342464600121603,True,True,20260809,4
crag_task_1_and_2_dev_v5_q_c77f4bb81db51611,crag_task_1_and_2_dev_v5_q_c77f4bb81db51611,validation,finance,aggregation,static,top_k_low,top_k_low,/finance/get_company_name,finance,1,1,0.0,10,0.875,0.85,4.160497337579727,0.8664958395026625,True,True,20260809,5
crag_task_1_and_2_dev_v5_q_c77f4bb81db51611,crag_task_1_and_2_dev_v5_q_c77f4bb81db51611,validation,finance,aggregation,static,greedy_regression_aware_search,greedy_regression_aware_search,/finance/get_company_name,finance,1,1,0.0,10,0.875,0.95,4.082358442246914,0.8654959176415578,True,True,20260809,5
crag_task_1_and_2_dev_v5_q_023a751cf63cc4a4,crag_task_1_and_2_dev_v5_q_023a751cf63cc4a4,validation,finance,comparison,fast-changing,top_k_low,top_k_low,/finance/get_company_name,finance,1,1,0.0,10,0.75,0.85,4.119583405554295,0.7414958804165945,True,True,20260809,6
crag_task_1_and_2_dev_v5_q_023a751cf63cc4a4,crag_task_1_and_2_dev_v5_q_023a751cf63cc4a4,validation,finance,comparison,fast-changing,greedy_regression_aware_search,greedy_regression_aware_search,/finance/get_company_name,finance,1,1,0.0,10,0.75,0.95,4.106605425477028,0.7404958933945746,True,True,20260809,6
crag_task_1_and_2_dev_v5_q_19a89a0bce5b343f,crag_task_1_and_2_dev_v5_q_19a89a0bce5b343f,validation,finance,comparison,fast-changing,top_k_low,top_k_low,/finance/get_company_name,finance,1,1,0.0,10,0.75,0.85,4.075986333191395,0.7414959240136668,True,True,20260809,7
crag_task_1_and_2_dev_v5_q_19a89a0bce5b343f,crag_task_1_and_2_dev_v5_q_19a89a0bce5b343f,validation,finance,comparison,fast-changing,greedy_regression_aware_search,greedy_regression_aware_search,/finance/get_company_name,finance,1,1,0.0,10,0.75,0.95,4.133035428822041,0.7404958669645713,True,True,20260809,7
crag_task_1_and_2_dev_v5_q_3f7ef4f3814ca4ae,crag_task_1_and_2_dev_v5_q_3f7ef4f3814ca4ae,validation,finance,comparison,fast-changing,top_k_low,top_k_low,/finance/get_company_name,finance,1,1,0.0,10,0.8076923076923077,0.85,4.223473370075226,0.7991880842189377,True,True,20260809,8
crag_task_1_and_2_dev_v5_q_3f7ef4f3814ca4ae,crag_task_1_and_2_dev_v5_q_3f7ef4f3814ca4ae,validation,finance,comparison,fast-changing,greedy_regression_aware_search,greedy_regression_aware_search,/finance/get_company_name,finance,1,1,0.0,10,0.8076923076923077,0.95,4.128437489271164,0.7981881792548184,True,True,20260809,8
crag_task_1_and_2_dev_v5_q_5b709352a85132f0,crag_task_1_and_2_dev_v5_q_5b709352a85132f0,validation,finance,comparison,slow-changing,top_k_low,top_k_low,/finance/get_company_name,finance,1,1,0.0,10,0.8541666666666666,0.85,4.270264878869057,0.8456623964017879,True,True,20260809,9
crag_task_1_and_2_dev_v5_q_5b709352a85132f0,crag_task_1_and_2_dev_v5_q_5b709352a85132f0,validation,finance,comparison,slow-changing,greedy_regression_aware_search,greedy_regression_aware_search,/finance/get_company_name,finance,1,1,0.0,10,0.8541666666666666,0.95,4.278477281332016,0.8446623881893853,True,True,20260809,9
crag_task_1_and_2_dev_v5_q_6b84eba3ac502d70,crag_task_1_and_2_dev_v5_q_6b84eba3ac502d70,validation,finance,comparison,real-time,top_k_low,top_k_low,/finance/get_company_name,finance,1,1,0.0,10,0.7916666666666666,0.85,4.021613858640194,0.7831626450528081,True,True,20260809,10
crag_task_1_and_2_dev_v5_q_6b84eba3ac502d70,crag_task_1_and_2_dev_v5_q_6b84eba3ac502d70,validation,finance,comparison,real-time,greedy_regression_aware_search,greedy_regression_aware_search,/finance/get_company_name,finance,1,1,0.0,10,0.7916666666666666,0.95,4.026551730930805,0.7821626401149357,True,True,20260809,10
crag_task_1_and_2_dev_v5_q_8b16b59658c51bec,crag_task_1_and_2_dev_v5_q_8b16b59658c51bec,validation,finance,comparison,fast-changing,top_k_low,top_k_low,/finance/get_company_name,finance,1,1,0.0,10,0.75,0.85,4.200427792966366,0.7414957995722071,True,True,20260809,11
crag_task_1_and_2_dev_v5_q_8b16b59658c51bec,crag_task_1_and_2_dev_v5_q_8b16b59658c51bec,validation,finance,comparison,fast-changing,greedy_regression_aware_search,greedy_regression_aware_search,/finance/get_company_name,finance,1,1,0.0,10,0.75,0.95,4.128658212721348,0.7404958713417873,True,True,20260809,11
crag_task_1_and_2_dev_v5_q_a3affffa68c1ef9a,crag_task_1_and_2_dev_v5_q_a3affffa68c1ef9a,validation,finance,comparison,static,top_k_low,top_k_low,/finance/get_company_name,finance,1,1,0.0,10,0.78125,0.85,4.294642247259617,0.7727457053577528,True,True,20260809,12
crag_task_1_and_2_dev_v5_q_a3affffa68c1ef9a,crag_task_1_and_2_dev_v5_q_a3affffa68c1ef9a,validation,finance,comparison,static,greedy_regression_aware_search,greedy_regression_aware_search,/finance/get_company_name,finance,1,1,0.0,10,0.78125,0.95,4.169619642198086,0.7717458303803578,True,True,20260809,12
crag_task_1_and_2_dev_v5_q_a621011b720f3703,crag_task_1_and_2_dev_v5_q_a621011b720f3703,validation,finance,comparison,fast-changing,top_k_low,top_k_low,/finance/get_company_name,finance,1,1,0.0,10,0.8076923076923077,0.85,4.144161939620972,0.7991881635303681,True,True,20260809,13
crag_task_1_and_2_dev_v5_q_a621011b720f3703,crag_task_1_and_2_dev_v5_q_a621011b720f3703,validation,finance,comparison,fast-changing,greedy_regression_aware_search,greedy_regression_aware_search,/finance/get_company_name,finance,1,1,0.0,10,0.8076923076923077,0.95,4.119044169783592,0.798188188648138,True,True,20260809,13
crag_task_1_and_2_dev_v5_q_ae2f19ea76f683ea,crag_task_1_and_2_dev_v5_q_ae2f19ea76f683ea,validation,finance,comparison,fast-changing,top_k_low,top_k_low,/finance/get_company_name,finance,1,1,0.0,10,0.8125,0.85,4.212857224047184,0.803995787142776,True,True,20260809,14
crag_task_1_and_2_dev_v5_q_ae2f19ea76f683ea,crag_task_1_and_2_dev_v5_q_ae2f19ea76f683ea,validation,finance,comparison,fast-changing,greedy_regression_aware_search,greedy_regression_aware_search,/finance/get_company_name,finance,1,1,0.0,10,0.8125,0.95,4.049157723784447,0.8029959508422763,True,True,20260809,14
crag_task_1_and_2_dev_v5_q_b9a506ad32733bb5,crag_task_1_and_2_dev_v5_q_b9a506ad32733bb5,validation,finance,comparison,slow-changing,top_k_low,top_k_low,/finance/get_company_name,finance,1,1,0.0,10,0.8125,0.85,3.9755944162607193,0.8039960244055838,True,True,20260809,15
crag_task_1_and_2_dev_v5_q_b9a506ad32733bb5,crag_task_1_and_2_dev_v5_q_b9a506ad32733bb5,validation,finance,comparison,slow-changing,greedy_regression_aware_search,greedy_regression_aware_search,/finance/get_company_name,finance,1,1,0.0,10,0.8125,0.95,4.062425345182419,0.8029959375746548,True,True,20260809,15
crag_task_1_and_2_dev_v5_q_c10b114c1ef281ac,crag_task_1_and_2_dev_v5_q_c10b114c1ef281ac,validation,finance,comparison,fast-changing,top_k_low,top_k_low,/finance/get_company_name,finance,1,1,0.0,10,0.75,0.85,4.162570461630821,0.7414958374295384,True,True,20260809,16
crag_task_1_and_2_dev_v5_q_c10b114c1ef281ac,crag_task_1_and_2_dev_v5_q_c10b114c1ef281ac,validation,finance,comparison,fast-changing,greedy_regression_aware_search,greedy_regression_aware_search,/finance/get_company_name,finance,1,1,0.0,10,0.75,0.95,4.256162792444229,0.7404957438372076,True,True,20260809,16
crag_task_1_and_2_dev_v5_q_c8ddb2dd416452f8,crag_task_1_and_2_dev_v5_q_c8ddb2dd416452f8,validation,finance,comparison,static,top_k_low,top_k_low,/finance/get_company_name,finance,1,1,0.0,10,0.75,0.85,4.199455492198467,0.7414958005445078,True,True,20260809,17
crag_task_1_and_2_dev_v5_q_c8ddb2dd416452f8,crag_task_1_and_2_dev_v5_q_c8ddb2dd416452f8,validation,finance,comparison,static,greedy_regression_aware_search,greedy_regression_aware_search,/finance/get_company_name,finance,1,1,0.0,10,0.75,0.95,4.129348322749138,0.7404958706516773,True,True,20260809,17
crag_task_1_and_2_dev_v5_q_ce09dec96b05767e,crag_task_1_and_2_dev_v5_q_ce09dec96b05767e,validation,finance,comparison,fast-changing,top_k_low,top_k_low,/finance/get_company_name,finance,1,1,0.0,10,0.8409090909090909,0.85,4.175289534032345,0.832404915619557,True,True,20260809,18
crag_task_1_and_2_dev_v5_q_ce09dec96b05767e,crag_task_1_and_2_dev_v5_q_ce09dec96b05767e,validation,finance,comparison,fast-changing,greedy_regression_aware_search,greedy_regression_aware_search,/finance/get_company_name,finance,1,1,0.0,10,0.8409090909090909,0.95,3.932918421924114,0.831405157990669,True,True,20260809,18
crag_task_1_and_2_dev_v5_q_d4dbc73fe0e734c6,crag_task_1_and_2_dev_v5_q_d4dbc73fe0e734c6,validation,finance,comparison,static,top_k_low,top_k_low,/finance/get_company_name,finance,1,1,0.0,10,0.75,0.85,3.842169418931008,0.7414961578305811,True,True,20260809,19
crag_task_1_and_2_dev_v5_q_d4dbc73fe0e734c6,crag_task_1_and_2_dev_v5_q_d4dbc73fe0e734c6,validation,finance,comparison,static,greedy_regression_aware_search,greedy_regression_aware_search,/finance/get_company_name,finance,1,1,0.0,10,0.75,0.95,3.649163991212845,0.7404963508360088,True,True,20260809,19
crag_task_1_and_2_dev_v5_q_e9282f729e8ae077,crag_task_1_and_2_dev_v5_q_e9282f729e8ae077,validation,finance,comparison,fast-changing,top_k_low,top_k_low,/finance/get_company_name,finance,1,1,0.0,2,0.75,0.85,3.499995917081833,0.741496500004083,True,True,20260809,20
crag_task_1_and_2_dev_v5_q_e9282f729e8ae077,crag_task_1_and_2_dev_v5_q_e9282f729e8ae077,validation,finance,comparison,fast-changing,greedy_regression_aware_search,greedy_regression_aware_search,/finance/get_company_name,finance,1,1,0.0,2,0.75,0.95,3.5250652581453323,0.7404964749347419,True,True,20260809,20
crag_task_1_and_2_dev_v5_q_eb2e66f75d25c5b6,crag_task_1_and_2_dev_v5_q_eb2e66f75d25c5b6,validation,finance,comparison,fast-changing,top_k_low,top_k_low,/finance/get_company_name,finance,1,1,0.0,10,0.75,0.85,3.579827956855297,0.7414964201720432,True,True,20260809,21
crag_task_1_and_2_dev_v5_q_eb2e66f75d25c5b6,crag_task_1_and_2_dev_v5_q_eb2e66f75d25c5b6,validation,finance,comparison,fast-changing,greedy_regression_aware_search,greedy_regression_aware_search,/finance/get_company_name,finance,1,1,0.0,10,0.75,0.95,3.4439601004123688,0.7404965560398996,True,True,20260809,21
crag_task_1_and_2_dev_v5_q_109b6387e0bc7943,crag_task_1_and_2_dev_v5_q_109b6387e0bc7943,validation,finance,false_premise,static,top_k_low,top_k_low,/finance/get_company_name,finance,1,1,0.0,10,0.75,0.85,3.5893935710191727,0.741496410606429,True,True,20260809,22
crag_task_1_and_2_dev_v5_q_109b6387e0bc7943,crag_task_1_and_2_dev_v5_q_109b6387e0bc7943,validation,finance,false_premise,static,greedy_regression_aware_search,greedy_regression_aware_search,/finance/get_company_name,finance,1,1,0.0,10,0.75,0.95,3.589233383536339,0.7404964107666165,True,True,20260809,22
crag_task_1_and_2_dev_v5_q_28a3ea7f6f27983d,crag_task_1_and_2_dev_v5_q_28a3ea7f6f27983d,validation,finance,false_premise,fast-changing,top_k_low,top_k_low,/finance/get_company_name,finance,1,1,0.0,10,0.75,0.85,3.593459725379944,0.7414964065402747,True,True,20260809,23
crag_task_1_and_2_dev_v5_q_28a3ea7f6f27983d,crag_task_1_and_2_dev_v5_q_28a3ea7f6f27983d,validation,finance,false_premise,fast-changing,greedy_regression_aware_search,greedy_regression_aware_search,/finance/get_company_name,finance,1,1,0.0,10,0.75,0.95,3.556431271135807,0.7404964435687289,True,True,20260809,23
crag_task_1_and_2_dev_v5_q_38196be8ab896c01,crag_task_1_and_2_dev_v5_q_38196be8ab896c01,validation,finance,false_premise,fast-changing,top_k_low,top_k_low,/finance/get_company_name,finance,1,1,0.0,10,0.75,0.85,3.4844521433115005,0.7414965155478568,True,True,20260809,24
crag_task_1_and_2_dev_v5_q_38196be8ab896c01,crag_task_1_and_2_dev_v5_q_38196be8ab896c01,validation,finance,false_premise,fast-changing,greedy_regression_aware_search,greedy_regression_aware_search,/finance/get_company_name,finance,1,1,0.0,10,0.75,0.95,3.4303199499845505,0.7404965696800501,True,True,20260809,24
crag_task_1_and_2_dev_v5_q_38d1f46ed473efb4,crag_task_1_and_2_dev_v5_q_38d1f46ed473efb4,validation,finance,false_premise,slow-changing,top_k_low,top_k_low,/finance/get_company_name,finance,1,1,0.0,4,0.75,0.85,2.833817154169082,0.7414971661828459,True,True,20260809,25
crag_task_1_and_2_dev_v5_q_38d1f46ed473efb4,crag_task_1_and_2_dev_v5_q_38d1f46ed473efb4,validation,finance,false_premise,slow-changing,greedy_regression_aware_search,greedy_regression_aware_search,/finance/get_company_name,finance,1,1,0.0,4,0.75,0.95,2.894449047744274,0.7404971055509523,True,True,20260809,25
crag_task_1_and_2_dev_v5_q_7a1f0932f26741c7,crag_task_1_and_2_dev_v5_q_7a1f0932f26741c7,validation,finance,false_premise,static,top_k_low,top_k_low,/finance/get_company_name,finance,1,1,0.0,10,0.75,0.85,3.57841607183218,0.7414964215839283,True,True,20260809,26
crag_task_1_and_2_dev_v5_q_7a1f0932f26741c7,crag_task_1_and_2_dev_v5_q_7a1f0932f26741c7,validation,finance,false_premise,static,greedy_regression_aware_search,greedy_regression_aware_search,/finance/get_company_name,finance,1,1,0.0,10,0.75,0.95,3.5517849028110504,0.7404964482150972,True,True,20260809,26
crag_task_1_and_2_dev_v5_q_7c5379339ba0554a,crag_task_1_and_2_dev_v5_q_7c5379339ba0554a,validation,finance,false_premise,slow-changing,top_k_low,top_k_low,/finance/get_company_name,finance,1,1,0.0,9,0.75,0.85,2.7922233566641808,0.7414972077766434,True,True,20260809,27
crag_task_1_and_2_dev_v5_q_7c5379339ba0554a,crag_task_1_and_2_dev_v5_q_7c5379339ba0554a,validation,finance,false_premise,slow-changing,greedy_regression_aware_search,greedy_regression_aware_search,/finance/get_company_name,finance,1,1,0.0,9,0.75,0.95,2.8146877884864807,0.7404971853122115,True,True,20260809,27
crag_task_1_and_2_dev_v5_q_8e6ad945d17df4cd,crag_task_1_and_2_dev_v5_q_8e6ad945d17df4cd,validation,finance,false_premise,static,top_k_low,top_k_low,/finance/get_company_name,finance,1,1,0.0,10,0.75,0.85,3.441145643591881,0.7414965588543565,True,True,20260809,28
crag_task_1_and_2_dev_v5_q_8e6ad945d17df4cd,crag_task_1_and_2_dev_v5_q_8e6ad945d17df4cd,validation,finance,false_premise,static,greedy_regression_aware_search,greedy_regression_aware_search,/finance/get_company_name,finance,1,1,0.0,10,0.75,0.95,3.461777232587337,0.7404965382227675,True,True,20260809,28
crag_task_1_and_2_dev_v5_q_8e70bb710b65da6f,crag_task_1_and_2_dev_v5_q_8e70bb710b65da6f,validation,finance,false_premise,slow-changing,top_k_low,top_k_low,/finance/get_company_name,finance,1,1,0.0,10,0.75,0.85,3.586187958717346,0.7414964138120413,True,True,20260809,29
crag_task_1_and_2_dev_v5_q_8e70bb710b65da6f,crag_task_1_and_2_dev_v5_q_8e70bb710b65da6f,validation,finance,false_premise,slow-changing,greedy_regression_aware_search,greedy_regression_aware_search,/finance/get_company_name,finance,1,1,0.0,10,0.75,0.95,3.407084383070469,0.740496592915617,True,True,20260809,29
crag_task_1_and_2_dev_v5_q_95a8992c6e598e4e,crag_task_1_and_2_dev_v5_q_95a8992c6e598e4e,validation,finance,false_premise,static,top_k_low,top_k_low,/finance/get_company_name,finance,1,1,0.0,10,0.75,0.85,3.4946175292134285,0.7414965053824708,True,True,20260809,30
crag_task_1_and_2_dev_v5_q_95a8992c6e598e4e,crag_task_1_and_2_dev_v5_q_95a8992c6e598e4e,validation,finance,false_premise,static,greedy_regression_aware_search,greedy_regression_aware_search,/finance/get_company_name,finance,1,1,0.0,10,0.75,0.95,3.406592644751072,0.7404965934073553,True,True,20260809,30
crag_task_1_and_2_dev_v5_q_996eb0cb386b70bb,crag_task_1_and_2_dev_v5_q_996eb0cb386b70bb,validation,finance,false_premise,slow-changing,top_k_low,top_k_low,/finance/get_company_name,finance,1,1,0.0,10,0.75,0.85,3.173626959323883,0.7414968263730407,True,True,20260809,31
crag_task_1_and_2_dev_v5_q_996eb0cb386b70bb,crag_task_1_and_2_dev_v5_q_996eb0cb386b70bb,validation,finance,false_premise,slow-changing,greedy_regression_aware_search,greedy_regression_aware_search,/finance/get_company_name,finance,1,1,0.0,10,0.75,0.95,3.1682681292295456,0.7404968317318709,True,True,20260809,31
crag_task_1_and_2_dev_v5_q_a8ddea2ae2e0dde2,crag_task_1_and_2_dev_v5_q_a8ddea2ae2e0dde2,validation,finance,false_premise,static,top_k_low,top_k_low,/finance/get_company_name,finance,1,1,0.0,10,0.75,0.85,3.733153454959393,0.7414962668465451,True,True,20260809,32
crag_task_1_and_2_dev_v5_q_a8ddea2ae2e0dde2,crag_task_1_and_2_dev_v5_q_a8ddea2ae2e0dde2,validation,finance,false_premise,static,greedy_regression_aware_search,greedy_regression_aware_search,/finance/get_company_name,finance,1,1,0.0,10,0.75,0.95,3.391801379621029,0.7404966081986204,True,True,20260809,32
crag_task_1_and_2_dev_v5_q_c4176dedeccf2a28,crag_task_1_and_2_dev_v5_q_c4176dedeccf2a28,validation,finance,false_premise,static,top_k_low,top_k_low,/finance/get_company_name,finance,1,1,0.0,10,0.75,0.85,3.5932091996073723,0.7414964067908004,True,True,20260809,33
crag_task_1_and_2_dev_v5_q_c4176dedeccf2a28,crag_task_1_and_2_dev_v5_q_c4176dedeccf2a28,validation,finance,false_premise,static,greedy_regression_aware_search,greedy_regression_aware_search,/finance/get_company_name,finance,1,1,0.0,10,0.75,0.95,3.430630080401897,0.7404965693699197,True,True,20260809,33
crag_task_1_and_2_dev_v5_q_c5376e805a562a7e,crag_task_1_and_2_dev_v5_q_c5376e805a562a7e,validation,finance,false_premise,static,top_k_low,top_k_low,/finance/get_company_name,finance,1,1,0.0,10,0.75,0.85,3.286168910562992,0.7414967138310895,True,True,20260809,34
crag_task_1_and_2_dev_v5_q_c5376e805a562a7e,crag_task_1_and_2_dev_v5_q_c5376e805a562a7e,validation,finance,false_premise,static,greedy_regression_aware_search,greedy_regression_aware_search,/finance/get_company_name,finance,1,1,0.0,10,0.75,0.95,3.3614542335271835,0.7404966385457665,True,True,20260809,34
crag_task_1_and_2_dev_v5_q_df1df374311cf53b,crag_task_1_and_2_dev_v5_q_df1df374311cf53b,validation,finance,false_premise,static,top_k_low,top_k_low,/finance/get_company_name,finance,1,1,0.0,10,0.75,0.85,3.499414771795273,0.7414965005852282,True,True,20260809,35
crag_task_1_and_2_dev_v5_q_df1df374311cf53b,crag_task_1_and_2_dev_v5_q_df1df374311cf53b,validation,finance,false_premise,static,greedy_regression_aware_search,greedy_regression_aware_search,/finance/get_company_name,finance,1,1,0.0,10,0.75,0.95,3.550303168594837,0.7404964496968315,True,True,20260809,35
crag_task_1_and_2_dev_v5_q_c763a74859097949,crag_task_1_and_2_dev_v5_q_c763a74859097949,validation,finance,multi-hop,fast-changing,top_k_low,top_k_low,/finance/get_company_name,finance,1,1,0.0,10,0.8181818181818182,0.85,3.547648899257183,0.8096782705329191,True,True,20260809,36
crag_task_1_and_2_dev_v5_q_c763a74859097949,crag_task_1_and_2_dev_v5_q_c763a74859097949,validation,finance,multi-hop,fast-changing,greedy_regression_aware_search,greedy_regression_aware_search,/finance/get_company_name,finance,1,1,0.0,10,0.8181818181818182,0.95,3.489951603114605,0.8086783282302151,True,True,20260809,36
crag_task_1_and_2_dev_v5_q_f435c1fb53b3ff4e,crag_task_1_and_2_dev_v5_q_f435c1fb53b3ff4e,validation,finance,multi-hop,slow-changing,top_k_low,top_k_low,/finance/get_company_name,finance,1,1,0.0,10,0.75,0.85,3.666330128908157,0.7414963336698711,True,True,20260809,37
crag_task_1_and_2_dev_v5_q_f435c1fb53b3ff4e,crag_task_1_and_2_dev_v5_q_f435c1fb53b3ff4e,validation,finance,multi-hop,slow-changing,greedy_regression_aware_search,greedy_regression_aware_search,/finance/get_company_name,finance,1,1,0.0,10,0.75,0.95,3.5734986886382103,0.7404964265013114,True,True,20260809,37
crag_task_1_and_2_dev_v5_q_11bc4cfdeae1585c,crag_task_1_and_2_dev_v5_q_11bc4cfdeae1585c,validation,finance,post-processing,static,top_k_low,top_k_low,/finance/get_company_name,finance,1,1,0.0,10,0.7857142857142857,0.85,3.661253489553928,0.7772106244607961,True,True,20260809,38
crag_task_1_and_2_dev_v5_q_11bc4cfdeae1585c,crag_task_1_and_2_dev_v5_q_11bc4cfdeae1585c,validation,finance,post-processing,static,greedy_regression_aware_search,greedy_regression_aware_search,/finance/get_company_name,finance,1,1,0.0,10,0.7857142857142857,0.95,3.5875998437404637,0.776210698114442,True,True,20260809,38
crag_task_1_and_2_dev_v5_q_63811a1eed4a6bc7,crag_task_1_and_2_dev_v5_q_63811a1eed4a6bc7,validation,finance,post-processing,static,top_k_low,top_k_low,/finance/get_company_name,finance,1,1,0.0,10,0.84375,0.85,3.61176673322916,0.8352463882332668,True,True,20260809,39
crag_task_1_and_2_dev_v5_q_63811a1eed4a6bc7,crag_task_1_and_2_dev_v5_q_63811a1eed4a6bc7,validation,finance,post-processing,static,greedy_regression_aware_search,greedy_regression_aware_search,/finance/get_company_name,finance,1,1,0.0,10,0.84375,0.95,3.608211874961853,0.8342463917881251,True,True,20260809,39
crag_task_1_and_2_dev_v5_q_a54f7f248d4b3412,crag_task_1_and_2_dev_v5_q_a54f7f248d4b3412,validation,finance,post-processing,static,top_k_low,top_k_low,/finance/get_company_name,finance,1,1,0.0,10,0.7916666666666666,0.85,3.6906078457832336,0.7831629760588209,True,True,20260809,40
crag_task_1_and_2_dev_v5_q_a54f7f248d4b3412,crag_task_1_and_2_dev_v5_q_a54f7f248d4b3412,validation,finance,post-processing,static,greedy_regression_aware_search,greedy_regression_aware_search,/finance/get_company_name,finance,1,1,0.0,10,0.7916666666666666,0.95,3.579096868634224,0.782163087569798,True,True,20260809,40
crag_task_1_and_2_dev_v5_q_fc3f75e71d9f2b37,crag_task_1_and_2_dev_v5_q_fc3f75e71d9f2b37,validation,finance,post-processing,static,top_k_low,top_k_low,/finance/get_company_name,finance,1,1,0.0,10,0.7794117647058824,0.85,3.5840636119246483,0.7709081806422705,True,True,20260809,41
crag_task_1_and_2_dev_v5_q_fc3f75e71d9f2b37,crag_task_1_and_2_dev_v5_q_fc3f75e71d9f2b37,validation,finance,post-processing,static,greedy_regression_aware_search,greedy_regression_aware_search,/finance/get_company_name,finance,1,1,0.0,10,0.7794117647058824,0.95,3.608011640608311,0.7699081566942418,True,True,20260809,41
crag_task_1_and_2_dev_v5_q_8c65e30d90d5cfac,crag_task_1_and_2_dev_v5_q_8c65e30d90d5cfac,validation,finance,set,real-time,top_k_low,top_k_low,/finance/get_company_name,finance,1,1,0.0,10,0.7954545454545454,0.85,3.626549616456032,0.786950918904929,True,True,20260809,42
crag_task_1_and_2_dev_v5_q_8c65e30d90d5cfac,crag_task_1_and_2_dev_v5_q_8c65e30d90d5cfac,validation,finance,set,real-time,greedy_regression_aware_search,greedy_regression_aware_search,/finance/get_company_name,finance,1,1,0.0,10,0.7954545454545454,0.95,3.560788929462433,0.785950984665616,True,True,20260809,42
crag_task_1_and_2_dev_v5_q_8e50315b5d8546a4,crag_task_1_and_2_dev_v5_q_8e50315b5d8546a4,validation,finance,set,slow-changing,top_k_low,top_k_low,/finance/get_company_name,finance,1,1,0.0,10,0.75,0.85,3.4863250330090523,0.741496513674967,True,True,20260809,43
crag_task_1_and_2_dev_v5_q_8e50315b5d8546a4,crag_task_1_and_2_dev_v5_q_8e50315b5d8546a4,validation,finance,set,slow-changing,greedy_regression_aware_search,greedy_regression_aware_search,/finance/get_company_name,finance,1,1,0.0,10,0.75,0.95,3.550312481820584,0.7404964496875183,True,True,20260809,43
crag_task_1_and_2_dev_v5_q_b37c8cd2f4fca813,crag_task_1_and_2_dev_v5_q_b37c8cd2f4fca813,validation,finance,set,slow-changing,top_k_low,top_k_low,/finance/get_company_name,finance,1,1,0.0,10,0.75,0.85,3.450389951467514,0.7414965496100486,True,True,20260809,44
crag_task_1_and_2_dev_v5_q_b37c8cd2f4fca813,crag_task_1_and_2_dev_v5_q_b37c8cd2f4fca813,validation,finance,set,slow-changing,greedy_regression_aware_search,greedy_regression_aware_search,/finance/get_company_name,finance,1,1,0.0,10,0.75,0.95,3.482409752905369,0.7404965175902471,True,True,20260809,44
crag_task_1_and_2_dev_v5_q_b79c47ab225e6113,crag_task_1_and_2_dev_v5_q_b79c47ab225e6113,validation,finance,set,slow-changing,top_k_low,top_k_low,/finance/get_company_name,finance,1,1,0.0,10,0.75,0.85,2.178453840315342,0.7414978215461597,True,True,20260809,45
crag_task_1_and_2_dev_v5_q_b79c47ab225e6113,crag_task_1_and_2_dev_v5_q_b79c47ab225e6113,validation,finance,set,slow-changing,greedy_regression_aware_search,greedy_regression_aware_search,/finance/get_company_name,finance,1,1,0.0,10,0.75,0.95,2.161717973649502,0.7404978382820264,True,True,20260809,45
crag_task_1_and_2_dev_v5_q_bbfbd65309f5c211,crag_task_1_and_2_dev_v5_q_bbfbd65309f5c211,validation,finance,set,slow-changing,top_k_low,top_k_low,/finance/get_company_name,finance,1,1,0.0,10,0.7708333333333334,0.85,3.575852140784264,0.7623297574811926,True,True,20260809,46
crag_task_1_and_2_dev_v5_q_bbfbd65309f5c211,crag_task_1_and_2_dev_v5_q_bbfbd65309f5c211,validation,finance,set,slow-changing,greedy_regression_aware_search,greedy_regression_aware_search,/finance/get_company_name,finance,1,1,0.0,10,0.7708333333333334,0.95,3.5619810223579407,0.7613297713523111,True,True,20260809,46
crag_task_1_and_2_dev_v5_q_cccf5369164c6b65,crag_task_1_and_2_dev_v5_q_cccf5369164c6b65,validation,finance,set,slow-changing,top_k_low,top_k_low,/finance/get_company_name,finance,1,1,0.0,10,0.75,0.85,2.899988554418087,0.7414971000114456,True,True,20260809,47
crag_task_1_and_2_dev_v5_q_cccf5369164c6b65,crag_task_1_and_2_dev_v5_q_cccf5369164c6b65,validation,finance,set,slow-changing,greedy_regression_aware_search,greedy_regression_aware_search,/finance/get_company_name,finance,1,1,0.0,10,0.75,0.95,2.8435615822672844,0.7404971564384177,True,True,20260809,47
crag_task_1_and_2_dev_v5_q_046bedb3315cdcc8,crag_task_1_and_2_dev_v5_q_046bedb3315cdcc8,validation,finance,simple,static,top_k_low,top_k_low,/finance/get_company_name,finance,1,1,0.0,4,0.75,0.85,1.8247421830892565,0.7414981752578169,True,True,20260809,48
crag_task_1_and_2_dev_v5_q_046bedb3315cdcc8,crag_task_1_and_2_dev_v5_q_046bedb3315cdcc8,validation,finance,simple,static,greedy_regression_aware_search,greedy_regression_aware_search,/finance/get_company_name,finance,1,1,0.0,4,0.75,0.95,1.813135109841824,0.7404981868648902,True,True,20260809,48
crag_task_1_and_2_dev_v5_q_07e3aca4f1e0c0e9,crag_task_1_and_2_dev_v5_q_07e3aca4f1e0c0e9,validation,finance,simple,fast-changing,top_k_low,top_k_low,/finance/get_company_name,finance,1,1,0.0,3,0.75,0.85,3.343856893479824,0.7414966561431066,True,True,20260809,49
crag_task_1_and_2_dev_v5_q_07e3aca4f1e0c0e9,crag_task_1_and_2_dev_v5_q_07e3aca4f1e0c0e9,validation,finance,simple,fast-changing,greedy_regression_aware_search,greedy_regression_aware_search,/finance/get_company_name,finance,1,1,0.0,3,0.75,0.95,3.4527936950325966,0.740496547206305,True,True,20260809,49
crag_task_1_and_2_dev_v5_q_0c25274ce8e12fe6,crag_task_1_and_2_dev_v5_q_0c25274ce8e12fe6,validation,finance,simple,real-time,top_k_low,top_k_low,/finance/get_company_name,finance,1,1,0.0,10,0.84375,0.85,3.0472129583358765,0.8352469527870418,True,True,20260809,50
crag_task_1_and_2_dev_v5_q_0c25274ce8e12fe6,crag_task_1_and_2_dev_v5_q_0c25274ce8e12fe6,validation,finance,simple,real-time,greedy_regression_aware_search,greedy_regression_aware_search,/finance/get_company_name,finance,1,1,0.0,10,0.84375,0.95,2.9526585713028908,0.8342470473414287,True,True,20260809,50
crag_task_1_and_2_dev_v5_q_1693af71febabeba,crag_task_1_and_2_dev_v5_q_1693af71febabeba,validation,finance,simple,real-time,top_k_low,top_k_low,/finance/get_company_name,finance,1,1,0.0,10,0.75,0.85,3.6085220053792,0.7414963914779946,True,True,20260809,51
crag_task_1_and_2_dev_v5_q_1693af71febabeba,crag_task_1_and_2_dev_v5_q_1693af71febabeba,validation,finance,simple,real-time,greedy_regression_aware_search,greedy_regression_aware_search,/finance/get_company_name,finance,1,1,0.0,10,0.75,0.95,3.5639433190226555,0.740496436056681,True,True,20260809,51
crag_task_1_and_2_dev_v5_q_1716b907f7bdc535,crag_task_1_and_2_dev_v5_q_1716b907f7bdc535,validation,finance,simple,real-time,top_k_low,top_k_low,/finance/get_company_name,finance,1,1,0.0,10,0.8333333333333334,0.85,3.579537384212017,0.8248297537959492,True,True,20260809,52
crag_task_1_and_2_dev_v5_q_1716b907f7bdc535,crag_task_1_and_2_dev_v5_q_1716b907f7bdc535,validation,finance,simple,real-time,greedy_regression_aware_search,greedy_regression_aware_search,/finance/get_company_name,finance,1,1,0.0,10,0.8333333333333334,0.95,3.519865684211254,0.8238298134676492,True,True,20260809,52
crag_task_1_and_2_dev_v5_q_21e6009be0777ebf,crag_task_1_and_2_dev_v5_q_21e6009be0777ebf,validation,finance,simple,static,top_k_low,top_k_low,/finance/get_company_name,finance,1,1,0.0,10,0.7794117647058824,0.85,1.811232417821884,0.7709099534734646,True,True,20260809,53
crag_task_1_and_2_dev_v5_q_21e6009be0777ebf,crag_task_1_and_2_dev_v5_q_21e6009be0777ebf,validation,finance,simple,static,greedy_regression_aware_search,greedy_regression_aware_search,/finance/get_company_name,finance,1,1,0.0,10,0.7794117647058824,0.95,1.80997047573328,0.7699099547354067,True,True,20260809,53
crag_task_1_and_2_dev_v5_q_340ef38ec6cead6c,crag_task_1_and_2_dev_v5_q_340ef38ec6cead6c,validation,finance,simple,real-time,top_k_low,top_k_low,/finance/get_company_name,finance,1,1,0.0,10,0.9166666666666666,0.85,3.619758412241936,0.9081630469082544,True,True,20260809,54
crag_task_1_and_2_dev_v5_q_340ef38ec6cead6c,crag_task_1_and_2_dev_v5_q_340ef38ec6cead6c,validation,finance,simple,real-time,greedy_regression_aware_search,greedy_regression_aware_search,/finance/get_company_name,finance,1,1,0.0,10,0.9166666666666666,0.95,3.618498332798481,0.907163048168334,True,True,20260809,54
crag_task_1_and_2_dev_v5_q_37a4d52075e716e7,crag_task_1_and_2_dev_v5_q_37a4d52075e716e7,validation,finance,simple,real-time,top_k_low,top_k_low,/finance/get_company_name,finance,1,1,0.0,8,0.78125,0.85,2.880577929317951,0.7727471194220707,True,True,20260809,55
crag_task_1_and_2_dev_v5_q_37a4d52075e716e7,crag_task_1_and_2_dev_v5_q_37a4d52075e716e7,validation,finance,simple,real-time,greedy_regression_aware_search,greedy_regression_aware_search,/finance/get_company_name,finance,1,1,0.0,8,0.78125,0.95,2.8813891112804413,0.7717471186108887,True,True,20260809,55
crag_task_1_and_2_dev_v5_q_39a10bbe3b1ab0fd,crag_task_1_and_2_dev_v5_q_39a10bbe3b1ab0fd,validation,finance,simple,real-time,top_k_low,top_k_low,/finance/get_company_name,finance,1,1,0.0,2,0.75,0.85,2.2445647045969963,0.7414977554352955,True,True,20260809,56
crag_task_1_and_2_dev_v5_q_39a10bbe3b1ab0fd,crag_task_1_and_2_dev_v5_q_39a10bbe3b1ab0fd,validation,finance,simple,real-time,greedy_regression_aware_search,greedy_regression_aware_search,/finance/get_company_name,finance,1,1,0.0,2,0.75,0.95,2.119303680956364,0.740497880696319,True,True,20260809,56
crag_task_1_and_2_dev_v5_q_401b8ec8d83cdb39,crag_task_1_and_2_dev_v5_q_401b8ec8d83cdb39,validation,finance,simple,slow-changing,top_k_low,top_k_low,/finance/get_company_name,finance,1,1,0.0,8,0.75,0.85,3.5693924874067307,0.7414964306075127,True,True,20260809,57
crag_task_1_and_2_dev_v5_q_401b8ec8d83cdb39,crag_task_1_and_2_dev_v5_q_401b8ec8d83cdb39,validation,finance,simple,slow-changing,greedy_regression_aware_search,greedy_regression_aware_search,/finance/get_company_name,finance,1,1,0.0,8,0.75,0.95,3.58553696423769,0.7404964144630358,True,True,20260809,57
crag_task_1_and_2_dev_v5_q_4137ef0417f4ac73,crag_task_1_and_2_dev_v5_q_4137ef0417f4ac73,validation,finance,simple,real-time,top_k_low,top_k_low,/finance/get_company_name,finance,1,1,0.0,4,0.8125,0.85,2.5017084553837776,0.8039974982915447,True,True,20260809,58
crag_task_1_and_2_dev_v5_q_4137ef0417f4ac73,crag_task_1_and_2_dev_v5_q_4137ef0417f4ac73,validation,finance,simple,real-time,greedy_regression_aware_search,greedy_regression_aware_search,/finance/get_company_name,finance,1,1,0.0,4,0.8125,0.95,2.4770917370915413,0.802997522908263,True,True,20260809,58
crag_task_1_and_2_dev_v5_q_536cf7cd8c3b601e,crag_task_1_and_2_dev_v5_q_536cf7cd8c3b601e,validation,finance,simple,real-time,top_k_low,top_k_low,/finance/get_company_name,finance,1,1,0.0,10,0.8,0.85,3.63087747246027,0.7914963691225276,True,True,20260809,59
crag_task_1_and_2_dev_v5_q_536cf7cd8c3b601e,crag_task_1_and_2_dev_v5_q_536cf7cd8c3b601e,validation,finance,simple,real-time,greedy_regression_aware_search,greedy_regression_aware_search,/finance/get_company_name,finance,1,1,0.0,10,0.8,0.95,3.5636043176054955,0.7904964363956825,True,True,20260809,59
crag_task_1_and_2_dev_v5_q_651557e5e141887c,crag_task_1_and_2_dev_v5_q_651557e5e141887c,validation,finance,simple,real-time,top_k_low,top_k_low,/finance/get_company_name,finance,1,1,0.0,10,0.8181818181818182,0.85,3.629214130342007,0.809678188967688,True,True,20260809,60
crag_task_1_and_2_dev_v5_q_651557e5e141887c,crag_task_1_and_2_dev_v5_q_651557e5e141887c,validation,finance,simple,real-time,greedy_regression_aware_search,greedy_regression_aware_search,/finance/get_company_name,finance,1,1,0.0,10,0.8181818181818182,0.95,3.627320751547813,0.8086781908610667,True,True,20260809,60
crag_task_1_and_2_dev_v5_q_861c4fe05c6bea3d,crag_task_1_and_2_dev_v5_q_861c4fe05c6bea3d,validation,finance,simple,fast-changing,top_k_low,top_k_low,/finance/get_company_name,finance,1,1,0.0,10,0.75,0.85,3.117040731012821,0.7414968829592691,True,True,20260809,61
crag_task_1_and_2_dev_v5_q_861c4fe05c6bea3d,crag_task_1_and_2_dev_v5_q_861c4fe05c6bea3d,validation,finance,simple,fast-changing,greedy_regression_aware_search,greedy_regression_aware_search,/finance/get_company_name,finance,1,1,0.0,10,0.75,0.95,3.216322511434555,0.7404967836774886,True,True,20260809,61
crag_task_1_and_2_dev_v5_q_8ecfc3a401a86c3a,crag_task_1_and_2_dev_v5_q_8ecfc3a401a86c3a,validation,finance,simple,fast-changing,top_k_low,top_k_low,/finance/get_company_name,finance,1,1,0.0,5,0.8928571428571429,0.85,2.451421692967415,0.88435469143545,True,True,20260809,62
crag_task_1_and_2_dev_v5_q_8ecfc3a401a86c3a,crag_task_1_and_2_dev_v5_q_8ecfc3a401a86c3a,validation,finance,simple,fast-changing,greedy_regression_aware_search,greedy_regression_aware_search,/finance/get_company_name,finance,1,1,0.0,5,0.8928571428571429,0.95,2.51250434666872,0.8833546303527963,True,True,20260809,62
crag_task_1_and_2_dev_v5_q_aed0c34161623c71,crag_task_1_and_2_dev_v5_q_aed0c34161623c71,validation,finance,simple,slow-changing,top_k_low,top_k_low,/finance/get_company_name,finance,1,1,0.0,10,0.861111111111111,0.85,3.2586269080638885,0.852607852484203,True,True,20260809,63
crag_task_1_and_2_dev_v5_q_aed0c34161623c71,crag_task_1_and_2_dev_v5_q_aed0c34161623c71,validation,finance,simple,slow-changing,greedy_regression_aware_search,greedy_regression_aware_search,/finance/get_company_name,finance,1,1,0.0,10,0.861111111111111,0.95,3.245667554438114,0.8516078654435567,True,True,20260809,63
crag_task_1_and_2_dev_v5_q_b3fa1726a70d8f25,crag_task_1_and_2_dev_v5_q_b3fa1726a70d8f25,validation,finance,simple,static,top_k_low,top_k_low,/finance/get_company_name,finance,1,1,0.0,10,0.7727272727272727,0.85,2.26631760597229,0.7642250064096667,True,True,20260809,64
crag_task_1_and_2_dev_v5_q_b3fa1726a70d8f25,crag_task_1_and_2_dev_v5_q_b3fa1726a70d8f25,validation,finance,simple,static,greedy_regression_aware_search,greedy_regression_aware_search,/finance/get_company_name,finance,1,1,0.0,10,0.7727272727272727,0.95,2.191753126680851,0.7632250809741461,True,True,20260809,64
crag_task_1_and_2_dev_v5_q_bd33ea37a5e0221f,crag_task_1_and_2_dev_v5_q_bd33ea37a5e0221f,validation,finance,simple,real-time,top_k_low,top_k_low,/finance/get_company_name,finance,1,1,0.0,10,0.861111111111111,0.85,3.585226833820343,0.8526075258842772,True,True,20260809,65
crag_task_1_and_2_dev_v5_q_bd33ea37a5e0221f,crag_task_1_and_2_dev_v5_q_bd33ea37a5e0221f,validation,finance,simple,real-time,greedy_regression_aware_search,greedy_regression_aware_search,/finance/get_company_name,finance,1,1,0.0,10,0.861111111111111,0.95,3.4730546176433563,0.8516076380564934,True,True,20260809,65
crag_task_1_and_2_dev_v5_q_c06e9c466a7f4a6b,crag_task_1_and_2_dev_v5_q_c06e9c466a7f4a6b,validation,finance,simple,real-time,top_k_low,top_k_low,/finance/get_company_name,finance,1,1,0.0,10,0.75,0.85,3.413352183997631,0.741496586647816,True,True,20260809,66
crag_task_1_and_2_dev_v5_q_c06e9c466a7f4a6b,crag_task_1_and_2_dev_v5_q_c06e9c466a7f4a6b,validation,finance,simple,real-time,greedy_regression_aware_search,greedy_regression_aware_search,/finance/get_company_name,finance,1,1,0.0,10,0.75,0.95,3.378399647772312,0.7404966216003522,True,True,20260809,66
crag_task_1_and_2_dev_v5_q_d272084e5be686f4,crag_task_1_and_2_dev_v5_q_d272084e5be686f4,validation,finance,simple,real-time,top_k_low,top_k_low,/finance/get_company_name,finance,1,1,0.0,10,0.8125,0.85,3.311818465590477,0.8039966881815345,True,True,20260809,67
crag_task_1_and_2_dev_v5_q_d272084e5be686f4,crag_task_1_and_2_dev_v5_q_d272084e5be686f4,validation,finance,simple,real-time,greedy_regression_aware_search,greedy_regression_aware_search,/finance/get_company_name,finance,1,1,0.0,10,0.8125,0.95,3.3079618588089943,0.8029966920381413,True,True,20260809,67
crag_task_1_and_2_dev_v5_q_d5179abba1244168,crag_task_1_and_2_dev_v5_q_d5179abba1244168,validation,finance,simple,real-time,top_k_low,top_k_low,/finance/get_company_name,finance,1,1,0.0,10,0.75,0.85,3.4540053457021718,0.7414965459946543,True,True,20260809,68
crag_task_1_and_2_dev_v5_q_d5179abba1244168,crag_task_1_and_2_dev_v5_q_d5179abba1244168,validation,finance,simple,real-time,greedy_regression_aware_search,greedy_regression_aware_search,/finance/get_company_name,finance,1,1,0.0,10,0.75,0.95,3.535791300237179,0.7404964642086999,True,True,20260809,68
crag_task_1_and_2_dev_v5_q_da1bae529e78236a,crag_task_1_and_2_dev_v5_q_da1bae529e78236a,validation,finance,simple,real-time,top_k_low,top_k_low,/finance/get_company_name,finance,1,1,0.0,10,0.75,0.85,2.922152169048786,0.741497077847831,True,True,20260809,69
crag_task_1_and_2_dev_v5_q_da1bae529e78236a,crag_task_1_and_2_dev_v5_q_da1bae529e78236a,validation,finance,simple,real-time,greedy_regression_aware_search,greedy_regression_aware_search,/finance/get_company_name,finance,1,1,0.0,10,0.75,0.95,2.9458273202180862,0.7404970541726799,True,True,20260809,69
crag_task_1_and_2_dev_v5_q_e5f20569da0ade44,crag_task_1_and_2_dev_v5_q_e5f20569da0ade44,validation,finance,simple,real-time,top_k_low,top_k_low,/finance/get_company_name,finance,1,1,0.0,10,0.8055555555555556,0.85,3.0123405158519745,0.7970525432150398,True,True,20260809,70
crag_task_1_and_2_dev_v5_q_e5f20569da0ade44,crag_task_1_and_2_dev_v5_q_e5f20569da0ade44,validation,finance,simple,real-time,greedy_regression_aware_search,greedy_regression_aware_search,/finance/get_company_name,finance,1,1,0.0,10,0.8055555555555556,0.95,2.80963908880949,0.7960527459164668,True,True,20260809,70
crag_task_1_and_2_dev_v5_q_ea7342a3a76eca22,crag_task_1_and_2_dev_v5_q_ea7342a3a76eca22,validation,finance,simple,real-time,top_k_low,top_k_low,/finance/get_company_name,finance,1,1,0.0,10,0.75,0.85,3.638789057731629,0.7414963612109423,True,True,20260809,71
crag_task_1_and_2_dev_v5_q_ea7342a3a76eca22,crag_task_1_and_2_dev_v5_q_ea7342a3a76eca22,validation,finance,simple,real-time,greedy_regression_aware_search,greedy_regression_aware_search,/finance/get_company_name,finance,1,1,0.0,10,0.75,0.95,3.673512488603592,0.7404963264875114,True,True,20260809,71
crag_task_1_and_2_dev_v5_q_f4af9a1d700aa572,crag_task_1_and_2_dev_v5_q_f4af9a1d700aa572,validation,finance,simple,real-time,top_k_low,top_k_low,/finance/get_company_name,finance,1,1,0.0,10,0.7954545454545454,0.85,3.6330893635749817,0.7869509123651819,True,True,20260809,72
crag_task_1_and_2_dev_v5_q_f4af9a1d700aa572,crag_task_1_and_2_dev_v5_q_f4af9a1d700aa572,validation,finance,simple,real-time,greedy_regression_aware_search,greedy_regression_aware_search,/finance/get_company_name,finance,1,1,0.0,10,0.7954545454545454,0.95,3.5465778782963757,0.7859509988766672,True,True,20260809,72
crag_task_1_and_2_dev_v5_q_f74de326512ec811,crag_task_1_and_2_dev_v5_q_f74de326512ec811,validation,finance,simple,real-time,top_k_low,top_k_low,/finance/get_company_name,finance,1,1,0.0,10,0.75,0.85,3.545746207237244,0.7414964542537928,True,True,20260809,73
crag_task_1_and_2_dev_v5_q_f74de326512ec811,crag_task_1_and_2_dev_v5_q_f74de326512ec811,validation,finance,simple,real-time,greedy_regression_aware_search,greedy_regression_aware_search,/finance/get_company_name,finance,1,1,0.0,10,0.75,0.95,3.497372381389141,0.7404965026276187,True,True,20260809,73
crag_task_1_and_2_dev_v5_q_fe7650d1c53ab00c,crag_task_1_and_2_dev_v5_q_fe7650d1c53ab00c,validation,finance,simple,slow-changing,top_k_low,top_k_low,/finance/get_company_name,finance,1,1,0.0,10,0.7954545454545454,0.85,3.354594111442566,0.786951190860434,True,True,20260809,74
crag_task_1_and_2_dev_v5_q_fe7650d1c53ab00c,crag_task_1_and_2_dev_v5_q_fe7650d1c53ab00c,validation,finance,simple,slow-changing,greedy_regression_aware_search,greedy_regression_aware_search,/finance/get_company_name,finance,1,1,0.0,10,0.7954545454545454,0.95,3.3767176792025566,0.7859511687368662,True,True,20260809,74
crag_task_1_and_2_dev_v5_q_303d8775a822c7cc,crag_task_1_and_2_dev_v5_q_303d8775a822c7cc,validation,finance,simple_w_condition,static,top_k_low,top_k_low,/finance/get_company_name,finance,1,1,0.0,10,0.9,0.85,3.570733591914177,0.8914964292664082,True,True,20260809,75
crag_task_1_and_2_dev_v5_q_303d8775a822c7cc,crag_task_1_and_2_dev_v5_q_303d8775a822c7cc,validation,finance,simple_w_condition,static,greedy_regression_aware_search,greedy_regression_aware_search,/finance/get_company_name,finance,1,1,0.0,10,0.9,0.95,3.448967821896076,0.8904965510321782,True,True,20260809,75
crag_task_1_and_2_dev_v5_q_58d4522e67f887c9,crag_task_1_and_2_dev_v5_q_58d4522e67f887c9,validation,finance,simple_w_condition,fast-changing,top_k_low,top_k_low,/finance/get_company_name,finance,1,1,0.0,10,0.75,0.85,3.2678013667464256,0.7414967321986333,True,True,20260809,76
crag_task_1_and_2_dev_v5_q_58d4522e67f887c9,crag_task_1_and_2_dev_v5_q_58d4522e67f887c9,validation,finance,simple_w_condition,fast-changing,greedy_regression_aware_search,greedy_regression_aware_search,/finance/get_company_name,finance,1,1,0.0,10,0.75,0.95,3.231505863368511,0.7404967684941367,True,True,20260809,76
crag_task_1_and_2_dev_v5_q_5e8f52538d236eea,crag_task_1_and_2_dev_v5_q_5e8f52538d236eea,validation,finance,simple_w_condition,static,top_k_low,top_k_low,/finance/get_company_name,finance,1,1,0.0,10,0.8333333333333334,0.85,3.7468643859028816,0.8248295864689476,True,True,20260809,77
crag_task_1_and_2_dev_v5_q_5e8f52538d236eea,crag_task_1_and_2_dev_v5_q_5e8f52538d236eea,validation,finance,simple_w_condition,static,greedy_regression_aware_search,greedy_regression_aware_search,/finance/get_company_name,finance,1,1,0.0,10,0.8333333333333334,0.95,3.7206830456852913,0.8238296126502878,True,True,20260809,77
crag_task_1_and_2_dev_v5_q_5f79e6a413f942cd,crag_task_1_and_2_dev_v5_q_5f79e6a413f942cd,validation,finance,simple_w_condition,static,top_k_low,top_k_low,/finance/get_company_name,finance,1,1,0.0,10,0.8214285714285714,0.85,3.649504855275154,0.8129249219237161,True,True,20260809,78
crag_task_1_and_2_dev_v5_q_5f79e6a413f942cd,crag_task_1_and_2_dev_v5_q_5f79e6a413f942cd,validation,finance,simple_w_condition,static,greedy_regression_aware_search,greedy_regression_aware_search,/finance/get_company_name,finance,1,1,0.0,10,0.8214285714285714,0.95,3.617925569415093,0.811924953503002,True,True,20260809,78
crag_task_1_and_2_dev_v5_q_6a2a2df211fcfcd7,crag_task_1_and_2_dev_v5_q_6a2a2df211fcfcd7,validation,finance,simple_w_condition,static,top_k_low,top_k_low,/finance/get_company_name,finance,1,1,0.0,10,0.8571428571428571,0.85,3.6335010081529617,0.848639223641849,True,True,20260809,79
crag_task_1_and_2_dev_v5_q_6a2a2df211fcfcd7,crag_task_1_and_2_dev_v5_q_6a2a2df211fcfcd7,validation,finance,simple_w_condition,static,greedy_regression_aware_search,greedy_regression_aware_search,/finance/get_company_name,finance,1,1,0.0,10,0.8571428571428571,0.95,3.5617901012301445,0.847639295352756,True,True,20260809,79
crag_task_1_and_2_dev_v5_q_6e57919829d1ef34,crag_task_1_and_2_dev_v5_q_6e57919829d1ef34,validation,finance,simple_w_condition,fast-changing,top_k_low,top_k_low,/finance/get_company_name,finance,1,1,0.0,10,0.7692307692307693,0.85,3.216901794075966,0.7607275523289753,True,True,20260809,80
crag_task_1_and_2_dev_v5_q_6e57919829d1ef34,crag_task_1_and_2_dev_v5_q_6e57919829d1ef34,validation,finance,simple_w_condition,fast-changing,greedy_regression_aware_search,greedy_regression_aware_search,/finance/get_company_name,finance,1,1,0.0,10,0.7692307692307693,0.95,3.2853279262781143,0.7597274839028431,True,True,20260809,80
crag_task_1_and_2_dev_v5_q_7a232d7ba5a59f67,crag_task_1_and_2_dev_v5_q_7a232d7ba5a59f67,validation,finance,simple_w_condition,fast-changing,top_k_low,top_k_low,/finance/get_company_name,finance,1,1,0.0,10,0.875,0.85,2.992069348692894,0.8664970079306513,True,True,20260809,81
crag_task_1_and_2_dev_v5_q_7a232d7ba5a59f67,crag_task_1_and_2_dev_v5_q_7a232d7ba5a59f67,validation,finance,simple_w_condition,fast-changing,greedy_regression_aware_search,greedy_regression_aware_search,/finance/get_company_name,finance,1,1,0.0,10,0.875,0.95,2.87436880171299,0.8654971256311983,True,True,20260809,81
crag_task_1_and_2_dev_v5_q_a06858e3cabdd04b,crag_task_1_and_2_dev_v5_q_a06858e3cabdd04b,validation,finance,simple_w_condition,static,top_k_low,top_k_low,/finance/get_company_name,finance,1,1,0.0,10,0.8409090909090909,0.85,3.584534861147404,0.8324055063742298,True,True,20260809,82
crag_task_1_and_2_dev_v5_q_a06858e3cabdd04b,crag_task_1_and_2_dev_v5_q_a06858e3cabdd04b,validation,finance,simple_w_condition,static,greedy_regression_aware_search,greedy_regression_aware_search,/finance/get_company_name,finance,1,1,0.0,10,0.8409090909090909,0.95,3.5990681499242783,0.831405491840941,True,True,20260809,82
crag_task_1_and_2_dev_v5_q_a8d239d0b73530f0,crag_task_1_and_2_dev_v5_q_a8d239d0b73530f0,validation,finance,simple_w_condition,static,top_k_low,top_k_low,/finance/get_company_name,finance,1,1,0.0,10,0.8409090909090909,0.85,3.6180270835757256,0.8324054728820074,True,True,20260809,83
crag_task_1_and_2_dev_v5_q_a8d239d0b73530f0,crag_task_1_and_2_dev_v5_q_a8d239d0b73530f0,validation,finance,simple_w_condition,static,greedy_regression_aware_search,greedy_regression_aware_search,/finance/get_company_name,finance,1,1,0.0,10,0.8409090909090909,0.95,3.551134839653969,0.8314055397742514,True,True,20260809,83
crag_task_1_and_2_dev_v5_q_d9fc4edd9a429725,crag_task_1_and_2_dev_v5_q_d9fc4edd9a429725,validation,finance,simple_w_condition,static,top_k_low,top_k_low,/finance/get_company_name,finance,1,1,0.0,10,0.826923076923077,0.85,3.6373864859342575,0.8184194395365911,True,True,20260809,84
crag_task_1_and_2_dev_v5_q_d9fc4edd9a429725,crag_task_1_and_2_dev_v5_q_d9fc4edd9a429725,validation,finance,simple_w_condition,static,greedy_regression_aware_search,greedy_regression_aware_search,/finance/get_company_name,finance,1,1,0.0,10,0.826923076923077,0.95,3.7439800798892975,0.8174193329429972,True,True,20260809,84
crag_task_1_and_2_dev_v5_q_e9b19adfaff686c3,crag_task_1_and_2_dev_v5_q_e9b19adfaff686c3,validation,finance,simple_w_condition,static,top_k_low,top_k_low,/finance/get_company_name,finance,1,1,0.0,10,0.8636363636363636,0.85,3.5658851265907288,0.8551327977512371,True,True,20260809,85
crag_task_1_and_2_dev_v5_q_e9b19adfaff686c3,crag_task_1_and_2_dev_v5_q_e9b19adfaff686c3,validation,finance,simple_w_condition,static,greedy_regression_aware_search,greedy_regression_aware_search,/finance/get_company_name,finance,1,1,0.0,10,0.8636363636363636,0.95,3.555500879883766,0.8541328081354838,True,True,20260809,85
crag_task_1_and_2_dev_v5_q_ee7435e584b1957d,crag_task_1_and_2_dev_v5_q_ee7435e584b1957d,validation,finance,simple_w_condition,static,top_k_low,top_k_low,/finance/get_company_name,finance,1,1,0.0,10,0.8333333333333334,0.85,2.1903924643993378,0.824831142940869,True,True,20260809,86
crag_task_1_and_2_dev_v5_q_ee7435e584b1957d,crag_task_1_and_2_dev_v5_q_ee7435e584b1957d,validation,finance,simple_w_condition,static,greedy_regression_aware_search,greedy_regression_aware_search,/finance/get_company_name,finance,1,1,0.0,10,0.8333333333333334,0.95,2.2337492555379868,0.8238310995840779,True,True,20260809,86
crag_task_1_and_2_dev_v5_q_eef67f33311ed018,crag_task_1_and_2_dev_v5_q_eef67f33311ed018,validation,finance,simple_w_condition,static,top_k_low,top_k_low,/finance/get_company_name,finance,1,1,0.0,10,0.826923076923077,0.85,3.542471677064896,0.8184195344513999,True,True,20260809,87
crag_task_1_and_2_dev_v5_q_eef67f33311ed018,crag_task_1_and_2_dev_v5_q_eef67f33311ed018,validation,finance,simple_w_condition,static,greedy_regression_aware_search,greedy_regression_aware_search,/finance/get_company_name,finance,1,1,0.0,10,0.826923076923077,0.95,3.638547845184803,0.8174194383752319,True,True,20260809,87
crag_task_1_and_2_dev_v5_q_1a4ac713433ecd42,crag_task_1_and_2_dev_v5_q_1a4ac713433ecd42,validation,movie,aggregation,slow-changing,top_k_low,top_k_low,/movie/get_movie_info,movie,1,1,0.0,10,0.8541666666666666,0.85,38.35318237543106,0.8456283134842912,True,True,20260809,88
crag_task_1_and_2_dev_v5_q_1a4ac713433ecd42,crag_task_1_and_2_dev_v5_q_1a4ac713433ecd42,validation,movie,aggregation,slow-changing,greedy_regression_aware_search,greedy_regression_aware_search,/movie/get_movie_info,movie,1,1,0.0,10,0.8541666666666666,0.95,43.50872244685888,0.8446231579442198,True,True,20260809,88
crag_task_1_and_2_dev_v5_q_1f1af589ad3f3366,crag_task_1_and_2_dev_v5_q_1f1af589ad3f3366,validation,movie,aggregation,slow-changing,top_k_low,top_k_low,/movie/get_movie_info,movie,1,1,0.0,10,0.8214285714285714,0.85,24.94529448449612,0.812903626134087,True,True,20260809,89
crag_task_1_and_2_dev_v5_q_1f1af589ad3f3366,crag_task_1_and_2_dev_v5_q_1f1af589ad3f3366,validation,movie,aggregation,slow-changing,greedy_regression_aware_search,greedy_regression_aware_search,/movie/get_movie_info,movie,1,1,0.0,10,0.8214285714285714,0.95,30.45459557324648,0.8118981168329982,True,True,20260809,89
crag_task_1_and_2_dev_v5_q_4fbea177bf44eb66,crag_task_1_and_2_dev_v5_q_4fbea177bf44eb66,validation,movie,aggregation,slow-changing,top_k_low,top_k_low,/movie/get_movie_info,movie,1,1,0.0,10,0.9,0.85,24.28535372018814,0.8914757146462798,True,True,20260809,90
crag_task_1_and_2_dev_v5_q_4fbea177bf44eb66,crag_task_1_and_2_dev_v5_q_4fbea177bf44eb66,validation,movie,aggregation,slow-changing,greedy_regression_aware_search,greedy_regression_aware_search,/movie/get_movie_info,movie,1,1,0.0,10,0.9,0.95,28.738098219037056,0.890471261901781,True,True,20260809,90
crag_task_1_and_2_dev_v5_q_a4bf54622b3c0279,crag_task_1_and_2_dev_v5_q_a4bf54622b3c0279,validation,movie,aggregation,static,top_k_low,top_k_low,/movie/get_movie_info,movie,1,1,0.0,10,0.7916666666666666,0.85,39.43554777652025,0.7831272311188902,True,True,20260809,91
crag_task_1_and_2_dev_v5_q_a4bf54622b3c0279,crag_task_1_and_2_dev_v5_q_a4bf54622b3c0279,validation,movie,aggregation,static,greedy_regression_aware_search,greedy_regression_aware_search,/movie/get_movie_info,movie,1,1,0.0,10,0.7916666666666666,0.95,44.54939439892769,0.7821221172722678,True,True,20260809,91
crag_task_1_and_2_dev_v5_q_aeb3c3523758c6d8,crag_task_1_and_2_dev_v5_q_aeb3c3523758c6d8,validation,movie,aggregation,static,top_k_low,top_k_low,/movie/get_movie_info,movie,1,1,0.0,10,0.75,0.85,36.24444641172886,0.7414637555535883,True,True,20260809,92
crag_task_1_and_2_dev_v5_q_aeb3c3523758c6d8,crag_task_1_and_2_dev_v5_q_aeb3c3523758c6d8,validation,movie,aggregation,static,greedy_regression_aware_search,greedy_regression_aware_search,/movie/get_movie_info,movie,1,1,0.0,10,0.75,0.95,42.01041907072067,0.7404579895809293,True,True,20260809,92
crag_task_1_and_2_dev_v5_q_dee9cad995a24f8a,crag_task_1_and_2_dev_v5_q_dee9cad995a24f8a,validation,movie,aggregation,slow-changing,top_k_low,top_k_low,/movie/get_movie_info,movie,1,1,0.0,10,0.875,0.85,37.10552304983139,0.8664628944769502,True,True,20260809,93
crag_task_1_and_2_dev_v5_q_dee9cad995a24f8a,crag_task_1_and_2_dev_v5_q_dee9cad995a24f8a,validation,movie,aggregation,slow-changing,greedy_regression_aware_search,greedy_regression_aware_search,/movie/get_movie_info,movie,1,1,0.0,10,0.875,0.95,42.87566337734461,0.8654571243366227,True,True,20260809,93
crag_task_1_and_2_dev_v5_q_0138ee0df6bef367,crag_task_1_and_2_dev_v5_q_0138ee0df6bef367,validation,movie,comparison,static,top_k_low,top_k_low,/movie/get_movie_info,movie,1,1,0.0,10,0.75,0.85,39.78149779140949,0.7414602185022087,True,True,20260809,94
crag_task_1_and_2_dev_v5_q_0138ee0df6bef367,crag_task_1_and_2_dev_v5_q_0138ee0df6bef367,validation,movie,comparison,static,greedy_regression_aware_search,greedy_regression_aware_search,/movie/get_movie_info,movie,1,1,0.0,10,0.75,0.95,42.91471280157566,0.7404570852871984,True,True,20260809,94
crag_task_1_and_2_dev_v5_q_202c710e077ecdf3,crag_task_1_and_2_dev_v5_q_202c710e077ecdf3,validation,movie,comparison,static,top_k_low,top_k_low,/movie/get_movie_info,movie,1,1,0.0,10,0.75,0.85,36.364419385790825,0.7414636355806142,True,True,20260809,95
crag_task_1_and_2_dev_v5_q_202c710e077ecdf3,crag_task_1_and_2_dev_v5_q_202c710e077ecdf3,validation,movie,comparison,static,greedy_regression_aware_search,greedy_regression_aware_search,/movie/get_movie_info,movie,1,1,0.0,10,0.75,0.95,42.77113359421492,0.7404572288664059,True,True,20260809,95
crag_task_1_and_2_dev_v5_q_37023df8c9538a60,crag_task_1_and_2_dev_v5_q_37023df8c9538a60,validation,movie,comparison,slow-changing,top_k_low,top_k_low,/movie/get_movie_info,movie,1,1,0.0,10,0.875,0.85,38.03465515375137,0.8664619653448463,True,True,20260809,96
crag_task_1_and_2_dev_v5_q_37023df8c9538a60,crag_task_1_and_2_dev_v5_q_37023df8c9538a60,validation,movie,comparison,slow-changing,greedy_regression_aware_search,greedy_regression_aware_search,/movie/get_movie_info,movie,1,1,0.0,10,0.875,0.95,45.34295853227377,0.8654546570414677,True,True,20260809,96
crag_task_1_and_2_dev_v5_q_56389bd85388a245,crag_task_1_and_2_dev_v5_q_56389bd85388a245,validation,movie,comparison,static,top_k_low,top_k_low,/movie/get_movie_info,movie,1,1,0.0,10,0.7794117647058824,0.85,43.89763809740544,0.770867867067785,True,True,20260809,97
crag_task_1_and_2_dev_v5_q_56389bd85388a245,crag_task_1_and_2_dev_v5_q_56389bd85388a245,validation,movie,comparison,static,greedy_regression_aware_search,greedy_regression_aware_search,/movie/get_movie_info,movie,1,1,0.0,10,0.7794117647058824,0.95,49.348318949341774,0.7698624163869331,True,True,20260809,97
crag_task_1_and_2_dev_v5_q_60ca186c1c26ae30,crag_task_1_and_2_dev_v5_q_60ca186c1c26ae30,validation,movie,comparison,slow-changing,top_k_low,top_k_low,/movie/get_movie_info,movie,1,1,0.0,10,0.8125,0.85,41.02949798107147,0.8039589705020189,True,True,20260809,98
crag_task_1_and_2_dev_v5_q_60ca186c1c26ae30,crag_task_1_and_2_dev_v5_q_60ca186c1c26ae30,validation,movie,comparison,slow-changing,greedy_regression_aware_search,greedy_regression_aware_search,/movie/get_movie_info,movie,1,1,0.0,10,0.8125,0.95,47.60990757495165,0.8029523900924251,True,True,20260809,98
crag_task_1_and_2_dev_v5_q_73b15509127be1d0,crag_task_1_and_2_dev_v5_q_73b15509127be1d0,validation,movie,comparison,static,top_k_low,top_k_low,/movie/get_movie_info,movie,1,1,0.0,10,0.7833333333333333,0.85,43.89359056949616,0.7747894397427639,True,True,20260809,99
crag_task_1_and_2_dev_v5_q_73b15509127be1d0,crag_task_1_and_2_dev_v5_q_73b15509127be1d0,validation,movie,comparison,static,greedy_regression_aware_search,greedy_regression_aware_search,/movie/get_movie_info,movie,1,1,0.0,10,0.7833333333333333,0.95,49.857246689498425,0.7737834760866439,True,True,20260809,99
crag_task_1_and_2_dev_v5_q_9e5dff95c1837755,crag_task_1_and_2_dev_v5_q_9e5dff95c1837755,validation,movie,comparison,static,top_k_low,top_k_low,/movie/get_movie_info,movie,1,1,0.0,10,0.7763157894736842,0.85,44.1884221509099,0.7677716010515333,True,True,20260809,100
crag_task_1_and_2_dev_v5_q_9e5dff95c1837755,crag_task_1_and_2_dev_v5_q_9e5dff95c1837755,validation,movie,comparison,static,greedy_regression_aware_search,greedy_regression_aware_search,/movie/get_movie_info,movie,1,1,0.0,10,0.7763157894736842,0.95,49.27987325936556,0.7667665096004249,True,True,20260809,100
crag_task_1_and_2_dev_v5_q_a3ba7230554b2b0f,crag_task_1_and_2_dev_v5_q_a3ba7230554b2b0f,validation,movie,comparison,static,top_k_low,top_k_low,/movie/get_movie_info,movie,1,1,0.0,10,0.75,0.85,40.65253119915724,0.7414593474688009,True,True,20260809,101
crag_task_1_and_2_dev_v5_q_a3ba7230554b2b0f,crag_task_1_and_2_dev_v5_q_a3ba7230554b2b0f,validation,movie,comparison,static,greedy_regression_aware_search,greedy_regression_aware_search,/movie/get_movie_info,movie,1,1,0.0,10,0.75,0.95,47.99347463995218,0.7404520065253601,True,True,20260809,101
crag_task_1_and_2_dev_v5_q_c6b586d0f791239a,crag_task_1_and_2_dev_v5_q_c6b586d0f791239a,validation,movie,comparison,static,top_k_low,top_k_low,/movie/get_movie_info,movie,1,1,0.0,10,0.75,0.85,39.079574868083,0.741460920425132,True,True,20260809,102
crag_task_1_and_2_dev_v5_q_c6b586d0f791239a,crag_task_1_and_2_dev_v5_q_c6b586d0f791239a,validation,movie,comparison,static,greedy_regression_aware_search,greedy_regression_aware_search,/movie/get_movie_info,movie,1,1,0.0,10,0.75,0.95,45.57720758020878,0.7404544227924198,True,True,20260809,102
crag_task_1_and_2_dev_v5_q_ca399521abd365bf,crag_task_1_and_2_dev_v5_q_ca399521abd365bf,validation,movie,comparison,static,top_k_low,top_k_low,/movie/get_movie_info,movie,1,1,0.0,10,0.75,0.85,40.07163178175688,0.7414599283682183,True,True,20260809,103
crag_task_1_and_2_dev_v5_q_ca399521abd365bf,crag_task_1_and_2_dev_v5_q_ca399521abd365bf,validation,movie,comparison,static,greedy_regression_aware_search,greedy_regression_aware_search,/movie/get_movie_info,movie,1,1,0.0,10,0.75,0.95,47.6369196549058,0.7404523630803451,True,True,20260809,103
crag_task_1_and_2_dev_v5_q_ee1c9888e6d19faf,crag_task_1_and_2_dev_v5_q_ee1c9888e6d19faf,validation,movie,comparison,slow-changing,top_k_low,top_k_low,/movie/get_movie_info,movie,1,1,0.0,10,0.75,0.85,43.250626884400845,0.7414567493731157,True,True,20260809,104
crag_task_1_and_2_dev_v5_q_ee1c9888e6d19faf,crag_task_1_and_2_dev_v5_q_ee1c9888e6d19faf,validation,movie,comparison,slow-changing,greedy_regression_aware_search,greedy_regression_aware_search,/movie/get_movie_info,movie,1,1,0.0,10,0.75,0.95,47.52041213214397,0.7404524795878679,True,True,20260809,104
crag_task_1_and_2_dev_v5_q_fd0035e2b2d4786f,crag_task_1_and_2_dev_v5_q_fd0035e2b2d4786f,validation,movie,comparison,static,top_k_low,top_k_low,/movie/get_movie_info,movie,1,1,0.0,10,0.825,0.85,39.947411976754665,0.8164600525880232,True,True,20260809,105
crag_task_1_and_2_dev_v5_q_fd0035e2b2d4786f,crag_task_1_and_2_dev_v5_q_fd0035e2b2d4786f,validation,movie,comparison,static,greedy_regression_aware_search,greedy_regression_aware_search,/movie/get_movie_info,movie,1,1,0.0,10,0.825,0.95,46.37307580560446,0.8154536269241944,True,True,20260809,105
crag_task_1_and_2_dev_v5_q_0cb08f9fd2c6a811,crag_task_1_and_2_dev_v5_q_0cb08f9fd2c6a811,validation,movie,false_premise,static,top_k_low,top_k_low,/movie/get_movie_info,movie,1,1,0.0,10,0.75,0.85,40.04377033561468,0.7414599562296644,True,True,20260809,106
crag_task_1_and_2_dev_v5_q_0cb08f9fd2c6a811,crag_task_1_and_2_dev_v5_q_0cb08f9fd2c6a811,validation,movie,false_premise,static,greedy_regression_aware_search,greedy_regression_aware_search,/movie/get_movie_info,movie,1,1,0.0,10,0.75,0.95,45.85637524724007,0.7404541436247528,True,True,20260809,106
crag_task_1_and_2_dev_v5_q_16363235c9a1522f,crag_task_1_and_2_dev_v5_q_16363235c9a1522f,validation,movie,false_premise,static,top_k_low,top_k_low,/movie/get_movie_info,movie,1,1,0.0,10,0.75,0.85,40.13242572546005,0.7414598675742746,True,True,20260809,107
crag_task_1_and_2_dev_v5_q_16363235c9a1522f,crag_task_1_and_2_dev_v5_q_16363235c9a1522f,validation,movie,false_premise,static,greedy_regression_aware_search,greedy_regression_aware_search,/movie/get_movie_info,movie,1,1,0.0,10,0.75,0.95,45.82887329161167,0.7404541711267084,True,True,20260809,107
crag_task_1_and_2_dev_v5_q_2399b075a9d73419,crag_task_1_and_2_dev_v5_q_2399b075a9d73419,validation,movie,false_premise,static,top_k_low,top_k_low,/movie/get_movie_info,movie,1,1,0.0,10,0.75,0.85,36.45773138850927,0.7414635422686116,True,True,20260809,108
crag_task_1_and_2_dev_v5_q_2399b075a9d73419,crag_task_1_and_2_dev_v5_q_2399b075a9d73419,validation,movie,false_premise,static,greedy_regression_aware_search,greedy_regression_aware_search,/movie/get_movie_info,movie,1,1,0.0,10,0.75,0.95,44.3390728905797,0.7404556609271095,True,True,20260809,108
crag_task_1_and_2_dev_v5_q_8f4509623909bbda,crag_task_1_and_2_dev_v5_q_8f4509623909bbda,validation,movie,false_premise,static,top_k_low,top_k_low,/movie/get_movie_info,movie,1,1,0.0,10,0.75,0.85,40.02323746681213,0.7414599767625333,True,True,20260809,109
crag_task_1_and_2_dev_v5_q_8f4509623909bbda,crag_task_1_and_2_dev_v5_q_8f4509623909bbda,validation,movie,false_premise,static,greedy_regression_aware_search,greedy_regression_aware_search,/movie/get_movie_info,movie,1,1,0.0,10,0.75,0.95,46.3422778993845,0.7404536577221007,True,True,20260809,109
crag_task_1_and_2_dev_v5_q_918e862a65223083,crag_task_1_and_2_dev_v5_q_918e862a65223083,validation,movie,false_premise,static,top_k_low,top_k_low,/movie/get_movie_info,movie,1,1,0.0,10,0.75,0.85,35.31863819807768,0.741464681361802,True,True,20260809,110
crag_task_1_and_2_dev_v5_q_918e862a65223083,crag_task_1_and_2_dev_v5_q_918e862a65223083,validation,movie,false_premise,static,greedy_regression_aware_search,greedy_regression_aware_search,/movie/get_movie_info,movie,1,1,0.0,10,0.75,0.95,40.878547355532646,0.7404591214526445,True,True,20260809,110
crag_task_1_and_2_dev_v5_q_d3800d0d9cf8823f,crag_task_1_and_2_dev_v5_q_d3800d0d9cf8823f,validation,movie,false_premise,static,top_k_low,top_k_low,/movie/get_movie_info,movie,1,1,0.0,10,0.75,0.85,28.01524195820093,0.7414719847580419,True,True,20260809,111
crag_task_1_and_2_dev_v5_q_d3800d0d9cf8823f,crag_task_1_and_2_dev_v5_q_d3800d0d9cf8823f,validation,movie,false_premise,static,greedy_regression_aware_search,greedy_regression_aware_search,/movie/get_movie_info,movie,1,1,0.0,10,0.75,0.95,33.709365874528885,0.7404662906341255,True,True,20260809,111
crag_task_1_and_2_dev_v5_q_f72eda042b44d27b,crag_task_1_and_2_dev_v5_q_f72eda042b44d27b,validation,movie,false_premise,static,top_k_low,top_k_low,/movie/get_movie_info,movie,1,1,0.0,10,0.75,0.85,30.58506455272436,0.7414694149354473,True,True,20260809,112
crag_task_1_and_2_dev_v5_q_f72eda042b44d27b,crag_task_1_and_2_dev_v5_q_f72eda042b44d27b,validation,movie,false_premise,static,greedy_regression_aware_search,greedy_regression_aware_search,/movie/get_movie_info,movie,1,1,0.0,10,0.75,0.95,36.56588681042194,0.7404634341131896,True,True,20260809,112
crag_task_1_and_2_dev_v5_q_0ffa073b4ae7d709,crag_task_1_and_2_dev_v5_q_0ffa073b4ae7d709,validation,movie,multi-hop,static,top_k_low,top_k_low,/movie/get_movie_info,movie,1,1,0.0,10,0.75,0.85,37.26639878004789,0.74146273360122,True,True,20260809,113
crag_task_1_and_2_dev_v5_q_0ffa073b4ae7d709,crag_task_1_and_2_dev_v5_q_0ffa073b4ae7d709,validation,movie,multi-hop,static,greedy_regression_aware_search,greedy_regression_aware_search,/movie/get_movie_info,movie,1,1,0.0,10,0.75,0.95,43.36029477417469,0.7404566397052259,True,True,20260809,113
crag_task_1_and_2_dev_v5_q_1ffb509e1966f7b4,crag_task_1_and_2_dev_v5_q_1ffb509e1966f7b4,validation,movie,multi-hop,static,top_k_low,top_k_low,/movie/get_movie_info,movie,1,1,0.0,10,0.875,0.85,43.56948472559452,0.8664564305152744,True,True,20260809,114
crag_task_1_and_2_dev_v5_q_1ffb509e1966f7b4,crag_task_1_and_2_dev_v5_q_1ffb509e1966f7b4,validation,movie,multi-hop,static,greedy_regression_aware_search,greedy_regression_aware_search,/movie/get_movie_info,movie,1,1,0.0,10,0.875,0.95,51.47676542401314,0.865448523234576,True,True,20260809,114
crag_task_1_and_2_dev_v5_q_378914ec4a54e7a2,crag_task_1_and_2_dev_v5_q_378914ec4a54e7a2,validation,movie,multi-hop,slow-changing,top_k_low,top_k_low,/movie/get_movie_info,movie,1,1,0.0,10,0.75,0.85,37.74982877075672,0.7414622501712292,True,True,20260809,115
crag_task_1_and_2_dev_v5_q_378914ec4a54e7a2,crag_task_1_and_2_dev_v5_q_378914ec4a54e7a2,validation,movie,multi-hop,slow-changing,greedy_regression_aware_search,greedy_regression_aware_search,/movie/get_movie_info,movie,1,1,0.0,10,0.75,0.95,45.5290237441659,0.7404544709762558,True,True,20260809,115
crag_task_1_and_2_dev_v5_q_60210ac7aa07a1e2,crag_task_1_and_2_dev_v5_q_60210ac7aa07a1e2,validation,movie,multi-hop,static,top_k_low,top_k_low,/movie/get_movie_info,movie,1,1,0.0,10,0.8214285714285714,0.85,40.15038348734379,0.8128884210450841,True,True,20260809,116
crag_task_1_and_2_dev_v5_q_60210ac7aa07a1e2,crag_task_1_and_2_dev_v5_q_60210ac7aa07a1e2,validation,movie,multi-hop,static,greedy_regression_aware_search,greedy_regression_aware_search,/movie/get_movie_info,movie,1,1,0.0,10,0.8214285714285714,0.95,46.87712714076042,0.8118816943014306,True,True,20260809,116
crag_task_1_and_2_dev_v5_q_83eb730c6a985681,crag_task_1_and_2_dev_v5_q_83eb730c6a985681,validation,movie,multi-hop,slow-changing,top_k_low,top_k_low,/movie/get_movie_info,movie,1,1,0.0,10,0.75,0.85,41.24647006392479,0.7414587535299362,True,True,20260809,117
crag_task_1_and_2_dev_v5_q_83eb730c6a985681,crag_task_1_and_2_dev_v5_q_83eb730c6a985681,validation,movie,multi-hop,slow-changing,greedy_regression_aware_search,greedy_regression_aware_search,/movie/get_movie_info,movie,1,1,0.0,10,0.75,0.95,47.74615727365017,0.7404522538427264,True,True,20260809,117
crag_task_1_and_2_dev_v5_q_b6bf4a7e0a8a9745,crag_task_1_and_2_dev_v5_q_b6bf4a7e0a8a9745,validation,movie,multi-hop,static,top_k_low,top_k_low,/movie/get_movie_info,movie,1,1,0.0,10,0.7954545454545454,0.85,36.98552865535021,0.7869175599258901,True,True,20260809,118
crag_task_1_and_2_dev_v5_q_b6bf4a7e0a8a9745,crag_task_1_and_2_dev_v5_q_b6bf4a7e0a8a9745,validation,movie,multi-hop,static,greedy_regression_aware_search,greedy_regression_aware_search,/movie/get_movie_info,movie,1,1,0.0,10,0.7954545454545454,0.95,43.44330355525017,0.7859111021509902,True,True,20260809,118
crag_task_1_and_2_dev_v5_q_f7e3a2906d651de5,crag_task_1_and_2_dev_v5_q_f7e3a2906d651de5,validation,movie,multi-hop,static,top_k_low,top_k_low,/movie/get_movie_info,movie,1,1,0.0,10,0.8289473684210527,0.85,39.73519708961248,0.820407633223963,True,True,20260809,119
crag_task_1_and_2_dev_v5_q_f7e3a2906d651de5,crag_task_1_and_2_dev_v5_q_f7e3a2906d651de5,validation,movie,multi-hop,static,greedy_regression_aware_search,greedy_regression_aware_search,/movie/get_movie_info,movie,1,1,0.0,10,0.8289473684210527,0.95,47.46716003865004,0.819399901261014,True,True,20260809,119
crag_task_1_and_2_dev_v5_q_2f88de27104207be,crag_task_1_and_2_dev_v5_q_2f88de27104207be,validation,movie,set,static,top_k_low,top_k_low,/movie/get_movie_info,movie,1,1,0.0,10,0.875,0.85,35.89484002441168,0.8664641051599756,True,True,20260809,120
crag_task_1_and_2_dev_v5_q_2f88de27104207be,crag_task_1_and_2_dev_v5_q_2f88de27104207be,validation,movie,set,static,greedy_regression_aware_search,greedy_regression_aware_search,/movie/get_movie_info,movie,1,1,0.0,10,0.875,0.95,43.64971909672022,0.8654563502809033,True,True,20260809,120
crag_task_1_and_2_dev_v5_q_51bf76932999ea9b,crag_task_1_and_2_dev_v5_q_51bf76932999ea9b,validation,movie,set,slow-changing,top_k_low,top_k_low,/movie/get_movie_info,movie,1,1,0.0,10,0.7941176470588235,0.85,38.42616360634565,0.7855792208952171,True,True,20260809,121
crag_task_1_and_2_dev_v5_q_51bf76932999ea9b,crag_task_1_and_2_dev_v5_q_51bf76932999ea9b,validation,movie,set,slow-changing,greedy_regression_aware_search,greedy_regression_aware_search,/movie/get_movie_info,movie,1,1,0.0,10,0.7941176470588235,0.95,44.76119950413704,0.7845728858593194,True,True,20260809,121
crag_task_1_and_2_dev_v5_q_6120434b70d741f6,crag_task_1_and_2_dev_v5_q_6120434b70d741f6,validation,movie,set,slow-changing,top_k_low,top_k_low,/movie/get_movie_info,movie,1,1,0.0,10,0.8125,0.85,41.01832117885351,0.8039589816788212,True,True,20260809,122
crag_task_1_and_2_dev_v5_q_6120434b70d741f6,crag_task_1_and_2_dev_v5_q_6120434b70d741f6,validation,movie,set,slow-changing,greedy_regression_aware_search,greedy_regression_aware_search,/movie/get_movie_info,movie,1,1,0.0,10,0.8125,0.95,47.13600222021341,0.8029528639977799,True,True,20260809,122
crag_task_1_and_2_dev_v5_q_9875e6f3ba1da68a,crag_task_1_and_2_dev_v5_q_9875e6f3ba1da68a,validation,movie,set,static,top_k_low,top_k_low,/movie/get_movie_info,movie,1,1,0.0,10,0.8333333333333334,0.85,36.03952191770077,0.8247972938114158,True,True,20260809,123
crag_task_1_and_2_dev_v5_q_9875e6f3ba1da68a,crag_task_1_and_2_dev_v5_q_9875e6f3ba1da68a,validation,movie,set,static,greedy_regression_aware_search,greedy_regression_aware_search,/movie/get_movie_info,movie,1,1,0.0,10,0.8333333333333334,0.95,42.25348029285669,0.8237910798530406,True,True,20260809,123
crag_task_1_and_2_dev_v5_q_c997bfa13d14deb0,crag_task_1_and_2_dev_v5_q_c997bfa13d14deb0,validation,movie,set,slow-changing,top_k_low,top_k_low,/movie/get_movie_info,movie,1,1,0.0,10,0.8,0.85,37.909324280917645,0.7914620906757192,True,True,20260809,124
crag_task_1_and_2_dev_v5_q_c997bfa13d14deb0,crag_task_1_and_2_dev_v5_q_c997bfa13d14deb0,validation,movie,set,slow-changing,greedy_regression_aware_search,greedy_regression_aware_search,/movie/get_movie_info,movie,1,1,0.0,10,0.8,0.95,44.63046882301569,0.7904553695311771,True,True,20260809,124
crag_task_1_and_2_dev_v5_q_d2d80652f28b1edf,crag_task_1_and_2_dev_v5_q_d2d80652f28b1edf,validation,movie,set,fast-changing,top_k_low,top_k_low,/movie/get_movie_info,movie,1,1,0.0,10,0.78125,0.85,36.8410786613822,0.7727131589213386,True,True,20260809,125
crag_task_1_and_2_dev_v5_q_d2d80652f28b1edf,crag_task_1_and_2_dev_v5_q_d2d80652f28b1edf,validation,movie,set,fast-changing,greedy_regression_aware_search,greedy_regression_aware_search,/movie/get_movie_info,movie,1,1,0.0,10,0.78125,0.95,44.08068768680096,0.7717059193123132,True,True,20260809,125
crag_task_1_and_2_dev_v5_q_ef530fddbfe911a1,crag_task_1_and_2_dev_v5_q_ef530fddbfe911a1,validation,movie,set,static,top_k_low,top_k_low,/movie/get_movie_info,movie,1,1,0.0,10,1.0,0.85,23.854294791817665,0.9914761457052084,True,True,20260809,126
crag_task_1_and_2_dev_v5_q_ef530fddbfe911a1,crag_task_1_and_2_dev_v5_q_ef530fddbfe911a1,validation,movie,set,static,greedy_regression_aware_search,greedy_regression_aware_search,/movie/get_movie_info,movie,1,1,0.0,10,1.0,0.95,30.69988079369068,0.9904693001192064,True,True,20260809,126
crag_task_1_and_2_dev_v5_q_08b6a66fe329ed57,crag_task_1_and_2_dev_v5_q_08b6a66fe329ed57,validation,movie,simple,static,top_k_low,top_k_low,/movie/get_movie_info,movie,1,1,0.0,10,0.75,0.85,38.874912075698376,0.7414611250879244,True,True,20260809,127
crag_task_1_and_2_dev_v5_q_08b6a66fe329ed57,crag_task_1_and_2_dev_v5_q_08b6a66fe329ed57,validation,movie,simple,static,greedy_regression_aware_search,greedy_regression_aware_search,/movie/get_movie_info,movie,1,1,0.0,10,0.75,0.95,46.960183419287205,0.7404530398165807,True,True,20260809,127
crag_task_1_and_2_dev_v5_q_0b310a8adf48bab2,crag_task_1_and_2_dev_v5_q_0b310a8adf48bab2,validation,movie,simple,static,top_k_low,top_k_low,/movie/get_movie_info,movie,1,1,0.0,10,0.75,0.85,23.890248499810696,0.7414761097515002,True,True,20260809,128
crag_task_1_and_2_dev_v5_q_0b310a8adf48bab2,crag_task_1_and_2_dev_v5_q_0b310a8adf48bab2,validation,movie,simple,static,greedy_regression_aware_search,greedy_regression_aware_search,/movie/get_movie_info,movie,1,1,0.0,10,0.75,0.95,30.70654068142176,0.7404692934593187,True,True,20260809,128
crag_task_1_and_2_dev_v5_q_111aadd9672af9e5,crag_task_1_and_2_dev_v5_q_111aadd9672af9e5,validation,movie,simple,static,top_k_low,top_k_low,/movie/get_movie_info,movie,1,1,0.0,10,1.0,0.85,30.140304006636143,0.9914698596959934,True,True,20260809,129
crag_task_1_and_2_dev_v5_q_111aadd9672af9e5,crag_task_1_and_2_dev_v5_q_111aadd9672af9e5,validation,movie,simple,static,greedy_regression_aware_search,greedy_regression_aware_search,/movie/get_movie_info,movie,1,1,0.0,10,1.0,0.95,36.74377035349608,0.9904632562296466,True,True,20260809,129
crag_task_1_and_2_dev_v5_q_2522a29a88a7da76,crag_task_1_and_2_dev_v5_q_2522a29a88a7da76,validation,movie,simple,static,top_k_low,top_k_low,/movie/get_movie_info,movie,1,1,0.0,10,1.0,0.85,33.27885828912258,0.991466721141711,True,True,20260809,130
crag_task_1_and_2_dev_v5_q_2522a29a88a7da76,crag_task_1_and_2_dev_v5_q_2522a29a88a7da76,validation,movie,simple,static,greedy_regression_aware_search,greedy_regression_aware_search,/movie/get_movie_info,movie,1,1,0.0,10,1.0,0.95,39.318460039794445,0.9904606815399604,True,True,20260809,130
crag_task_1_and_2_dev_v5_q_27f029cdb9823aac,crag_task_1_and_2_dev_v5_q_27f029cdb9823aac,validation,movie,simple,static,top_k_low,top_k_low,/movie/get_movie_info,movie,1,1,0.0,10,0.75,0.85,38.52464538067579,0.7414614753546194,True,True,20260809,131
crag_task_1_and_2_dev_v5_q_27f029cdb9823aac,crag_task_1_and_2_dev_v5_q_27f029cdb9823aac,validation,movie,simple,static,greedy_regression_aware_search,greedy_regression_aware_search,/movie/get_movie_info,movie,1,1,0.0,10,0.75,0.95,45.17694562673569,0.7404548230543733,True,True,20260809,131
crag_task_1_and_2_dev_v5_q_2b20d2bf99409330,crag_task_1_and_2_dev_v5_q_2b20d2bf99409330,validation,movie,simple,slow-changing,top_k_low,top_k_low,/movie/get_movie_info,movie,1,1,0.0,10,0.8928571428571429,0.85,38.827729411423206,0.8843183151277315,True,True,20260809,132
crag_task_1_and_2_dev_v5_q_2b20d2bf99409330,crag_task_1_and_2_dev_v5_q_2b20d2bf99409330,validation,movie,simple,slow-changing,greedy_regression_aware_search,greedy_regression_aware_search,/movie/get_movie_info,movie,1,1,0.0,10,0.8928571428571429,0.95,43.753856793046,0.88331338900035,True,True,20260809,132
crag_task_1_and_2_dev_v5_q_2c11998217636fdb,crag_task_1_and_2_dev_v5_q_2c11998217636fdb,validation,movie,simple,static,top_k_low,top_k_low,/movie/get_movie_info,movie,1,1,0.0,10,0.75,0.85,40.28352629393339,0.7414597164737061,True,True,20260809,133
crag_task_1_and_2_dev_v5_q_2c11998217636fdb,crag_task_1_and_2_dev_v5_q_2c11998217636fdb,validation,movie,simple,static,greedy_regression_aware_search,greedy_regression_aware_search,/movie/get_movie_info,movie,1,1,0.0,10,0.75,0.95,46.775721944868565,0.7404532242780552,True,True,20260809,133
crag_task_1_and_2_dev_v5_q_3a630db4d97436a2,crag_task_1_and_2_dev_v5_q_3a630db4d97436a2,validation,movie,simple,static,top_k_low,top_k_low,/movie/get_movie_info,movie,1,1,0.0,10,1.0,0.85,35.1869473233819,0.9914648130526766,True,True,20260809,134
crag_task_1_and_2_dev_v5_q_3a630db4d97436a2,crag_task_1_and_2_dev_v5_q_3a630db4d97436a2,validation,movie,simple,static,greedy_regression_aware_search,greedy_regression_aware_search,/movie/get_movie_info,movie,1,1,0.0,10,1.0,0.95,42.235223576426506,0.9904577647764236,True,True,20260809,134
crag_task_1_and_2_dev_v5_q_40b62670f2288d89,crag_task_1_and_2_dev_v5_q_40b62670f2288d89,validation,movie,simple,static,top_k_low,top_k_low,/movie/get_movie_info,movie,1,1,0.0,10,1.0,0.85,27.822888456285,0.9914721771115438,True,True,20260809,135
crag_task_1_and_2_dev_v5_q_40b62670f2288d89,crag_task_1_and_2_dev_v5_q_40b62670f2288d89,validation,movie,simple,static,greedy_regression_aware_search,greedy_regression_aware_search,/movie/get_movie_info,movie,1,1,0.0,10,1.0,0.95,33.28975383192301,0.9904667102461682,True,True,20260809,135
crag_task_1_and_2_dev_v5_q_524558b7013edd50,crag_task_1_and_2_dev_v5_q_524558b7013edd50,validation,movie,simple,static,top_k_low,top_k_low,/movie/get_movie_info,movie,1,1,0.0,10,1.0,0.85,29.68447655439377,0.9914703155234456,True,True,20260809,136
crag_task_1_and_2_dev_v5_q_524558b7013edd50,crag_task_1_and_2_dev_v5_q_524558b7013edd50,validation,movie,simple,static,greedy_regression_aware_search,greedy_regression_aware_search,/movie/get_movie_info,movie,1,1,0.0,10,1.0,0.95,36.08343005180359,0.9904639165699484,True,True,20260809,136
crag_task_1_and_2_dev_v5_q_53e2b067db4d67e2,crag_task_1_and_2_dev_v5_q_53e2b067db4d67e2,validation,movie,simple,static,top_k_low,top_k_low,/movie/get_movie_info,movie,1,1,0.0,10,1.0,0.85,34.89263728260994,0.9914651073627174,True,True,20260809,137
crag_task_1_and_2_dev_v5_q_53e2b067db4d67e2,crag_task_1_and_2_dev_v5_q_53e2b067db4d67e2,validation,movie,simple,static,greedy_regression_aware_search,greedy_regression_aware_search,/movie/get_movie_info,movie,1,1,0.0,10,1.0,0.95,42.72125847637653,0.9904572787415236,True,True,20260809,137
crag_task_1_and_2_dev_v5_q_5cb1d2d1f9d65a86,crag_task_1_and_2_dev_v5_q_5cb1d2d1f9d65a86,validation,movie,simple,static,top_k_low,top_k_low,/movie/get_movie_info,movie,1,1,0.0,10,1.0,0.85,34.4490185379982,0.991465550981462,True,True,20260809,138
crag_task_1_and_2_dev_v5_q_5cb1d2d1f9d65a86,crag_task_1_and_2_dev_v5_q_5cb1d2d1f9d65a86,validation,movie,simple,static,greedy_regression_aware_search,greedy_regression_aware_search,/movie/get_movie_info,movie,1,1,0.0,10,1.0,0.95,41.52943473309279,0.9904584705652668,True,True,20260809,138
crag_task_1_and_2_dev_v5_q_663ce97c8b6ebe55,crag_task_1_and_2_dev_v5_q_663ce97c8b6ebe55,validation,movie,simple,static,top_k_low,top_k_low,/movie/get_movie_info,movie,1,1,0.0,10,0.75,0.85,45.918650925159454,0.7414540813490749,True,True,20260809,139
crag_task_1_and_2_dev_v5_q_663ce97c8b6ebe55,crag_task_1_and_2_dev_v5_q_663ce97c8b6ebe55,validation,movie,simple,static,greedy_regression_aware_search,greedy_regression_aware_search,/movie/get_movie_info,movie,1,1,0.0,10,0.75,0.95,52.15550493448973,0.7404478444950655,True,True,20260809,139
crag_task_1_and_2_dev_v5_q_6be9072fdf2600d0,crag_task_1_and_2_dev_v5_q_6be9072fdf2600d0,validation,movie,simple,static,top_k_low,top_k_low,/movie/get_movie_info,movie,1,1,0.0,10,0.75,0.85,40.6520701944828,0.7414593479298056,True,True,20260809,140
crag_task_1_and_2_dev_v5_q_6be9072fdf2600d0,crag_task_1_and_2_dev_v5_q_6be9072fdf2600d0,validation,movie,simple,static,greedy_regression_aware_search,greedy_regression_aware_search,/movie/get_movie_info,movie,1,1,0.0,10,0.75,0.95,46.70906998217106,0.7404532909300179,True,True,20260809,140
crag_task_1_and_2_dev_v5_q_73919ad718b3d4e1,crag_task_1_and_2_dev_v5_q_73919ad718b3d4e1,validation,movie,simple,static,top_k_low,top_k_low,/movie/get_movie_info,movie,1,1,0.0,10,0.75,0.85,41.42760764807463,0.741458572392352,True,True,20260809,141
crag_task_1_and_2_dev_v5_q_73919ad718b3d4e1,crag_task_1_and_2_dev_v5_q_73919ad718b3d4e1,validation,movie,simple,static,greedy_regression_aware_search,greedy_regression_aware_search,/movie/get_movie_info,movie,1,1,0.0,10,0.75,0.95,48.05650375783444,0.7404519434962422,True,True,20260809,141
crag_task_1_and_2_dev_v5_q_79427efba7e55762,crag_task_1_and_2_dev_v5_q_79427efba7e55762,validation,movie,simple,slow-changing,top_k_low,top_k_low,/movie/get_movie_info,movie,1,1,0.0,10,0.9166666666666666,0.85,31.48253820836544,0.9081351841284584,True,True,20260809,142
crag_task_1_and_2_dev_v5_q_79427efba7e55762,crag_task_1_and_2_dev_v5_q_79427efba7e55762,validation,movie,simple,slow-changing,greedy_regression_aware_search,greedy_regression_aware_search,/movie/get_movie_info,movie,1,1,0.0,10,0.9166666666666666,0.95,37.886968813836575,0.9071287796978528,True,True,20260809,142
crag_task_1_and_2_dev_v5_q_79fe50a7f62717c3,crag_task_1_and_2_dev_v5_q_79fe50a7f62717c3,validation,movie,simple,static,top_k_low,top_k_low,/movie/get_movie_info,movie,1,1,0.0,10,1.0,0.85,39.8430721834302,0.9914601569278166,True,True,20260809,143
crag_task_1_and_2_dev_v5_q_79fe50a7f62717c3,crag_task_1_and_2_dev_v5_q_79fe50a7f62717c3,validation,movie,simple,static,greedy_regression_aware_search,greedy_regression_aware_search,/movie/get_movie_info,movie,1,1,0.0,10,1.0,0.95,47.13924881070852,0.9904528607511892,True,True,20260809,143
crag_task_1_and_2_dev_v5_q_80ccbc64ef72e81f,crag_task_1_and_2_dev_v5_q_80ccbc64ef72e81f,validation,movie,simple,static,top_k_low,top_k_low,/movie/get_movie_info,movie,1,1,0.0,10,1.0,0.85,34.37555581331253,0.9914656244441868,True,True,20260809,144
crag_task_1_and_2_dev_v5_q_80ccbc64ef72e81f,crag_task_1_and_2_dev_v5_q_80ccbc64ef72e81f,validation,movie,simple,static,greedy_regression_aware_search,greedy_regression_aware_search,/movie/get_movie_info,movie,1,1,0.0,10,1.0,0.95,42.49262809753418,0.9904575073719024,True,True,20260809,144
crag_task_1_and_2_dev_v5_q_849afa3d7c4df3fd,crag_task_1_and_2_dev_v5_q_849afa3d7c4df3fd,validation,movie,simple,static,top_k_low,top_k_low,/movie/get_movie_info,movie,1,1,0.0,10,0.75,0.85,40.28892610222101,0.7414597110738979,True,True,20260809,145
crag_task_1_and_2_dev_v5_q_849afa3d7c4df3fd,crag_task_1_and_2_dev_v5_q_849afa3d7c4df3fd,validation,movie,simple,static,greedy_regression_aware_search,greedy_regression_aware_search,/movie/get_movie_info,movie,1,1,0.0,10,0.75,0.95,46.2723420932889,0.7404537276579067,True,True,20260809,145
crag_task_1_and_2_dev_v5_q_860b3aa52c2e327f,crag_task_1_and_2_dev_v5_q_860b3aa52c2e327f,validation,movie,simple,static,top_k_low,top_k_low,/movie/get_movie_info,movie,1,1,0.0,10,1.0,0.85,41.267572902143,0.991458732427098,True,True,20260809,146
crag_task_1_and_2_dev_v5_q_860b3aa52c2e327f,crag_task_1_and_2_dev_v5_q_860b3aa52c2e327f,validation,movie,simple,static,greedy_regression_aware_search,greedy_regression_aware_search,/movie/get_movie_info,movie,1,1,0.0,10,1.0,0.95,44.91736926138401,0.9904550826307388,True,True,20260809,146
crag_task_1_and_2_dev_v5_q_894b9b67fd4e0057,crag_task_1_and_2_dev_v5_q_894b9b67fd4e0057,validation,movie,simple,slow-changing,top_k_low,top_k_low,/movie/get_movie_info,movie,1,1,0.0,10,0.826923076923077,0.85,37.28488925844431,0.8183857920338186,True,True,20260809,147
crag_task_1_and_2_dev_v5_q_894b9b67fd4e0057,crag_task_1_and_2_dev_v5_q_894b9b67fd4e0057,validation,movie,simple,slow-changing,greedy_regression_aware_search,greedy_regression_aware_search,/movie/get_movie_info,movie,1,1,0.0,10,0.826923076923077,0.95,44.79540232568979,0.8173782815207513,True,True,20260809,147
crag_task_1_and_2_dev_v5_q_8998e96bb99e3d38,crag_task_1_and_2_dev_v5_q_8998e96bb99e3d38,validation,movie,simple,static,top_k_low,top_k_low,/movie/get_movie_info,movie,1,1,0.0,10,0.75,0.85,38.89774531126022,0.7414611022546888,True,True,20260809,148
crag_task_1_and_2_dev_v5_q_8998e96bb99e3d38,crag_task_1_and_2_dev_v5_q_8998e96bb99e3d38,validation,movie,simple,static,greedy_regression_aware_search,greedy_regression_aware_search,/movie/get_movie_info,movie,1,1,0.0,10,0.75,0.95,43.4155510738492,0.7404565844489261,True,True,20260809,148
crag_task_1_and_2_dev_v5_q_93897186abef3c2e,crag_task_1_and_2_dev_v5_q_93897186abef3c2e,validation,movie,simple,static,top_k_low,top_k_low,/movie/get_movie_info,movie,1,1,0.0,10,0.75,0.85,38.53627294301987,0.741461463727057,True,True,20260809,149
crag_task_1_and_2_dev_v5_q_93897186abef3c2e,crag_task_1_and_2_dev_v5_q_93897186abef3c2e,validation,movie,simple,static,greedy_regression_aware_search,greedy_regression_aware_search,/movie/get_movie_info,movie,1,1,0.0,10,0.75,0.95,46.70667741447687,0.7404532933225856,True,True,20260809,149
crag_task_1_and_2_dev_v5_q_94f71a411eed3d2b,crag_task_1_and_2_dev_v5_q_94f71a411eed3d2b,validation,movie,simple,static,top_k_low,top_k_low,/movie/get_movie_info,movie,1,1,0.0,10,1.0,0.85,34.026581794023514,0.991465973418206,True,True,20260809,150
crag_task_1_and_2_dev_v5_q_94f71a411eed3d2b,crag_task_1_and_2_dev_v5_q_94f71a411eed3d2b,validation,movie,simple,static,greedy_regression_aware_search,greedy_regression_aware_search,/movie/get_movie_info,movie,1,1,0.0,10,1.0,0.95,38.67351356893778,0.9904613264864311,True,True,20260809,150
crag_task_1_and_2_dev_v5_q_991caccb80231762,crag_task_1_and_2_dev_v5_q_991caccb80231762,validation,movie,simple,static,top_k_low,top_k_low,/movie/get_movie_info,movie,1,1,0.0,10,1.0,0.85,37.736570462584496,0.9914622634295376,True,True,20260809,151
crag_task_1_and_2_dev_v5_q_991caccb80231762,crag_task_1_and_2_dev_v5_q_991caccb80231762,validation,movie,simple,static,greedy_regression_aware_search,greedy_regression_aware_search,/movie/get_movie_info,movie,1,1,0.0,10,1.0,0.95,44.66281924396753,0.990455337180756,True,True,20260809,151
crag_task_1_and_2_dev_v5_q_9dc9628d57798eed,crag_task_1_and_2_dev_v5_q_9dc9628d57798eed,validation,movie,simple,static,top_k_low,top_k_low,/movie/get_movie_info,movie,1,1,0.0,10,1.0,0.85,36.25585325062275,0.9914637441467494,True,True,20260809,152
crag_task_1_and_2_dev_v5_q_9dc9628d57798eed,crag_task_1_and_2_dev_v5_q_9dc9628d57798eed,validation,movie,simple,static,greedy_regression_aware_search,greedy_regression_aware_search,/movie/get_movie_info,movie,1,1,0.0,10,1.0,0.95,44.45320926606655,0.990455546790734,True,True,20260809,152
crag_task_1_and_2_dev_v5_q_aa44a91596e19725,crag_task_1_and_2_dev_v5_q_aa44a91596e19725,validation,movie,simple,slow-changing,top_k_low,top_k_low,/movie/get_movie_info,movie,1,1,0.0,10,0.875,0.85,37.13512886315584,0.8664628648711369,True,True,20260809,153
crag_task_1_and_2_dev_v5_q_aa44a91596e19725,crag_task_1_and_2_dev_v5_q_aa44a91596e19725,validation,movie,simple,slow-changing,greedy_regression_aware_search,greedy_regression_aware_search,/movie/get_movie_info,movie,1,1,0.0,10,0.875,0.95,42.24012140184641,0.8654577598785982,True,True,20260809,153
crag_task_1_and_2_dev_v5_q_afcf0c726ec45756,crag_task_1_and_2_dev_v5_q_afcf0c726ec45756,validation,movie,simple,static,top_k_low,top_k_low,/movie/get_movie_info,movie,1,1,0.0,10,0.75,0.85,41.443862952291965,0.7414585561370478,True,True,20260809,154
crag_task_1_and_2_dev_v5_q_afcf0c726ec45756,crag_task_1_and_2_dev_v5_q_afcf0c726ec45756,validation,movie,simple,static,greedy_regression_aware_search,greedy_regression_aware_search,/movie/get_movie_info,movie,1,1,0.0,10,0.75,0.95,45.468663796782494,0.7404545313362033,True,True,20260809,154
crag_task_1_and_2_dev_v5_q_b0e3329ce7915897,crag_task_1_and_2_dev_v5_q_b0e3329ce7915897,validation,movie,simple,static,top_k_low,top_k_low,/movie/get_movie_info,movie,1,1,0.0,10,0.75,0.85,36.2269589677453,0.7414637730410323,True,True,20260809,155
crag_task_1_and_2_dev_v5_q_b0e3329ce7915897,crag_task_1_and_2_dev_v5_q_b0e3329ce7915897,validation,movie,simple,static,greedy_regression_aware_search,greedy_regression_aware_search,/movie/get_movie_info,movie,1,1,0.0,10,0.75,0.95,37.016477435827255,0.7404629835225642,True,True,20260809,155
crag_task_1_and_2_dev_v5_q_be77648f9cc18898,crag_task_1_and_2_dev_v5_q_be77648f9cc18898,validation,movie,simple,slow-changing,top_k_low,top_k_low,/movie/get_movie_info,movie,1,1,0.0,10,0.75,0.85,40.46062845736742,0.7414595393715426,True,True,20260809,156
crag_task_1_and_2_dev_v5_q_be77648f9cc18898,crag_task_1_and_2_dev_v5_q_be77648f9cc18898,validation,movie,simple,slow-changing,greedy_regression_aware_search,greedy_regression_aware_search,/movie/get_movie_info,movie,1,1,0.0,10,0.75,0.95,47.66319040209055,0.740452336809598,True,True,20260809,156
crag_task_1_and_2_dev_v5_q_c168a0a7170d3c4b,crag_task_1_and_2_dev_v5_q_c168a0a7170d3c4b,validation,movie,simple,static,top_k_low,top_k_low,/movie/get_movie_info,movie,1,1,0.0,10,1.0,0.85,41.27162974327803,0.9914587283702568,True,True,20260809,157
crag_task_1_and_2_dev_v5_q_c168a0a7170d3c4b,crag_task_1_and_2_dev_v5_q_c168a0a7170d3c4b,validation,movie,simple,static,greedy_regression_aware_search,greedy_regression_aware_search,/movie/get_movie_info,movie,1,1,0.0,10,1.0,0.95,46.142653562128544,0.990453857346438,True,True,20260809,157
crag_task_1_and_2_dev_v5_q_c371ef18d5d53c98,crag_task_1_and_2_dev_v5_q_c371ef18d5d53c98,validation,movie,simple,static,top_k_low,top_k_low,/movie/get_movie_info,movie,1,1,0.0,10,1.0,0.85,41.57304111868143,0.9914584269588812,True,True,20260809,158
crag_task_1_and_2_dev_v5_q_c371ef18d5d53c98,crag_task_1_and_2_dev_v5_q_c371ef18d5d53c98,validation,movie,simple,static,greedy_regression_aware_search,greedy_regression_aware_search,/movie/get_movie_info,movie,1,1,0.0,10,1.0,0.95,46.38067819178104,0.9904536193218084,True,True,20260809,158
crag_task_1_and_2_dev_v5_q_cb64be6825614bc9,crag_task_1_and_2_dev_v5_q_cb64be6825614bc9,validation,movie,simple,static,top_k_low,top_k_low,/movie/get_movie_info,movie,1,1,0.0,10,0.75,0.85,32.97644667327404,0.7414670235533267,True,True,20260809,159
crag_task_1_and_2_dev_v5_q_cb64be6825614bc9,crag_task_1_and_2_dev_v5_q_cb64be6825614bc9,validation,movie,simple,static,greedy_regression_aware_search,greedy_regression_aware_search,/movie/get_movie_info,movie,1,1,0.0,10,0.75,0.95,40.14409333467484,0.7404598559066654,True,True,20260809,159
crag_task_1_and_2_dev_v5_q_cfba849e5bf49109,crag_task_1_and_2_dev_v5_q_cfba849e5bf49109,validation,movie,simple,slow-changing,top_k_low,top_k_low,/movie/get_movie_info,movie,1,1,0.0,10,0.8653846153846154,0.85,37.83638309687376,0.8568467790015186,True,True,20260809,160
crag_task_1_and_2_dev_v5_q_cfba849e5bf49109,crag_task_1_and_2_dev_v5_q_cfba849e5bf49109,validation,movie,simple,slow-changing,greedy_regression_aware_search,greedy_regression_aware_search,/movie/get_movie_info,movie,1,1,0.0,10,0.8653846153846154,0.95,43.31071022897959,0.8558413046743865,True,True,20260809,160
crag_task_1_and_2_dev_v5_q_d068d7331464e3b4,crag_task_1_and_2_dev_v5_q_d068d7331464e3b4,validation,movie,simple,static,top_k_low,top_k_low,/movie/get_movie_info,movie,1,1,0.0,10,0.75,0.85,41.957619599998,0.7414580423804,True,True,20260809,161
crag_task_1_and_2_dev_v5_q_d068d7331464e3b4,crag_task_1_and_2_dev_v5_q_d068d7331464e3b4,validation,movie,simple,static,greedy_regression_aware_search,greedy_regression_aware_search,/movie/get_movie_info,movie,1,1,0.0,10,0.75,0.95,53.682672791183,0.7404463173272089,True,True,20260809,161
crag_task_1_and_2_dev_v5_q_dd81a8675cd566af,crag_task_1_and_2_dev_v5_q_dd81a8675cd566af,validation,movie,simple,static,top_k_low,top_k_low,/movie/get_movie_info,movie,1,1,0.0,10,0.75,0.85,39.9026544764638,0.7414600973455235,True,True,20260809,162
crag_task_1_and_2_dev_v5_q_dd81a8675cd566af,crag_task_1_and_2_dev_v5_q_dd81a8675cd566af,validation,movie,simple,static,greedy_regression_aware_search,greedy_regression_aware_search,/movie/get_movie_info,movie,1,1,0.0,10,0.75,0.95,43.761259876191616,0.7404562387401239,True,True,20260809,162
crag_task_1_and_2_dev_v5_q_f9d284c4ee42f3e7,crag_task_1_and_2_dev_v5_q_f9d284c4ee42f3e7,validation,movie,simple,static,top_k_low,top_k_low,/movie/get_movie_info,movie,1,1,0.0,10,0.75,0.85,17.850897274911404,0.7414821491027251,True,True,20260809,163
crag_task_1_and_2_dev_v5_q_f9d284c4ee42f3e7,crag_task_1_and_2_dev_v5_q_f9d284c4ee42f3e7,validation,movie,simple,static,greedy_regression_aware_search,greedy_regression_aware_search,/movie/get_movie_info,movie,1,1,0.0,10,0.75,0.95,22.90644496679306,0.7404770935550332,True,True,20260809,163
crag_task_1_and_2_dev_v5_q_fdb2dade32a81b19,crag_task_1_and_2_dev_v5_q_fdb2dade32a81b19,validation,movie,simple,static,top_k_low,top_k_low,/movie/get_movie_info,movie,1,1,0.0,10,1.0,0.85,43.13453007489443,0.9914568654699252,True,True,20260809,164
crag_task_1_and_2_dev_v5_q_fdb2dade32a81b19,crag_task_1_and_2_dev_v5_q_fdb2dade32a81b19,validation,movie,simple,static,greedy_regression_aware_search,greedy_regression_aware_search,/movie/get_movie_info,movie,1,1,0.0,10,1.0,0.95,48.94018638879061,0.9904510598136111,True,True,20260809,164
crag_task_1_and_2_dev_v5_q_ffb393266e7c402a,crag_task_1_and_2_dev_v5_q_ffb393266e7c402a,validation,movie,simple,static,top_k_low,top_k_low,/movie/get_movie_info,movie,1,1,0.0,10,1.0,0.85,24.717897176742557,0.9914752821028232,True,True,20260809,165
crag_task_1_and_2_dev_v5_q_ffb393266e7c402a,crag_task_1_and_2_dev_v5_q_ffb393266e7c402a,validation,movie,simple,static,greedy_regression_aware_search,greedy_regression_aware_search,/movie/get_movie_info,movie,1,1,0.0,10,1.0,0.95,29.347102157771587,0.9904706528978424,True,True,20260809,165
crag_task_1_and_2_dev_v5_q_10f80d57cacbd16f,crag_task_1_and_2_dev_v5_q_10f80d57cacbd16f,validation,movie,simple_w_condition,static,top_k_low,top_k_low,/movie/get_movie_info,movie,1,1,0.0,10,0.7763157894736842,0.85,39.52997364103794,0.7677762595000432,True,True,20260809,166
crag_task_1_and_2_dev_v5_q_10f80d57cacbd16f,crag_task_1_and_2_dev_v5_q_10f80d57cacbd16f,validation,movie,simple_w_condition,static,greedy_regression_aware_search,greedy_regression_aware_search,/movie/get_movie_info,movie,1,1,0.0,10,0.7763157894736842,0.95,47.79176786541939,0.7667679977058188,True,True,20260809,166
crag_task_1_and_2_dev_v5_q_29922b6f3006012f,crag_task_1_and_2_dev_v5_q_29922b6f3006012f,validation,movie,simple_w_condition,static,top_k_low,top_k_low,/movie/get_movie_info,movie,1,1,0.0,10,0.75,0.85,39.98090419918299,0.7414600190958008,True,True,20260809,167
crag_task_1_and_2_dev_v5_q_29922b6f3006012f,crag_task_1_and_2_dev_v5_q_29922b6f3006012f,validation,movie,simple_w_condition,static,greedy_regression_aware_search,greedy_regression_aware_search,/movie/get_movie_info,movie,1,1,0.0,10,0.75,0.95,47.17532359063625,0.7404528246764094,True,True,20260809,167
crag_task_1_and_2_dev_v5_q_2ebfc6e67d86a547,crag_task_1_and_2_dev_v5_q_2ebfc6e67d86a547,validation,movie,simple_w_condition,slow-changing,top_k_low,top_k_low,/movie/get_movie_info,movie,1,1,0.0,10,0.75,0.85,25.40514897555113,0.7414745948510245,True,True,20260809,168
crag_task_1_and_2_dev_v5_q_2ebfc6e67d86a547,crag_task_1_and_2_dev_v5_q_2ebfc6e67d86a547,validation,movie,simple_w_condition,slow-changing,greedy_regression_aware_search,greedy_regression_aware_search,/movie/get_movie_info,movie,1,1,0.0,10,0.75,0.95,30.593818984925747,0.7404694061810151,True,True,20260809,168
crag_task_1_and_2_dev_v5_q_640eb8af80520b5c,crag_task_1_and_2_dev_v5_q_640eb8af80520b5c,validation,movie,simple_w_condition,static,top_k_low,top_k_low,/movie/get_movie_info,movie,1,1,0.0,10,0.796875,0.85,37.5810619443655,0.7883374189380556,True,True,20260809,169
crag_task_1_and_2_dev_v5_q_640eb8af80520b5c,crag_task_1_and_2_dev_v5_q_640eb8af80520b5c,validation,movie,simple_w_condition,static,greedy_regression_aware_search,greedy_regression_aware_search,/movie/get_movie_info,movie,1,1,0.0,10,0.796875,0.95,43.3411467820406,0.787331658853218,True,True,20260809,169
crag_task_1_and_2_dev_v5_q_80c4070fd87828f6,crag_task_1_and_2_dev_v5_q_80c4070fd87828f6,validation,movie,simple_w_condition,slow-changing,top_k_low,top_k_low,/movie/get_movie_info,movie,1,1,0.0,10,0.75,0.85,28.71573437005281,0.74147128426563,True,True,20260809,170
crag_task_1_and_2_dev_v5_q_80c4070fd87828f6,crag_task_1_and_2_dev_v5_q_80c4070fd87828f6,validation,movie,simple_w_condition,slow-changing,greedy_regression_aware_search,greedy_regression_aware_search,/movie/get_movie_info,movie,1,1,0.0,10,0.75,0.95,33.855851739645004,0.7404661441482604,True,True,20260809,170
crag_task_1_and_2_dev_v5_q_b9df5bf5fa068fe6,crag_task_1_and_2_dev_v5_q_b9df5bf5fa068fe6,validation,movie,simple_w_condition,slow-changing,top_k_low,top_k_low,/movie/get_movie_info,movie,1,1,0.0,10,0.8333333333333334,0.85,36.59491240978241,0.8247967384209236,True,True,20260809,171
crag_task_1_and_2_dev_v5_q_b9df5bf5fa068fe6,crag_task_1_and_2_dev_v5_q_b9df5bf5fa068fe6,validation,movie,simple_w_condition,slow-changing,greedy_regression_aware_search,greedy_regression_aware_search,/movie/get_movie_info,movie,1,1,0.0,10,0.8333333333333334,0.95,42.47540142387152,0.8237908579319095,True,True,20260809,171
crag_task_1_and_2_dev_v5_q_be2cd9862ea567ef,crag_task_1_and_2_dev_v5_q_be2cd9862ea567ef,validation,movie,simple_w_condition,static,top_k_low,top_k_low,/movie/get_movie_info,movie,1,1,0.0,10,0.7621951219512195,0.85,39.829522371292114,0.7536552924288483,True,True,20260809,172
crag_task_1_and_2_dev_v5_q_be2cd9862ea567ef,crag_task_1_and_2_dev_v5_q_be2cd9862ea567ef,validation,movie,simple_w_condition,static,greedy_regression_aware_search,greedy_regression_aware_search,/movie/get_movie_info,movie,1,1,0.0,10,0.7621951219512195,0.95,45.72871048003435,0.7526493932407395,True,True,20260809,172
crag_task_1_and_2_dev_v5_q_bfae3ecc5e1362b6,crag_task_1_and_2_dev_v5_q_bfae3ecc5e1362b6,validation,movie,simple_w_condition,slow-changing,top_k_low,top_k_low,/movie/get_movie_info,movie,1,1,0.0,10,0.75,0.85,35.058450885117054,0.7414649415491149,True,True,20260809,173
crag_task_1_and_2_dev_v5_q_bfae3ecc5e1362b6,crag_task_1_and_2_dev_v5_q_bfae3ecc5e1362b6,validation,movie,simple_w_condition,slow-changing,greedy_regression_aware_search,greedy_regression_aware_search,/movie/get_movie_info,movie,1,1,0.0,10,0.75,0.95,41.426876559853554,0.7404585731234402,True,True,20260809,173
crag_task_1_and_2_dev_v5_q_c499fdfd3ec748b3,crag_task_1_and_2_dev_v5_q_c499fdfd3ec748b3,validation,movie,simple_w_condition,static,top_k_low,top_k_low,/movie/get_movie_info,movie,1,1,0.0,10,0.861111111111111,0.85,38.74289058148861,0.8525723682205296,True,True,20260809,174
crag_task_1_and_2_dev_v5_q_c499fdfd3ec748b3,crag_task_1_and_2_dev_v5_q_c499fdfd3ec748b3,validation,movie,simple_w_condition,static,greedy_regression_aware_search,greedy_regression_aware_search,/movie/get_movie_info,movie,1,1,0.0,10,0.861111111111111,0.95,44.08539645373821,0.8515670257146574,True,True,20260809,174
crag_task_1_and_2_dev_v5_q_ec6cb2a192a9b3b9,crag_task_1_and_2_dev_v5_q_ec6cb2a192a9b3b9,validation,movie,simple_w_condition,static,top_k_low,top_k_low,/movie/get_movie_info,movie,1,1,0.0,10,0.8333333333333334,0.85,38.18896133452654,0.8247951443719989,True,True,20260809,175
crag_task_1_and_2_dev_v5_q_ec6cb2a192a9b3b9,crag_task_1_and_2_dev_v5_q_ec6cb2a192a9b3b9,validation,movie,simple_w_condition,static,greedy_regression_aware_search,greedy_regression_aware_search,/movie/get_movie_info,movie,1,1,0.0,10,0.8333333333333334,0.95,45.37839349359274,0.8237879549398398,True,True,20260809,175
crag_task_1_and_2_dev_v5_q_edefb471367348ce,crag_task_1_and_2_dev_v5_q_edefb471367348ce,validation,movie,simple_w_condition,static,top_k_low,top_k_low,/movie/get_movie_info,movie,1,1,0.0,10,0.8125,0.85,44.04789954423904,0.8039559521004558,True,True,20260809,176
crag_task_1_and_2_dev_v5_q_edefb471367348ce,crag_task_1_and_2_dev_v5_q_edefb471367348ce,validation,movie,simple_w_condition,static,greedy_regression_aware_search,greedy_regression_aware_search,/movie/get_movie_info,movie,1,1,0.0,10,0.8125,0.95,50.12816470116377,0.8029498718352989,True,True,20260809,176
crag_task_1_and_2_dev_v5_q_f20d04773e2a9bb7,crag_task_1_and_2_dev_v5_q_f20d04773e2a9bb7,validation,movie,simple_w_condition,static,top_k_low,top_k_low,/movie/get_movie_info,movie,1,1,0.0,10,0.75,0.85,34.16405338793993,0.7414658359466121,True,True,20260809,177
crag_task_1_and_2_dev_v5_q_f20d04773e2a9bb7,crag_task_1_and_2_dev_v5_q_f20d04773e2a9bb7,validation,movie,simple_w_condition,static,greedy_regression_aware_search,greedy_regression_aware_search,/movie/get_movie_info,movie,1,1,0.0,10,0.75,0.95,38.72671443969011,0.7404612732855603,True,True,20260809,177
crag_task_1_and_2_dev_v5_q_0a8f1d8e5af43ed0,crag_task_1_and_2_dev_v5_q_0a8f1d8e5af43ed0,validation,music,aggregation,static,top_k_low,top_k_low,/music/search_artist_entity_by_name,music,1,1,0.0,10,0.888888888888889,0.85,3.5299016162753105,0.8803853589872728,True,True,20260809,178
crag_task_1_and_2_dev_v5_q_0a8f1d8e5af43ed0,crag_task_1_and_2_dev_v5_q_0a8f1d8e5af43ed0,validation,music,aggregation,static,greedy_regression_aware_search,greedy_regression_aware_search,/music/search_artist_entity_by_name,music,1,1,0.0,10,0.888888888888889,0.95,3.47310584038496,0.8793854157830486,True,True,20260809,178
crag_task_1_and_2_dev_v5_q_4fab9eca265fd0d2,crag_task_1_and_2_dev_v5_q_4fab9eca265fd0d2,validation,music,aggregation,slow-changing,top_k_low,top_k_low,/music/search_artist_entity_by_name,music,1,1,0.0,10,0.8863636363636364,0.85,1.0612746700644493,0.8778625750889664,True,True,20260809,179
crag_task_1_and_2_dev_v5_q_4fab9eca265fd0d2,crag_task_1_and_2_dev_v5_q_4fab9eca265fd0d2,validation,music,aggregation,slow-changing,greedy_regression_aware_search,greedy_regression_aware_search,/music/search_artist_entity_by_name,music,1,1,0.0,10,0.8863636363636364,0.95,1.0493462905287745,0.8768625870173459,True,True,20260809,179
crag_task_1_and_2_dev_v5_q_68652bef55ba5f77,crag_task_1_and_2_dev_v5_q_68652bef55ba5f77,validation,music,aggregation,static,top_k_low,top_k_low,/music/search_artist_entity_by_name,music,1,1,0.0,10,1.0,0.85,1.1287769302725792,0.9914988712230698,True,True,20260809,180
crag_task_1_and_2_dev_v5_q_68652bef55ba5f77,crag_task_1_and_2_dev_v5_q_68652bef55ba5f77,validation,music,aggregation,static,greedy_regression_aware_search,greedy_regression_aware_search,/music/search_artist_entity_by_name,music,1,1,0.0,10,1.0,0.95,1.2916168197989464,0.9904987083831802,True,True,20260809,180
crag_task_1_and_2_dev_v5_q_6d0a1aa8dbbc30f5,crag_task_1_and_2_dev_v5_q_6d0a1aa8dbbc30f5,validation,music,aggregation,static,top_k_low,top_k_low,/music/search_artist_entity_by_name,music,1,1,0.0,10,0.85,0.85,3.903193399310112,0.8414960968066008,True,True,20260809,181
crag_task_1_and_2_dev_v5_q_6d0a1aa8dbbc30f5,crag_task_1_and_2_dev_v5_q_6d0a1aa8dbbc30f5,validation,music,aggregation,static,greedy_regression_aware_search,greedy_regression_aware_search,/music/search_artist_entity_by_name,music,1,1,0.0,10,0.85,0.95,3.893619403243065,0.8404961063805968,True,True,20260809,181
crag_task_1_and_2_dev_v5_q_726dd2fcf59ed479,crag_task_1_and_2_dev_v5_q_726dd2fcf59ed479,validation,music,aggregation,slow-changing,top_k_low,top_k_low,/music/search_artist_entity_by_name,music,1,1,0.0,10,0.9285714285714286,0.85,3.605557605624199,0.9200678230138232,True,True,20260809,182
crag_task_1_and_2_dev_v5_q_726dd2fcf59ed479,crag_task_1_and_2_dev_v5_q_726dd2fcf59ed479,validation,music,aggregation,slow-changing,greedy_regression_aware_search,greedy_regression_aware_search,/music/search_artist_entity_by_name,music,1,1,0.0,10,0.9285714285714286,0.95,3.6214515566825862,0.919067807119872,True,True,20260809,182
crag_task_1_and_2_dev_v5_q_7e75e8eee2942e7d,crag_task_1_and_2_dev_v5_q_7e75e8eee2942e7d,validation,music,aggregation,static,top_k_low,top_k_low,/music/search_artist_entity_by_name,music,1,1,0.0,10,0.8461538461538461,0.85,4.434856586158276,0.83764941129726,True,True,20260809,183
crag_task_1_and_2_dev_v5_q_7e75e8eee2942e7d,crag_task_1_and_2_dev_v5_q_7e75e8eee2942e7d,validation,music,aggregation,static,greedy_regression_aware_search,greedy_regression_aware_search,/music/search_artist_entity_by_name,music,1,1,0.0,10,0.8461538461538461,0.95,4.362405277788639,0.8366494837485684,True,True,20260809,183
crag_task_1_and_2_dev_v5_q_b851e3bebde0e74a,crag_task_1_and_2_dev_v5_q_b851e3bebde0e74a,validation,music,aggregation,fast-changing,top_k_low,top_k_low,/music/search_artist_entity_by_name,music,1,1,0.0,10,0.85,0.85,0.5169212818145752,0.8414994830787182,True,True,20260809,184
crag_task_1_and_2_dev_v5_q_b851e3bebde0e74a,crag_task_1_and_2_dev_v5_q_b851e3bebde0e74a,validation,music,aggregation,fast-changing,greedy_regression_aware_search,greedy_regression_aware_search,/music/search_artist_entity_by_name,music,1,1,0.0,10,0.85,0.95,0.6905272603034973,0.8404993094727398,True,True,20260809,184
crag_task_1_and_2_dev_v5_q_cf318387074c330d,crag_task_1_and_2_dev_v5_q_cf318387074c330d,validation,music,aggregation,static,top_k_low,top_k_low,/music/search_artist_entity_by_name,music,1,1,0.0,10,0.8055555555555556,0.85,0.7800329476594925,0.797054775522608,True,True,20260809,185
crag_task_1_and_2_dev_v5_q_cf318387074c330d,crag_task_1_and_2_dev_v5_q_cf318387074c330d,validation,music,aggregation,static,greedy_regression_aware_search,greedy_regression_aware_search,/music/search_artist_entity_by_name,music,1,1,0.0,10,0.8055555555555556,0.95,0.9327279403805732,0.7960546228276153,True,True,20260809,185
crag_task_1_and_2_dev_v5_q_0693d8283067a697,crag_task_1_and_2_dev_v5_q_0693d8283067a697,validation,music,comparison,slow-changing,top_k_low,top_k_low,/music/search_artist_entity_by_name,music,1,1,0.0,10,1.0,0.85,0.4987334832549095,0.9914995012665168,True,True,20260809,186
crag_task_1_and_2_dev_v5_q_0693d8283067a697,crag_task_1_and_2_dev_v5_q_0693d8283067a697,validation,music,comparison,slow-changing,greedy_regression_aware_search,greedy_regression_aware_search,/music/search_artist_entity_by_name,music,1,1,0.0,10,1.0,0.95,0.6819935515522957,0.9904993180064484,True,True,20260809,186
crag_task_1_and_2_dev_v5_q_0ac60b4fe1e16fd7,crag_task_1_and_2_dev_v5_q_0ac60b4fe1e16fd7,validation,music,comparison,static,top_k_low,top_k_low,/music/search_artist_entity_by_name,music,1,1,0.0,10,0.75,0.85,0.7242979481816292,0.7414992757020519,True,True,20260809,187
crag_task_1_and_2_dev_v5_q_0ac60b4fe1e16fd7,crag_task_1_and_2_dev_v5_q_0ac60b4fe1e16fd7,validation,music,comparison,static,greedy_regression_aware_search,greedy_regression_aware_search,/music/search_artist_entity_by_name,music,1,1,0.0,10,0.75,0.95,0.7827980443835258,0.7404992172019557,True,True,20260809,187
crag_task_1_and_2_dev_v5_q_42d56ef95b651b8e,crag_task_1_and_2_dev_v5_q_42d56ef95b651b8e,validation,music,comparison,slow-changing,top_k_low,top_k_low,/music/search_artist_entity_by_name,music,1,1,0.0,10,0.84375,0.85,1.4414256438612938,0.8352485585743562,True,True,20260809,188
crag_task_1_and_2_dev_v5_q_42d56ef95b651b8e,crag_task_1_and_2_dev_v5_q_42d56ef95b651b8e,validation,music,comparison,slow-changing,greedy_regression_aware_search,greedy_regression_aware_search,/music/search_artist_entity_by_name,music,1,1,0.0,10,0.84375,0.95,1.759481616318226,0.8342482405183838,True,True,20260809,188
crag_task_1_and_2_dev_v5_q_70e5159f5e7b3b18,crag_task_1_and_2_dev_v5_q_70e5159f5e7b3b18,validation,music,comparison,static,top_k_low,top_k_low,/music/search_artist_entity_by_name,music,1,1,0.0,10,0.875,0.85,5.522021092474461,0.8664944779789076,True,True,20260809,189
crag_task_1_and_2_dev_v5_q_70e5159f5e7b3b18,crag_task_1_and_2_dev_v5_q_70e5159f5e7b3b18,validation,music,comparison,static,greedy_regression_aware_search,greedy_regression_aware_search,/music/search_artist_entity_by_name,music,1,1,0.0,10,0.875,0.95,5.41791133582592,0.8654945820886643,True,True,20260809,189
crag_task_1_and_2_dev_v5_q_715990aa225c910e,crag_task_1_and_2_dev_v5_q_715990aa225c910e,validation,music,comparison,slow-changing,top_k_low,top_k_low,/music/search_artist_entity_by_name,music,1,1,0.0,10,1.0,0.85,0.5886610597372055,0.9914994113389404,True,True,20260809,190
crag_task_1_and_2_dev_v5_q_715990aa225c910e,crag_task_1_and_2_dev_v5_q_715990aa225c910e,validation,music,comparison,slow-changing,greedy_regression_aware_search,greedy_regression_aware_search,/music/search_artist_entity_by_name,music,1,1,0.0,10,1.0,0.95,0.64082071185112,0.9904993591792882,True,True,20260809,190
crag_task_1_and_2_dev_v5_q_ad23d298a08cf8eb,crag_task_1_and_2_dev_v5_q_ad23d298a08cf8eb,validation,music,comparison,slow-changing,top_k_low,top_k_low,/music/search_artist_entity_by_name,music,1,1,0.0,10,0.825,0.85,1.4678556472063065,0.8164985321443528,True,True,20260809,191
crag_task_1_and_2_dev_v5_q_ad23d298a08cf8eb,crag_task_1_and_2_dev_v5_q_ad23d298a08cf8eb,validation,music,comparison,slow-changing,greedy_regression_aware_search,greedy_regression_aware_search,/music/search_artist_entity_by_name,music,1,1,0.0,10,0.825,0.95,1.7339028418064115,0.8154982660971581,True,True,20260809,191
crag_task_1_and_2_dev_v5_q_bda0be2b34aeeef4,crag_task_1_and_2_dev_v5_q_bda0be2b34aeeef4,validation,music,comparison,static,top_k_low,top_k_low,/music/search_artist_entity_by_name,music,1,1,0.0,10,0.75,0.85,0.5755200982093811,0.7414994244799018,True,True,20260809,192
crag_task_1_and_2_dev_v5_q_bda0be2b34aeeef4,crag_task_1_and_2_dev_v5_q_bda0be2b34aeeef4,validation,music,comparison,static,greedy_regression_aware_search,greedy_regression_aware_search,/music/search_artist_entity_by_name,music,1,1,0.0,10,0.75,0.95,0.6369752809405327,0.7404993630247191,True,True,20260809,192
crag_task_1_and_2_dev_v5_q_e97fe320c6b59e8c,crag_task_1_and_2_dev_v5_q_e97fe320c6b59e8c,validation,music,comparison,slow-changing,top_k_low,top_k_low,/music/search_artist_entity_by_name,music,1,1,0.0,10,0.9,0.85,1.6426537185907364,0.8914983573462815,True,True,20260809,193
crag_task_1_and_2_dev_v5_q_e97fe320c6b59e8c,crag_task_1_and_2_dev_v5_q_e97fe320c6b59e8c,validation,music,comparison,slow-changing,greedy_regression_aware_search,greedy_regression_aware_search,/music/search_artist_entity_by_name,music,1,1,0.0,10,0.9,0.95,1.9227229058742523,0.8904980772770942,True,True,20260809,193
crag_task_1_and_2_dev_v5_q_f945708f5af8e25b,crag_task_1_and_2_dev_v5_q_f945708f5af8e25b,validation,music,comparison,static,top_k_low,top_k_low,/music/search_artist_entity_by_name,music,1,1,0.0,10,0.8382352941176471,0.85,1.4535551890730858,0.829733840562458,True,True,20260809,194
crag_task_1_and_2_dev_v5_q_f945708f5af8e25b,crag_task_1_and_2_dev_v5_q_f945708f5af8e25b,validation,music,comparison,static,greedy_regression_aware_search,greedy_regression_aware_search,/music/search_artist_entity_by_name,music,1,1,0.0,10,0.8382352941176471,0.95,1.7401138320565224,0.8287335540038151,True,True,20260809,194
crag_task_1_and_2_dev_v5_q_0fa0d199b687249f,crag_task_1_and_2_dev_v5_q_0fa0d199b687249f,validation,music,false_premise,static,top_k_low,top_k_low,/music/search_artist_entity_by_name,music,1,1,0.0,10,0.75,0.85,5.351388826966286,0.7414946486111731,True,True,20260809,195
crag_task_1_and_2_dev_v5_q_0fa0d199b687249f,crag_task_1_and_2_dev_v5_q_0fa0d199b687249f,validation,music,false_premise,static,greedy_regression_aware_search,greedy_regression_aware_search,/music/search_artist_entity_by_name,music,1,1,0.0,10,0.75,0.95,5.246248096227646,0.7404947537519038,True,True,20260809,195
crag_task_1_and_2_dev_v5_q_3ab45349c8f016e2,crag_task_1_and_2_dev_v5_q_3ab45349c8f016e2,validation,music,false_premise,static,top_k_low,top_k_low,/music/search_artist_entity_by_name,music,1,1,0.0,10,0.75,0.85,3.422989509999752,0.7414965770104901,True,True,20260809,196
crag_task_1_and_2_dev_v5_q_3ab45349c8f016e2,crag_task_1_and_2_dev_v5_q_3ab45349c8f016e2,validation,music,false_premise,static,greedy_regression_aware_search,greedy_regression_aware_search,/music/search_artist_entity_by_name,music,1,1,0.0,10,0.75,0.95,3.383277915418148,0.7404966167220847,True,True,20260809,196
crag_task_1_and_2_dev_v5_q_5c3410645ea3476d,crag_task_1_and_2_dev_v5_q_5c3410645ea3476d,validation,music,false_premise,static,top_k_low,top_k_low,/music/search_artist_entity_by_name,music,1,1,0.0,10,0.75,0.85,5.974503234028816,0.741494025496766,True,True,20260809,197
crag_task_1_and_2_dev_v5_q_5c3410645ea3476d,crag_task_1_and_2_dev_v5_q_5c3410645ea3476d,validation,music,false_premise,static,greedy_regression_aware_search,greedy_regression_aware_search,/music/search_artist_entity_by_name,music,1,1,0.0,10,0.75,0.95,6.0625579208135605,0.7404939374420793,True,True,20260809,197
crag_task_1_and_2_dev_v5_q_b9d2e570a3ea828e,crag_task_1_and_2_dev_v5_q_b9d2e570a3ea828e,validation,music,false_premise,static,top_k_low,top_k_low,/music/search_artist_entity_by_name,music,1,1,0.0,10,0.75,0.85,0.3817742690443992,0.741499618225731,True,True,20260809,198
crag_task_1_and_2_dev_v5_q_b9d2e570a3ea828e,crag_task_1_and_2_dev_v5_q_b9d2e570a3ea828e,validation,music,false_premise,static,greedy_regression_aware_search,greedy_regression_aware_search,/music/search_artist_entity_by_name,music,1,1,0.0,10,0.75,0.95,0.3836676478385925,0.7404996163323522,True,True,20260809,198
crag_task_1_and_2_dev_v5_q_c9e1344c8e64d997,crag_task_1_and_2_dev_v5_q_c9e1344c8e64d997,validation,music,false_premise,static,top_k_low,top_k_low,/music/search_artist_entity_by_name,music,1,1,0.0,10,0.75,0.85,2.818172797560692,0.7414971818272025,True,True,20260809,199
crag_task_1_and_2_dev_v5_q_c9e1344c8e64d997,crag_task_1_and_2_dev_v5_q_c9e1344c8e64d997,validation,music,false_premise,static,greedy_regression_aware_search,greedy_regression_aware_search,/music/search_artist_entity_by_name,music,1,1,0.0,10,0.75,0.95,2.692359499633312,0.7404973076405004,True,True,20260809,199
crag_task_1_and_2_dev_v5_q_dacd6f6f5d5b919e,crag_task_1_and_2_dev_v5_q_dacd6f6f5d5b919e,validation,music,false_premise,static,top_k_low,top_k_low,/music/search_artist_entity_by_name,music,1,1,0.0,10,0.75,0.85,0.6178254261612892,0.7414993821745739,True,True,20260809,200
crag_task_1_and_2_dev_v5_q_dacd6f6f5d5b919e,crag_task_1_and_2_dev_v5_q_dacd6f6f5d5b919e,validation,music,false_premise,static,greedy_regression_aware_search,greedy_regression_aware_search,/music/search_artist_entity_by_name,music,1,1,0.0,10,0.75,0.95,0.7542036473751068,0.7404992457963526,True,True,20260809,200
crag_task_1_and_2_dev_v5_q_1450590679fc6cc5,crag_task_1_and_2_dev_v5_q_1450590679fc6cc5,validation,music,multi-hop,static,top_k_low,top_k_low,/music/search_artist_entity_by_name,music,1,1,0.0,10,0.925,0.85,1.652308739721775,0.9164983476912604,True,True,20260809,201
crag_task_1_and_2_dev_v5_q_1450590679fc6cc5,crag_task_1_and_2_dev_v5_q_1450590679fc6cc5,validation,music,multi-hop,static,greedy_regression_aware_search,greedy_regression_aware_search,/music/search_artist_entity_by_name,music,1,1,0.0,10,0.925,0.95,1.7065517604351044,0.9154982934482396,True,True,20260809,201
crag_task_1_and_2_dev_v5_q_40d8da7b4af8564c,crag_task_1_and_2_dev_v5_q_40d8da7b4af8564c,validation,music,multi-hop,static,top_k_low,top_k_low,/music/search_artist_entity_by_name,music,1,1,0.0,10,0.75,0.85,0.8645234629511833,0.7414991354765371,True,True,20260809,202
crag_task_1_and_2_dev_v5_q_40d8da7b4af8564c,crag_task_1_and_2_dev_v5_q_40d8da7b4af8564c,validation,music,multi-hop,static,greedy_regression_aware_search,greedy_regression_aware_search,/music/search_artist_entity_by_name,music,1,1,0.0,10,0.75,0.95,1.185164786875248,0.7404988148352132,True,True,20260809,202
crag_task_1_and_2_dev_v5_q_5155aae283692f7e,crag_task_1_and_2_dev_v5_q_5155aae283692f7e,validation,music,multi-hop,slow-changing,top_k_low,top_k_low,/music/search_artist_entity_by_name,music,1,1,0.0,10,0.75,0.85,0.3086533397436142,0.7414996913466603,True,True,20260809,203
crag_task_1_and_2_dev_v5_q_5155aae283692f7e,crag_task_1_and_2_dev_v5_q_5155aae283692f7e,validation,music,multi-hop,slow-changing,greedy_regression_aware_search,greedy_regression_aware_search,/music/search_artist_entity_by_name,music,1,1,0.0,10,0.75,0.95,0.323435291647911,0.7404996765647084,True,True,20260809,203
crag_task_1_and_2_dev_v5_q_5ec7a8b58238139d,crag_task_1_and_2_dev_v5_q_5ec7a8b58238139d,validation,music,multi-hop,static,top_k_low,top_k_low,/music/search_artist_entity_by_name,music,1,1,0.0,10,0.7642857142857142,0.85,0.7566381245851517,0.7557849576475897,True,True,20260809,204
crag_task_1_and_2_dev_v5_q_5ec7a8b58238139d,crag_task_1_and_2_dev_v5_q_5ec7a8b58238139d,validation,music,multi-hop,static,greedy_regression_aware_search,greedy_regression_aware_search,/music/search_artist_entity_by_name,music,1,1,0.0,10,0.7642857142857142,0.95,0.8015371859073639,0.7547849127485283,True,True,20260809,204
crag_task_1_and_2_dev_v5_q_e9e8ad1448000999,crag_task_1_and_2_dev_v5_q_e9e8ad1448000999,validation,music,multi-hop,static,top_k_low,top_k_low,/music/search_artist_entity_by_name,music,1,1,0.0,10,0.7569444444444444,0.85,0.8838828653097153,0.7484435605615791,True,True,20260809,205
crag_task_1_and_2_dev_v5_q_e9e8ad1448000999,crag_task_1_and_2_dev_v5_q_e9e8ad1448000999,validation,music,multi-hop,static,greedy_regression_aware_search,greedy_regression_aware_search,/music/search_artist_entity_by_name,music,1,1,0.0,10,0.7569444444444444,0.95,1.0633571073412895,0.7474433810873371,True,True,20260809,205
crag_task_1_and_2_dev_v5_q_ea1351c843773f79,crag_task_1_and_2_dev_v5_q_ea1351c843773f79,validation,music,multi-hop,slow-changing,top_k_low,top_k_low,/music/search_artist_entity_by_name,music,1,1,0.0,10,0.7777777777777778,0.85,2.0566070452332497,0.7692757211707326,True,True,20260809,206
crag_task_1_and_2_dev_v5_q_ea1351c843773f79,crag_task_1_and_2_dev_v5_q_ea1351c843773f79,validation,music,multi-hop,slow-changing,greedy_regression_aware_search,greedy_regression_aware_search,/music/search_artist_entity_by_name,music,1,1,0.0,10,0.7777777777777778,0.95,2.1170098334550858,0.7682756607679444,True,True,20260809,206
crag_task_1_and_2_dev_v5_q_ed91bf34cdde394b,crag_task_1_and_2_dev_v5_q_ed91bf34cdde394b,validation,music,multi-hop,static,top_k_low,top_k_low,/music/search_artist_entity_by_name,music,1,1,0.0,10,0.9166666666666666,0.85,0.810469500720501,0.908165856197166,True,True,20260809,207
crag_task_1_and_2_dev_v5_q_ed91bf34cdde394b,crag_task_1_and_2_dev_v5_q_ed91bf34cdde394b,validation,music,multi-hop,static,greedy_regression_aware_search,greedy_regression_aware_search,/music/search_artist_entity_by_name,music,1,1,0.0,10,0.9166666666666666,0.95,0.8657043799757957,0.9071658009622868,True,True,20260809,207
crag_task_1_and_2_dev_v5_q_e7da863eea08282c,crag_task_1_and_2_dev_v5_q_e7da863eea08282c,validation,music,post-processing,static,top_k_low,top_k_low,/music/search_artist_entity_by_name,music,1,1,0.0,10,0.875,0.85,5.575602874159813,0.8664944243971259,True,True,20260809,208
crag_task_1_and_2_dev_v5_q_e7da863eea08282c,crag_task_1_and_2_dev_v5_q_e7da863eea08282c,validation,music,post-processing,static,greedy_regression_aware_search,greedy_regression_aware_search,/music/search_artist_entity_by_name,music,1,1,0.0,10,0.875,0.95,5.950205959379673,0.8654940497940407,True,True,20260809,208
crag_task_1_and_2_dev_v5_q_8129a2748d4fe215,crag_task_1_and_2_dev_v5_q_8129a2748d4fe215,validation,music,set,static,top_k_low,top_k_low,/music/search_artist_entity_by_name,music,1,1,0.0,10,0.8055555555555556,0.85,2.168498933315277,0.7970533870566223,True,True,20260809,209
crag_task_1_and_2_dev_v5_q_8129a2748d4fe215,crag_task_1_and_2_dev_v5_q_8129a2748d4fe215,validation,music,set,static,greedy_regression_aware_search,greedy_regression_aware_search,/music/search_artist_entity_by_name,music,1,1,0.0,10,0.8055555555555556,0.95,2.2415313869714737,0.7960533140241687,True,True,20260809,209
crag_task_1_and_2_dev_v5_q_a20eabe74b6a82ec,crag_task_1_and_2_dev_v5_q_a20eabe74b6a82ec,validation,music,set,static,top_k_low,top_k_low,/music/search_artist_entity_by_name,music,1,1,0.0,10,0.8035714285714286,0.85,7.862863130867481,0.7950635657082978,True,True,20260809,210
crag_task_1_and_2_dev_v5_q_a20eabe74b6a82ec,crag_task_1_and_2_dev_v5_q_a20eabe74b6a82ec,validation,music,set,static,greedy_regression_aware_search,greedy_regression_aware_search,/music/search_artist_entity_by_name,music,1,1,0.0,10,0.8035714285714286,0.95,7.917917333543301,0.7940635106540951,True,True,20260809,210
crag_task_1_and_2_dev_v5_q_a9ea1bf66011131f,crag_task_1_and_2_dev_v5_q_a9ea1bf66011131f,validation,music,set,static,top_k_low,top_k_low,/music/search_artist_entity_by_name,music,1,1,0.0,10,0.8095238095238095,0.85,7.429939694702625,0.8010163795841149,True,True,20260809,211
crag_task_1_and_2_dev_v5_q_a9ea1bf66011131f,crag_task_1_and_2_dev_v5_q_a9ea1bf66011131f,validation,music,set,static,greedy_regression_aware_search,greedy_regression_aware_search,/music/search_artist_entity_by_name,music,1,1,0.0,10,0.8095238095238095,0.95,7.394976913928986,0.8000164145468956,True,True,20260809,211
crag_task_1_and_2_dev_v5_q_b307b7057c7ea40f,crag_task_1_and_2_dev_v5_q_b307b7057c7ea40f,validation,music,set,static,top_k_low,top_k_low,/music/search_artist_entity_by_name,music,1,1,0.0,10,0.7894736842105263,0.85,7.390299811959267,0.7809662939107144,True,True,20260809,212
crag_task_1_and_2_dev_v5_q_b307b7057c7ea40f,crag_task_1_and_2_dev_v5_q_b307b7057c7ea40f,validation,music,set,static,greedy_regression_aware_search,greedy_regression_aware_search,/music/search_artist_entity_by_name,music,1,1,0.0,10,0.7894736842105263,0.95,7.3110181838274,0.7799663731923425,True,True,20260809,212
crag_task_1_and_2_dev_v5_q_ee736670c2b30d3f,crag_task_1_and_2_dev_v5_q_ee736670c2b30d3f,validation,music,set,static,top_k_low,top_k_low,/music/search_artist_entity_by_name,music,1,1,0.0,10,0.75,0.85,7.529852911829948,0.7414924701470882,True,True,20260809,213
crag_task_1_and_2_dev_v5_q_ee736670c2b30d3f,crag_task_1_and_2_dev_v5_q_ee736670c2b30d3f,validation,music,set,static,greedy_regression_aware_search,greedy_regression_aware_search,/music/search_artist_entity_by_name,music,1,1,0.0,10,0.75,0.95,7.545998319983482,0.7404924540016801,True,True,20260809,213
crag_task_1_and_2_dev_v5_q_358fe01e750f33dc,crag_task_1_and_2_dev_v5_q_358fe01e750f33dc,validation,music,simple,static,top_k_low,top_k_low,/music/search_artist_entity_by_name,music,1,1,0.0,10,0.75,0.85,4.864264279603958,0.7414951357357205,True,True,20260809,214
crag_task_1_and_2_dev_v5_q_358fe01e750f33dc,crag_task_1_and_2_dev_v5_q_358fe01e750f33dc,validation,music,simple,static,greedy_regression_aware_search,greedy_regression_aware_search,/music/search_artist_entity_by_name,music,1,1,0.0,10,0.75,0.95,4.98726312071085,0.7404950127368793,True,True,20260809,214
crag_task_1_and_2_dev_v5_q_3d42b48b24bd3842,crag_task_1_and_2_dev_v5_q_3d42b48b24bd3842,validation,music,simple,static,top_k_low,top_k_low,/music/search_artist_entity_by_name,music,1,1,0.0,10,0.75,0.85,5.958107300102711,0.7414940418927,True,True,20260809,215
crag_task_1_and_2_dev_v5_q_3d42b48b24bd3842,crag_task_1_and_2_dev_v5_q_3d42b48b24bd3842,validation,music,simple,static,greedy_regression_aware_search,greedy_regression_aware_search,/music/search_artist_entity_by_name,music,1,1,0.0,10,0.75,0.95,6.368536502122879,0.7404936314634979,True,True,20260809,215
crag_task_1_and_2_dev_v5_q_6c6da7d8374421c5,crag_task_1_and_2_dev_v5_q_6c6da7d8374421c5,validation,music,simple,static,top_k_low,top_k_low,/music/search_artist_entity_by_name,music,1,1,0.0,10,0.875,0.85,1.0647699236869812,0.8664989352300764,True,True,20260809,216
crag_task_1_and_2_dev_v5_q_6c6da7d8374421c5,crag_task_1_and_2_dev_v5_q_6c6da7d8374421c5,validation,music,simple,static,greedy_regression_aware_search,greedy_regression_aware_search,/music/search_artist_entity_by_name,music,1,1,0.0,10,0.875,0.95,1.1786026880145073,0.865498821397312,True,True,20260809,216
crag_task_1_and_2_dev_v5_q_7412737e181963e2,crag_task_1_and_2_dev_v5_q_7412737e181963e2,validation,music,simple,static,top_k_low,top_k_low,/music/search_artist_entity_by_name,music,1,1,0.0,10,0.90625,0.85,1.17614958435297,0.8977488238504157,True,True,20260809,217
crag_task_1_and_2_dev_v5_q_7412737e181963e2,crag_task_1_and_2_dev_v5_q_7412737e181963e2,validation,music,simple,static,greedy_regression_aware_search,greedy_regression_aware_search,/music/search_artist_entity_by_name,music,1,1,0.0,10,0.90625,0.95,1.635223627090454,0.896748364776373,True,True,20260809,217
crag_task_1_and_2_dev_v5_q_74633437f1e051f3,crag_task_1_and_2_dev_v5_q_74633437f1e051f3,validation,music,simple,static,top_k_low,top_k_low,/music/search_artist_entity_by_name,music,1,1,0.0,10,0.75,0.85,6.017859093844891,0.7414939821409062,True,True,20260809,218
crag_task_1_and_2_dev_v5_q_74633437f1e051f3,crag_task_1_and_2_dev_v5_q_74633437f1e051f3,validation,music,simple,static,greedy_regression_aware_search,greedy_regression_aware_search,/music/search_artist_entity_by_name,music,1,1,0.0,10,0.75,0.95,6.317176856100559,0.740493682823144,True,True,20260809,218
crag_task_1_and_2_dev_v5_q_8f1ed0c2d8cd5572,crag_task_1_and_2_dev_v5_q_8f1ed0c2d8cd5572,validation,music,simple,static,top_k_low,top_k_low,/music/search_artist_entity_by_name,music,1,1,0.0,10,0.75,0.85,7.23927840590477,0.7414927607215941,True,True,20260809,219
crag_task_1_and_2_dev_v5_q_8f1ed0c2d8cd5572,crag_task_1_and_2_dev_v5_q_8f1ed0c2d8cd5572,validation,music,simple,static,greedy_regression_aware_search,greedy_regression_aware_search,/music/search_artist_entity_by_name,music,1,1,0.0,10,0.75,0.95,7.240801118314266,0.7404927591988817,True,True,20260809,219
crag_task_1_and_2_dev_v5_q_97feeba39432ab8d,crag_task_1_and_2_dev_v5_q_97feeba39432ab8d,validation,music,simple,slow-changing,top_k_low,top_k_low,/music/search_artist_entity_by_name,music,1,1,0.0,10,0.861111111111111,0.85,1.19913462549448,0.8526099119764856,True,True,20260809,220
crag_task_1_and_2_dev_v5_q_97feeba39432ab8d,crag_task_1_and_2_dev_v5_q_97feeba39432ab8d,validation,music,simple,slow-changing,greedy_regression_aware_search,greedy_regression_aware_search,/music/search_artist_entity_by_name,music,1,1,0.0,10,0.861111111111111,0.95,1.3097040355205536,0.8516098014070755,True,True,20260809,220
crag_task_1_and_2_dev_v5_q_b80f15c74d41c653,crag_task_1_and_2_dev_v5_q_b80f15c74d41c653,validation,music,simple,static,top_k_low,top_k_low,/music/search_artist_entity_by_name,music,1,1,0.0,10,0.7941176470588235,0.85,0.8303308859467506,0.7856168167279376,True,True,20260809,221
crag_task_1_and_2_dev_v5_q_b80f15c74d41c653,crag_task_1_and_2_dev_v5_q_b80f15c74d41c653,validation,music,simple,static,greedy_regression_aware_search,greedy_regression_aware_search,/music/search_artist_entity_by_name,music,1,1,0.0,10,0.7941176470588235,0.95,0.912836752831936,0.7846167342220707,True,True,20260809,221
crag_task_1_and_2_dev_v5_q_c1c5ed06037cd0e6,crag_task_1_and_2_dev_v5_q_c1c5ed06037cd0e6,validation,music,simple,static,top_k_low,top_k_low,/music/search_artist_entity_by_name,music,1,1,0.0,10,0.75,0.85,2.621510997414589,0.7414973784890027,True,True,20260809,222
crag_task_1_and_2_dev_v5_q_c1c5ed06037cd0e6,crag_task_1_and_2_dev_v5_q_c1c5ed06037cd0e6,validation,music,simple,static,greedy_regression_aware_search,greedy_regression_aware_search,/music/search_artist_entity_by_name,music,1,1,0.0,10,0.75,0.95,2.6935022324323654,0.7404973064977676,True,True,20260809,222
crag_task_1_and_2_dev_v5_q_dd77b112b1874150,crag_task_1_and_2_dev_v5_q_dd77b112b1874150,validation,music,simple,static,top_k_low,top_k_low,/music/search_artist_entity_by_name,music,1,1,0.0,10,0.75,0.85,0.8674170821905136,0.7414991325829179,True,True,20260809,223
crag_task_1_and_2_dev_v5_q_dd77b112b1874150,crag_task_1_and_2_dev_v5_q_dd77b112b1874150,validation,music,simple,static,greedy_regression_aware_search,greedy_regression_aware_search,/music/search_artist_entity_by_name,music,1,1,0.0,10,0.75,0.95,0.8673882111907005,0.7404991326117889,True,True,20260809,223
crag_task_1_and_2_dev_v5_q_e322e990d8666e02,crag_task_1_and_2_dev_v5_q_e322e990d8666e02,validation,music,simple,static,top_k_low,top_k_low,/music/search_artist_entity_by_name,music,1,1,0.0,10,0.75,0.85,7.920331321656704,0.7414920796686784,True,True,20260809,224
crag_task_1_and_2_dev_v5_q_e322e990d8666e02,crag_task_1_and_2_dev_v5_q_e322e990d8666e02,validation,music,simple,static,greedy_regression_aware_search,greedy_regression_aware_search,/music/search_artist_entity_by_name,music,1,1,0.0,10,0.75,0.95,7.743729278445244,0.7404922562707216,True,True,20260809,224
crag_task_1_and_2_dev_v5_q_fcceb12b8a55b23b,crag_task_1_and_2_dev_v5_q_fcceb12b8a55b23b,validation,music,simple,static,top_k_low,top_k_low,/music/search_artist_entity_by_name,music,1,1,0.0,10,0.75,0.85,4.713593050837517,0.7414952864069492,True,True,20260809,225
crag_task_1_and_2_dev_v5_q_fcceb12b8a55b23b,crag_task_1_and_2_dev_v5_q_fcceb12b8a55b23b,validation,music,simple,static,greedy_regression_aware_search,greedy_regression_aware_search,/music/search_artist_entity_by_name,music,1,1,0.0,10,0.75,0.95,4.540448077023029,0.740495459551923,True,True,20260809,225
crag_task_1_and_2_dev_v5_q_fff3e931f8a33af6,crag_task_1_and_2_dev_v5_q_fff3e931f8a33af6,validation,music,simple,static,top_k_low,top_k_low,/music/search_artist_entity_by_name,music,1,1,0.0,10,0.8571428571428571,0.85,0.6986092776060104,0.8486421585335795,True,True,20260809,226
crag_task_1_and_2_dev_v5_q_fff3e931f8a33af6,crag_task_1_and_2_dev_v5_q_fff3e931f8a33af6,validation,music,simple,static,greedy_regression_aware_search,greedy_regression_aware_search,/music/search_artist_entity_by_name,music,1,1,0.0,10,0.8571428571428571,0.95,0.7665427401661873,0.847642090600117,True,True,20260809,226
crag_task_1_and_2_dev_v5_q_0d5e63e6c0cad13e,crag_task_1_and_2_dev_v5_q_0d5e63e6c0cad13e,validation,music,simple_w_condition,static,top_k_low,top_k_low,/music/search_artist_entity_by_name,music,1,1,0.0,10,0.828125,0.85,1.9346904009580608,0.819623065309599,True,True,20260809,227
crag_task_1_and_2_dev_v5_q_0d5e63e6c0cad13e,crag_task_1_and_2_dev_v5_q_0d5e63e6c0cad13e,validation,music,simple_w_condition,static,greedy_regression_aware_search,greedy_regression_aware_search,/music/search_artist_entity_by_name,music,1,1,0.0,10,0.828125,0.95,2.018960192799568,0.8186229810398072,True,True,20260809,227
crag_task_1_and_2_dev_v5_q_7abf957be2ea4cf8,crag_task_1_and_2_dev_v5_q_7abf957be2ea4cf8,validation,music,simple_w_condition,static,top_k_low,top_k_low,/music/search_artist_entity_by_name,music,1,1,0.0,10,0.75,0.85,1.4815963804721832,0.7414985184036196,True,True,20260809,228
crag_task_1_and_2_dev_v5_q_7abf957be2ea4cf8,crag_task_1_and_2_dev_v5_q_7abf957be2ea4cf8,validation,music,simple_w_condition,static,greedy_regression_aware_search,greedy_regression_aware_search,/music/search_artist_entity_by_name,music,1,1,0.0,10,0.75,0.95,1.515248790383339,0.7404984847512097,True,True,20260809,228
crag_task_1_and_2_dev_v5_q_9a0d4b2cca962971,crag_task_1_and_2_dev_v5_q_9a0d4b2cca962971,validation,music,simple_w_condition,static,top_k_low,top_k_low,/music/search_artist_entity_by_name,music,1,1,0.0,10,0.8289473684210527,0.85,1.6692150384187698,0.8204456992060143,True,True,20260809,229
crag_task_1_and_2_dev_v5_q_9a0d4b2cca962971,crag_task_1_and_2_dev_v5_q_9a0d4b2cca962971,validation,music,simple_w_condition,static,greedy_regression_aware_search,greedy_regression_aware_search,/music/search_artist_entity_by_name,music,1,1,0.0,10,0.8289473684210527,0.95,1.6599614173173904,0.8194457084596354,True,True,20260809,229
crag_task_1_and_2_dev_v5_q_b842325c18a4538b,crag_task_1_and_2_dev_v5_q_b842325c18a4538b,validation,music,simple_w_condition,fast-changing,top_k_low,top_k_low,/music/search_artist_entity_by_name,music,1,1,0.0,10,0.8333333333333334,0.85,0.968380831182003,0.8248323649525022,True,True,20260809,230
crag_task_1_and_2_dev_v5_q_b842325c18a4538b,crag_task_1_and_2_dev_v5_q_b842325c18a4538b,validation,music,simple_w_condition,fast-changing,greedy_regression_aware_search,greedy_regression_aware_search,/music/search_artist_entity_by_name,music,1,1,0.0,10,0.8333333333333334,0.95,0.9914571419358252,0.8238323418761915,True,True,20260809,230
crag_task_1_and_2_dev_v5_q_cc2afd8ffe9a2ef9,crag_task_1_and_2_dev_v5_q_cc2afd8ffe9a2ef9,validation,music,simple_w_condition,static,top_k_low,top_k_low,/music/search_artist_entity_by_name,music,1,1,0.0,10,0.75,0.85,0.262431800365448,0.7414997375681996,True,True,20260809,231
crag_task_1_and_2_dev_v5_q_cc2afd8ffe9a2ef9,crag_task_1_and_2_dev_v5_q_cc2afd8ffe9a2ef9,validation,music,simple_w_condition,static,greedy_regression_aware_search,greedy_regression_aware_search,/music/search_artist_entity_by_name,music,1,1,0.0,10,0.75,0.95,0.2692015841603279,0.7404997307984159,True,True,20260809,231
crag_task_1_and_2_dev_v5_q_1ce6863834852442,crag_task_1_and_2_dev_v5_q_1ce6863834852442,validation,open,aggregation,slow-changing,top_k_low,top_k_low,/open/search_entity_by_name,open,1,1,0.0,10,0.8333333333333334,0.85,1.78634375333786,0.8248315469895801,True,True,20260809,232
crag_task_1_and_2_dev_v5_q_1ce6863834852442,crag_task_1_and_2_dev_v5_q_1ce6863834852442,validation,open,aggregation,slow-changing,greedy_regression_aware_search,greedy_regression_aware_search,/open/search_entity_by_name,open,1,1,0.0,10,0.8333333333333334,0.95,1.6674716025590897,0.8238316658617308,True,True,20260809,232
crag_task_1_and_2_dev_v5_q_1d3a37e9d2d77af6,crag_task_1_and_2_dev_v5_q_1d3a37e9d2d77af6,validation,open,aggregation,slow-changing,top_k_low,top_k_low,/open/search_entity_by_name,open,1,1,0.0,10,0.7833333333333333,0.85,1.6697552055120468,0.7748316635781278,True,True,20260809,233
crag_task_1_and_2_dev_v5_q_1d3a37e9d2d77af6,crag_task_1_and_2_dev_v5_q_1d3a37e9d2d77af6,validation,open,aggregation,slow-changing,greedy_regression_aware_search,greedy_regression_aware_search,/open/search_entity_by_name,open,1,1,0.0,10,0.7833333333333333,0.95,1.6331598162651062,0.7738317001735171,True,True,20260809,233
crag_task_1_and_2_dev_v5_q_4fb510226c7038fe,crag_task_1_and_2_dev_v5_q_4fb510226c7038fe,validation,open,aggregation,static,top_k_low,top_k_low,/open/search_entity_by_name,open,1,1,0.0,10,0.888888888888889,0.85,1.6794297844171524,0.8803872094591045,True,True,20260809,234
crag_task_1_and_2_dev_v5_q_4fb510226c7038fe,crag_task_1_and_2_dev_v5_q_4fb510226c7038fe,validation,open,aggregation,static,greedy_regression_aware_search,greedy_regression_aware_search,/open/search_entity_by_name,open,1,1,0.0,10,0.888888888888889,0.95,1.64895411580801,0.8793872399347732,True,True,20260809,234
crag_task_1_and_2_dev_v5_q_5997bd4df8b745f3,crag_task_1_and_2_dev_v5_q_5997bd4df8b745f3,validation,open,aggregation,fast-changing,top_k_low,top_k_low,/open/search_entity_by_name,open,1,1,0.0,10,0.75,0.85,1.6660988330841064,0.7414983339011669,True,True,20260809,235
crag_task_1_and_2_dev_v5_q_5997bd4df8b745f3,crag_task_1_and_2_dev_v5_q_5997bd4df8b745f3,validation,open,aggregation,fast-changing,greedy_regression_aware_search,greedy_regression_aware_search,/open/search_entity_by_name,open,1,1,0.0,10,0.75,0.95,1.6933605074882507,0.7404983066394926,True,True,20260809,235
crag_task_1_and_2_dev_v5_q_5d5583c46804f435,crag_task_1_and_2_dev_v5_q_5d5583c46804f435,validation,open,aggregation,fast-changing,top_k_low,top_k_low,/open/search_entity_by_name,open,1,1,0.0,10,0.7916666666666666,0.85,1.2537585571408272,0.7831654129081095,True,True,20260809,236
crag_task_1_and_2_dev_v5_q_5d5583c46804f435,crag_task_1_and_2_dev_v5_q_5d5583c46804f435,validation,open,aggregation,fast-changing,greedy_regression_aware_search,greedy_regression_aware_search,/open/search_entity_by_name,open,1,1,0.0,10,0.7916666666666666,0.95,1.2200763449072838,0.7821654465903217,True,True,20260809,236
crag_task_1_and_2_dev_v5_q_649be16456c41dd2,crag_task_1_and_2_dev_v5_q_649be16456c41dd2,validation,open,aggregation,static,top_k_low,top_k_low,/open/search_entity_by_name,open,1,1,0.0,10,0.8333333333333334,0.85,1.520277000963688,0.8248318130563325,True,True,20260809,237
crag_task_1_and_2_dev_v5_q_649be16456c41dd2,crag_task_1_and_2_dev_v5_q_649be16456c41dd2,validation,open,aggregation,static,greedy_regression_aware_search,greedy_regression_aware_search,/open/search_entity_by_name,open,1,1,0.0,10,0.8333333333333334,0.95,1.5091197565197945,0.8238318242135769,True,True,20260809,237
crag_task_1_and_2_dev_v5_q_6f5e58b02a4873e4,crag_task_1_and_2_dev_v5_q_6f5e58b02a4873e4,validation,open,aggregation,static,top_k_low,top_k_low,/open/search_entity_by_name,open,1,1,0.0,1,0.78125,0.85,1.2378143146634102,0.7727487621856853,True,True,20260809,238
crag_task_1_and_2_dev_v5_q_6f5e58b02a4873e4,crag_task_1_and_2_dev_v5_q_6f5e58b02a4873e4,validation,open,aggregation,static,greedy_regression_aware_search,greedy_regression_aware_search,/open/search_entity_by_name,open,1,1,0.0,1,0.78125,0.95,1.1754175648093224,0.7717488245824352,True,True,20260809,238
crag_task_1_and_2_dev_v5_q_8b7e2fbd7acbc357,crag_task_1_and_2_dev_v5_q_8b7e2fbd7acbc357,validation,open,aggregation,slow-changing,top_k_low,top_k_low,/open/search_entity_by_name,open,1,1,0.0,10,0.8,0.85,1.5066461637616158,0.7914984933538364,True,True,20260809,239
crag_task_1_and_2_dev_v5_q_8b7e2fbd7acbc357,crag_task_1_and_2_dev_v5_q_8b7e2fbd7acbc357,validation,open,aggregation,slow-changing,greedy_regression_aware_search,greedy_regression_aware_search,/open/search_entity_by_name,open,1,1,0.0,10,0.8,0.95,1.6101635992527008,0.7904983898364009,True,True,20260809,239
crag_task_1_and_2_dev_v5_q_8e956c3ee23d027b,crag_task_1_and_2_dev_v5_q_8e956c3ee23d027b,validation,open,aggregation,static,top_k_low,top_k_low,/open/search_entity_by_name,open,1,1,0.0,10,0.8076923076923077,0.85,1.682915724813938,0.799190624776583,True,True,20260809,240
crag_task_1_and_2_dev_v5_q_8e956c3ee23d027b,crag_task_1_and_2_dev_v5_q_8e956c3ee23d027b,validation,open,aggregation,static,greedy_regression_aware_search,greedy_regression_aware_search,/open/search_entity_by_name,open,1,1,0.0,10,0.8076923076923077,0.95,1.6560442745685575,0.7981906516480332,True,True,20260809,240
crag_task_1_and_2_dev_v5_q_8f7acc91e19e3dcd,crag_task_1_and_2_dev_v5_q_8f7acc91e19e3dcd,validation,open,aggregation,slow-changing,top_k_low,top_k_low,/open/search_entity_by_name,open,1,1,0.0,10,0.75,0.85,1.373322680592537,0.7414986266773195,True,True,20260809,241
crag_task_1_and_2_dev_v5_q_8f7acc91e19e3dcd,crag_task_1_and_2_dev_v5_q_8f7acc91e19e3dcd,validation,open,aggregation,slow-changing,greedy_regression_aware_search,greedy_regression_aware_search,/open/search_entity_by_name,open,1,1,0.0,10,0.75,0.95,1.325918361544609,0.7404986740816385,True,True,20260809,241
crag_task_1_and_2_dev_v5_q_9198fd736e8b7f48,crag_task_1_and_2_dev_v5_q_9198fd736e8b7f48,validation,open,aggregation,slow-changing,top_k_low,top_k_low,/open/search_entity_by_name,open,1,1,0.0,10,0.8125,0.85,1.2438939884305,0.8039987561060116,True,True,20260809,242
crag_task_1_and_2_dev_v5_q_9198fd736e8b7f48,crag_task_1_and_2_dev_v5_q_9198fd736e8b7f48,validation,open,aggregation,slow-changing,greedy_regression_aware_search,greedy_regression_aware_search,/open/search_entity_by_name,open,1,1,0.0,10,0.8125,0.95,1.2114839628338814,0.8029987885160372,True,True,20260809,242
crag_task_1_and_2_dev_v5_q_92b22b3f36cedf14,crag_task_1_and_2_dev_v5_q_92b22b3f36cedf14,validation,open,aggregation,static,top_k_low,top_k_low,/open/search_entity_by_name,open,1,1,0.0,10,0.875,0.85,1.5249243006110191,0.8664984750756994,True,True,20260809,243
crag_task_1_and_2_dev_v5_q_92b22b3f36cedf14,crag_task_1_and_2_dev_v5_q_92b22b3f36cedf14,validation,open,aggregation,static,greedy_regression_aware_search,greedy_regression_aware_search,/open/search_entity_by_name,open,1,1,0.0,10,0.875,0.95,1.5880512073636055,0.8654984119487927,True,True,20260809,243
crag_task_1_and_2_dev_v5_q_ab1b4e22ad5cf6b5,crag_task_1_and_2_dev_v5_q_ab1b4e22ad5cf6b5,validation,open,aggregation,static,top_k_low,top_k_low,/open/search_entity_by_name,open,1,1,0.0,10,0.8333333333333334,0.85,1.4966893941164017,0.8248318366439393,True,True,20260809,244
crag_task_1_and_2_dev_v5_q_ab1b4e22ad5cf6b5,crag_task_1_and_2_dev_v5_q_ab1b4e22ad5cf6b5,validation,open,aggregation,static,greedy_regression_aware_search,greedy_regression_aware_search,/open/search_entity_by_name,open,1,1,0.0,10,0.8333333333333334,0.95,1.5053432434797287,0.8238318279900899,True,True,20260809,244
crag_task_1_and_2_dev_v5_q_c607785a6ba07a8b,crag_task_1_and_2_dev_v5_q_c607785a6ba07a8b,validation,open,aggregation,slow-changing,top_k_low,top_k_low,/open/search_entity_by_name,open,1,1,0.0,10,0.825,0.85,1.7478251829743383,0.816498252174817,True,True,20260809,245
crag_task_1_and_2_dev_v5_q_c607785a6ba07a8b,crag_task_1_and_2_dev_v5_q_c607785a6ba07a8b,validation,open,aggregation,slow-changing,greedy_regression_aware_search,greedy_regression_aware_search,/open/search_entity_by_name,open,1,1,0.0,10,0.825,0.95,1.634029671549797,0.8154983659703284,True,True,20260809,245
crag_task_1_and_2_dev_v5_q_dcd8685d1dfbd80e,crag_task_1_and_2_dev_v5_q_dcd8685d1dfbd80e,validation,open,aggregation,slow-changing,top_k_low,top_k_low,/open/search_entity_by_name,open,1,1,0.0,10,0.796875,0.85,1.6670310869812963,0.7883733329689131,True,True,20260809,246
crag_task_1_and_2_dev_v5_q_dcd8685d1dfbd80e,crag_task_1_and_2_dev_v5_q_dcd8685d1dfbd80e,validation,open,aggregation,slow-changing,greedy_regression_aware_search,greedy_regression_aware_search,/open/search_entity_by_name,open,1,1,0.0,10,0.796875,0.95,1.7045484855771065,0.7873732954515145,True,True,20260809,246
crag_task_1_and_2_dev_v5_q_ef4a6a2fe3e488a6,crag_task_1_and_2_dev_v5_q_ef4a6a2fe3e488a6,validation,open,aggregation,static,top_k_low,top_k_low,/open/search_entity_by_name,open,1,1,0.0,10,0.75,0.85,1.6445666551589966,0.7414983554333449,True,True,20260809,247
crag_task_1_and_2_dev_v5_q_ef4a6a2fe3e488a6,crag_task_1_and_2_dev_v5_q_ef4a6a2fe3e488a6,validation,open,aggregation,static,greedy_regression_aware_search,greedy_regression_aware_search,/open/search_entity_by_name,open,1,1,0.0,10,0.75,0.95,1.6143806278705597,0.7404983856193722,True,True,20260809,247
crag_task_1_and_2_dev_v5_q_f76c3a24a5f21c07,crag_task_1_and_2_dev_v5_q_f76c3a24a5f21c07,validation,open,aggregation,static,top_k_low,top_k_low,/open/search_entity_by_name,open,1,1,0.0,10,0.8,0.85,1.659930683672428,0.7914983400693164,True,True,20260809,248
crag_task_1_and_2_dev_v5_q_f76c3a24a5f21c07,crag_task_1_and_2_dev_v5_q_f76c3a24a5f21c07,validation,open,aggregation,static,greedy_regression_aware_search,greedy_regression_aware_search,/open/search_entity_by_name,open,1,1,0.0,10,0.8,0.95,1.7155446112155914,0.7904982844553888,True,True,20260809,248
crag_task_1_and_2_dev_v5_q_01e935d2a502ef4e,crag_task_1_and_2_dev_v5_q_01e935d2a502ef4e,validation,open,comparison,slow-changing,top_k_low,top_k_low,/open/search_entity_by_name,open,1,1,0.0,10,0.875,0.85,1.6429442912340164,0.8664983570557088,True,True,20260809,249
crag_task_1_and_2_dev_v5_q_01e935d2a502ef4e,crag_task_1_and_2_dev_v5_q_01e935d2a502ef4e,validation,open,comparison,slow-changing,greedy_regression_aware_search,greedy_regression_aware_search,/open/search_entity_by_name,open,1,1,0.0,10,0.875,0.95,1.75588671118021,0.8654982441132889,True,True,20260809,249
crag_task_1_and_2_dev_v5_q_0b6068b8ca452b3a,crag_task_1_and_2_dev_v5_q_0b6068b8ca452b3a,validation,open,comparison,static,top_k_low,top_k_low,/open/search_entity_by_name,open,1,1,0.0,2,0.75,0.85,1.5298910439014437,0.7414984701089562,True,True,20260809,250
crag_task_1_and_2_dev_v5_q_0b6068b8ca452b3a,crag_task_1_and_2_dev_v5_q_0b6068b8ca452b3a,validation,open,comparison,static,greedy_regression_aware_search,greedy_regression_aware_search,/open/search_entity_by_name,open,1,1,0.0,2,0.75,0.95,1.5031499788165092,0.7404984968500212,True,True,20260809,250
crag_task_1_and_2_dev_v5_q_1fd44a1ccc0bbfb0,crag_task_1_and_2_dev_v5_q_1fd44a1ccc0bbfb0,validation,open,comparison,static,top_k_low,top_k_low,/open/search_entity_by_name,open,1,1,0.0,10,0.75,0.85,1.653529703617096,0.7414983464702964,True,True,20260809,251
crag_task_1_and_2_dev_v5_q_1fd44a1ccc0bbfb0,crag_task_1_and_2_dev_v5_q_1fd44a1ccc0bbfb0,validation,open,comparison,static,greedy_regression_aware_search,greedy_regression_aware_search,/open/search_entity_by_name,open,1,1,0.0,10,0.75,0.95,1.72328669577837,0.7404982767133043,True,True,20260809,251
crag_task_1_and_2_dev_v5_q_2b4b0fc8a4c1019d,crag_task_1_and_2_dev_v5_q_2b4b0fc8a4c1019d,validation,open,comparison,static,top_k_low,top_k_low,/open/search_entity_by_name,open,1,1,0.0,10,1.0,0.85,1.664166338741779,0.9914983358336612,True,True,20260809,252
crag_task_1_and_2_dev_v5_q_2b4b0fc8a4c1019d,crag_task_1_and_2_dev_v5_q_2b4b0fc8a4c1019d,validation,open,comparison,static,greedy_regression_aware_search,greedy_regression_aware_search,/open/search_entity_by_name,open,1,1,0.0,10,1.0,0.95,1.7170067876577375,0.9904982829932124,True,True,20260809,252
crag_task_1_and_2_dev_v5_q_36163f3e02b6233e,crag_task_1_and_2_dev_v5_q_36163f3e02b6233e,validation,open,comparison,static,top_k_low,top_k_low,/open/search_entity_by_name,open,1,1,0.0,10,0.85,0.85,1.6689635813236237,0.8414983310364187,True,True,20260809,253
crag_task_1_and_2_dev_v5_q_36163f3e02b6233e,crag_task_1_and_2_dev_v5_q_36163f3e02b6233e,validation,open,comparison,static,greedy_regression_aware_search,greedy_regression_aware_search,/open/search_entity_by_name,open,1,1,0.0,10,0.85,0.95,1.7184894531965256,0.8404982815105468,True,True,20260809,253
crag_task_1_and_2_dev_v5_q_62bb75737e40b253,crag_task_1_and_2_dev_v5_q_62bb75737e40b253,validation,open,comparison,static,top_k_low,top_k_low,/open/search_entity_by_name,open,1,1,0.0,7,0.85,0.85,1.5970738604664805,0.8414984029261395,True,True,20260809,254
crag_task_1_and_2_dev_v5_q_62bb75737e40b253,crag_task_1_and_2_dev_v5_q_62bb75737e40b253,validation,open,comparison,static,greedy_regression_aware_search,greedy_regression_aware_search,/open/search_entity_by_name,open,1,1,0.0,7,0.85,0.95,1.58664770424366,0.8404984133522958,True,True,20260809,254
crag_task_1_and_2_dev_v5_q_642365bbb0b82df7,crag_task_1_and_2_dev_v5_q_642365bbb0b82df7,validation,open,comparison,static,top_k_low,top_k_low,/open/search_entity_by_name,open,1,1,0.0,10,0.75,0.85,1.72386784106493,0.741498276132159,True,True,20260809,255
crag_task_1_and_2_dev_v5_q_642365bbb0b82df7,crag_task_1_and_2_dev_v5_q_642365bbb0b82df7,validation,open,comparison,static,greedy_regression_aware_search,greedy_regression_aware_search,/open/search_entity_by_name,open,1,1,0.0,10,0.75,0.95,1.716896891593933,0.7404982831031085,True,True,20260809,255
crag_task_1_and_2_dev_v5_q_8426d3036e5839cd,crag_task_1_and_2_dev_v5_q_8426d3036e5839cd,validation,open,comparison,static,top_k_low,top_k_low,/open/search_entity_by_name,open,1,1,0.0,10,0.75,0.85,1.669854857027531,0.741498330145143,True,True,20260809,256
crag_task_1_and_2_dev_v5_q_8426d3036e5839cd,crag_task_1_and_2_dev_v5_q_8426d3036e5839cd,validation,open,comparison,static,greedy_regression_aware_search,greedy_regression_aware_search,/open/search_entity_by_name,open,1,1,0.0,10,0.75,0.95,1.8018679693341253,0.7404981981320307,True,True,20260809,256
crag_task_1_and_2_dev_v5_q_aec039510d7a6289,crag_task_1_and_2_dev_v5_q_aec039510d7a6289,validation,open,comparison,slow-changing,top_k_low,top_k_low,/open/search_entity_by_name,open,1,1,0.0,10,1.0,0.85,1.5311939641833303,0.991498468806036,True,True,20260809,257
crag_task_1_and_2_dev_v5_q_aec039510d7a6289,crag_task_1_and_2_dev_v5_q_aec039510d7a6289,validation,open,comparison,slow-changing,greedy_regression_aware_search,greedy_regression_aware_search,/open/search_entity_by_name,open,1,1,0.0,10,1.0,0.95,1.49616040289402,0.9904985038395973,True,True,20260809,257
crag_task_1_and_2_dev_v5_q_b03599dc6dbad9d7,crag_task_1_and_2_dev_v5_q_b03599dc6dbad9d7,validation,open,comparison,static,top_k_low,top_k_low,/open/search_entity_by_name,open,1,1,0.0,4,0.84375,0.85,1.2104818597435951,0.8352487895181403,True,True,20260809,258
crag_task_1_and_2_dev_v5_q_b03599dc6dbad9d7,crag_task_1_and_2_dev_v5_q_b03599dc6dbad9d7,validation,open,comparison,static,greedy_regression_aware_search,greedy_regression_aware_search,/open/search_entity_by_name,open,1,1,0.0,4,0.84375,0.95,1.2025907635688782,0.8342487974092365,True,True,20260809,258
crag_task_1_and_2_dev_v5_q_cdfa79d58d3a1e33,crag_task_1_and_2_dev_v5_q_cdfa79d58d3a1e33,validation,open,comparison,static,top_k_low,top_k_low,/open/search_entity_by_name,open,1,1,0.0,10,0.75,0.85,1.3596313074231148,0.7414986403686926,True,True,20260809,259
crag_task_1_and_2_dev_v5_q_cdfa79d58d3a1e33,crag_task_1_and_2_dev_v5_q_cdfa79d58d3a1e33,validation,open,comparison,static,greedy_regression_aware_search,greedy_regression_aware_search,/open/search_entity_by_name,open,1,1,0.0,10,0.75,0.95,1.357918605208397,0.7404986420813948,True,True,20260809,259
crag_task_1_and_2_dev_v5_q_d3aaa5303f46f282,crag_task_1_and_2_dev_v5_q_d3aaa5303f46f282,validation,open,comparison,static,top_k_low,top_k_low,/open/search_entity_by_name,open,1,1,0.0,10,0.861111111111111,0.85,1.6606207937002182,0.8526094504903174,True,True,20260809,260
crag_task_1_and_2_dev_v5_q_d3aaa5303f46f282,crag_task_1_and_2_dev_v5_q_d3aaa5303f46f282,validation,open,comparison,static,greedy_regression_aware_search,greedy_regression_aware_search,/open/search_entity_by_name,open,1,1,0.0,10,0.861111111111111,0.95,1.7190510407090187,0.8516093920600704,True,True,20260809,260
crag_task_1_and_2_dev_v5_q_d82435883a18d459,crag_task_1_and_2_dev_v5_q_d82435883a18d459,validation,open,comparison,static,top_k_low,top_k_low,/open/search_entity_by_name,open,1,1,0.0,10,1.0,0.85,1.5793275088071823,0.9914984206724912,True,True,20260809,261
crag_task_1_and_2_dev_v5_q_d82435883a18d459,crag_task_1_and_2_dev_v5_q_d82435883a18d459,validation,open,comparison,static,greedy_regression_aware_search,greedy_regression_aware_search,/open/search_entity_by_name,open,1,1,0.0,10,1.0,0.95,1.4745360240340233,0.990498525463976,True,True,20260809,261
crag_task_1_and_2_dev_v5_q_d9cd311aa0102117,crag_task_1_and_2_dev_v5_q_d9cd311aa0102117,validation,open,comparison,static,top_k_low,top_k_low,/open/search_entity_by_name,open,1,1,0.0,10,0.75,0.85,1.6533304005861282,0.7414983466695995,True,True,20260809,262
crag_task_1_and_2_dev_v5_q_d9cd311aa0102117,crag_task_1_and_2_dev_v5_q_d9cd311aa0102117,validation,open,comparison,static,greedy_regression_aware_search,greedy_regression_aware_search,/open/search_entity_by_name,open,1,1,0.0,10,0.75,0.95,1.7171679064631462,0.7404982828320936,True,True,20260809,262
crag_task_1_and_2_dev_v5_q_eb73670ef4f44fbc,crag_task_1_and_2_dev_v5_q_eb73670ef4f44fbc,validation,open,comparison,static,top_k_low,top_k_low,/open/search_entity_by_name,open,1,1,0.0,10,0.7647058823529411,0.85,1.536121591925621,0.7562043462313492,True,True,20260809,263
crag_task_1_and_2_dev_v5_q_eb73670ef4f44fbc,crag_task_1_and_2_dev_v5_q_eb73670ef4f44fbc,validation,open,comparison,static,greedy_regression_aware_search,greedy_regression_aware_search,/open/search_entity_by_name,open,1,1,0.0,10,0.7647058823529411,0.95,1.5080282464623451,0.7552043743246947,True,True,20260809,263
crag_task_1_and_2_dev_v5_q_f9305b75bb3f86a0,crag_task_1_and_2_dev_v5_q_f9305b75bb3f86a0,validation,open,comparison,slow-changing,top_k_low,top_k_low,/open/search_entity_by_name,open,1,1,0.0,7,0.75,0.85,1.6565155237913132,0.7414983434844763,True,True,20260809,264
crag_task_1_and_2_dev_v5_q_f9305b75bb3f86a0,crag_task_1_and_2_dev_v5_q_f9305b75bb3f86a0,validation,open,comparison,slow-changing,greedy_regression_aware_search,greedy_regression_aware_search,/open/search_entity_by_name,open,1,1,0.0,7,0.75,0.95,1.7244787886738775,0.7404982755212114,True,True,20260809,264
crag_task_1_and_2_dev_v5_q_0e2934b33b6079f8,crag_task_1_and_2_dev_v5_q_0e2934b33b6079f8,validation,open,false_premise,static,top_k_low,top_k_low,/open/search_entity_by_name,open,1,1,0.0,10,0.75,0.85,1.7033768817782402,0.7414982966231183,True,True,20260809,265
crag_task_1_and_2_dev_v5_q_0e2934b33b6079f8,crag_task_1_and_2_dev_v5_q_0e2934b33b6079f8,validation,open,false_premise,static,greedy_regression_aware_search,greedy_regression_aware_search,/open/search_entity_by_name,open,1,1,0.0,10,0.75,0.95,1.643965020775795,0.7404983560349793,True,True,20260809,265
crag_task_1_and_2_dev_v5_q_396744acd73d9d94,crag_task_1_and_2_dev_v5_q_396744acd73d9d94,validation,open,false_premise,static,top_k_low,top_k_low,/open/search_entity_by_name,open,1,1,0.0,10,0.75,0.85,1.6998713836073875,0.7414983001286164,True,True,20260809,266
crag_task_1_and_2_dev_v5_q_396744acd73d9d94,crag_task_1_and_2_dev_v5_q_396744acd73d9d94,validation,open,false_premise,static,greedy_regression_aware_search,greedy_regression_aware_search,/open/search_entity_by_name,open,1,1,0.0,10,0.75,0.95,1.6377763822674751,0.7404983622236178,True,True,20260809,266
crag_task_1_and_2_dev_v5_q_4e5c1fd4d902dcf4,crag_task_1_and_2_dev_v5_q_4e5c1fd4d902dcf4,validation,open,false_premise,static,top_k_low,top_k_low,/open/search_entity_by_name,open,1,1,0.0,10,0.75,0.85,1.496030017733574,0.7414985039699823,True,True,20260809,267
crag_task_1_and_2_dev_v5_q_4e5c1fd4d902dcf4,crag_task_1_and_2_dev_v5_q_4e5c1fd4d902dcf4,validation,open,false_premise,static,greedy_regression_aware_search,greedy_regression_aware_search,/open/search_entity_by_name,open,1,1,0.0,10,0.75,0.95,1.5038810670375824,0.740498496118933,True,True,20260809,267
crag_task_1_and_2_dev_v5_q_5987b2b213a7ce2d,crag_task_1_and_2_dev_v5_q_5987b2b213a7ce2d,validation,open,false_premise,static,top_k_low,top_k_low,/open/search_entity_by_name,open,1,1,0.0,10,0.75,0.85,1.5501221641898155,0.7414984498778359,True,True,20260809,268
crag_task_1_and_2_dev_v5_q_5987b2b213a7ce2d,crag_task_1_and_2_dev_v5_q_5987b2b213a7ce2d,validation,open,false_premise,static,greedy_regression_aware_search,greedy_regression_aware_search,/open/search_entity_by_name,open,1,1,0.0,10,0.75,0.95,1.602482981979847,0.7404983975170181,True,True,20260809,268
crag_task_1_and_2_dev_v5_q_5b1b002712c99a3a,crag_task_1_and_2_dev_v5_q_5b1b002712c99a3a,validation,open,false_premise,static,top_k_low,top_k_low,/open/search_entity_by_name,open,1,1,0.0,10,0.75,0.85,1.581009477376938,0.7414984189905227,True,True,20260809,269
crag_task_1_and_2_dev_v5_q_5b1b002712c99a3a,crag_task_1_and_2_dev_v5_q_5b1b002712c99a3a,validation,open,false_premise,static,greedy_regression_aware_search,greedy_regression_aware_search,/open/search_entity_by_name,open,1,1,0.0,10,0.75,0.95,1.4958493411540985,0.7404985041506589,True,True,20260809,269
crag_task_1_and_2_dev_v5_q_5e435839ea633c43,crag_task_1_and_2_dev_v5_q_5e435839ea633c43,validation,open,false_premise,static,top_k_low,top_k_low,/open/search_entity_by_name,open,1,1,0.0,10,0.75,0.85,1.528048887848854,0.7414984719511122,True,True,20260809,270
crag_task_1_and_2_dev_v5_q_5e435839ea633c43,crag_task_1_and_2_dev_v5_q_5e435839ea633c43,validation,open,false_premise,static,greedy_regression_aware_search,greedy_regression_aware_search,/open/search_entity_by_name,open,1,1,0.0,10,0.75,0.95,1.5923669561743736,0.7404984076330439,True,True,20260809,270
crag_task_1_and_2_dev_v5_q_6f04cd819c2b0fda,crag_task_1_and_2_dev_v5_q_6f04cd819c2b0fda,validation,open,false_premise,static,top_k_low,top_k_low,/open/search_entity_by_name,open,1,1,0.0,10,0.75,0.85,1.6866503283381462,0.7414983133496718,True,True,20260809,271
crag_task_1_and_2_dev_v5_q_6f04cd819c2b0fda,crag_task_1_and_2_dev_v5_q_6f04cd819c2b0fda,validation,open,false_premise,static,greedy_regression_aware_search,greedy_regression_aware_search,/open/search_entity_by_name,open,1,1,0.0,10,0.75,0.95,1.6295742243528366,0.7404983704257757,True,True,20260809,271
crag_task_1_and_2_dev_v5_q_72c15d9fb7c349ad,crag_task_1_and_2_dev_v5_q_72c15d9fb7c349ad,validation,open,false_premise,static,top_k_low,top_k_low,/open/search_entity_by_name,open,1,1,0.0,10,0.75,0.85,1.637355424463749,0.7414983626445756,True,True,20260809,272
crag_task_1_and_2_dev_v5_q_72c15d9fb7c349ad,crag_task_1_and_2_dev_v5_q_72c15d9fb7c349ad,validation,open,false_premise,static,greedy_regression_aware_search,greedy_regression_aware_search,/open/search_entity_by_name,open,1,1,0.0,10,0.75,0.95,1.666090451180935,0.7404983339095489,True,True,20260809,272
crag_task_1_and_2_dev_v5_q_8e04a038e2e8a4c2,crag_task_1_and_2_dev_v5_q_8e04a038e2e8a4c2,validation,open,false_premise,slow-changing,top_k_low,top_k_low,/open/search_entity_by_name,open,1,1,0.0,10,0.75,0.85,1.8210969865322115,0.7414981789030135,True,True,20260809,273
crag_task_1_and_2_dev_v5_q_8e04a038e2e8a4c2,crag_task_1_and_2_dev_v5_q_8e04a038e2e8a4c2,validation,open,false_premise,slow-changing,greedy_regression_aware_search,greedy_regression_aware_search,/open/search_entity_by_name,open,1,1,0.0,10,0.75,0.95,1.61756481975317,0.7404983824351803,True,True,20260809,273
crag_task_1_and_2_dev_v5_q_a55ea3ed4c6c2776,crag_task_1_and_2_dev_v5_q_a55ea3ed4c6c2776,validation,open,false_premise,static,top_k_low,top_k_low,/open/search_entity_by_name,open,1,1,0.0,10,0.75,0.85,1.2062061578035357,0.7414987937938422,True,True,20260809,274
crag_task_1_and_2_dev_v5_q_a55ea3ed4c6c2776,crag_task_1_and_2_dev_v5_q_a55ea3ed4c6c2776,validation,open,false_premise,static,greedy_regression_aware_search,greedy_regression_aware_search,/open/search_entity_by_name,open,1,1,0.0,10,0.75,0.95,1.202831044793129,0.7404987971689553,True,True,20260809,274
crag_task_1_and_2_dev_v5_q_ae527167984d53bd,crag_task_1_and_2_dev_v5_q_ae527167984d53bd,validation,open,false_premise,static,top_k_low,top_k_low,/open/search_entity_by_name,open,1,1,0.0,10,0.75,0.85,1.6587190330028534,0.741498341280967,True,True,20260809,275
crag_task_1_and_2_dev_v5_q_ae527167984d53bd,crag_task_1_and_2_dev_v5_q_ae527167984d53bd,validation,open,false_premise,static,greedy_regression_aware_search,greedy_regression_aware_search,/open/search_entity_by_name,open,1,1,0.0,10,0.75,0.95,1.726021058857441,0.7404982739789412,True,True,20260809,275
crag_task_1_and_2_dev_v5_q_b01da663ecfbd7d5,crag_task_1_and_2_dev_v5_q_b01da663ecfbd7d5,validation,open,false_premise,static,top_k_low,top_k_low,/open/search_entity_by_name,open,1,1,0.0,10,0.75,0.85,1.5351492911577225,0.7414984648507089,True,True,20260809,276
crag_task_1_and_2_dev_v5_q_b01da663ecfbd7d5,crag_task_1_and_2_dev_v5_q_b01da663ecfbd7d5,validation,open,false_premise,static,greedy_regression_aware_search,greedy_regression_aware_search,/open/search_entity_by_name,open,1,1,0.0,10,0.75,0.95,1.5171412378549576,0.7404984828587622,True,True,20260809,276
crag_task_1_and_2_dev_v5_q_b6f3b0a8d0c69f1b,crag_task_1_and_2_dev_v5_q_b6f3b0a8d0c69f1b,validation,open,false_premise,static,top_k_low,top_k_low,/open/search_entity_by_name,open,1,1,0.0,10,0.75,0.85,1.673251390457153,0.7414983267486096,True,True,20260809,277
crag_task_1_and_2_dev_v5_q_b6f3b0a8d0c69f1b,crag_task_1_and_2_dev_v5_q_b6f3b0a8d0c69f1b,validation,open,false_premise,static,greedy_regression_aware_search,greedy_regression_aware_search,/open/search_entity_by_name,open,1,1,0.0,10,0.75,0.95,1.6574757173657415,0.7404983425242827,True,True,20260809,277
crag_task_1_and_2_dev_v5_q_b8cc07aa082024e7,crag_task_1_and_2_dev_v5_q_b8cc07aa082024e7,validation,open,false_premise,static,top_k_low,top_k_low,/open/search_entity_by_name,open,1,1,0.0,4,0.75,0.85,1.497090794146061,0.7414985029092059,True,True,20260809,278
crag_task_1_and_2_dev_v5_q_b8cc07aa082024e7,crag_task_1_and_2_dev_v5_q_b8cc07aa082024e7,validation,open,false_premise,static,greedy_regression_aware_search,greedy_regression_aware_search,/open/search_entity_by_name,open,1,1,0.0,4,0.75,0.95,1.4880774542689323,0.7404985119225458,True,True,20260809,278
crag_task_1_and_2_dev_v5_q_ec6003311ede325b,crag_task_1_and_2_dev_v5_q_ec6003311ede325b,validation,open,false_premise,static,top_k_low,top_k_low,/open/search_entity_by_name,open,1,1,0.0,10,0.75,0.85,1.687152311205864,0.7414983128476889,True,True,20260809,279
crag_task_1_and_2_dev_v5_q_ec6003311ede325b,crag_task_1_and_2_dev_v5_q_ec6003311ede325b,validation,open,false_premise,static,greedy_regression_aware_search,greedy_regression_aware_search,/open/search_entity_by_name,open,1,1,0.0,10,0.75,0.95,1.7438391223549845,0.7404982561608777,True,True,20260809,279
crag_task_1_and_2_dev_v5_q_ed7967334ef4f450,crag_task_1_and_2_dev_v5_q_ed7967334ef4f450,validation,open,false_premise,static,top_k_low,top_k_low,/open/search_entity_by_name,open,1,1,0.0,10,0.75,0.85,1.5948116779327393,0.7414984051883221,True,True,20260809,280
crag_task_1_and_2_dev_v5_q_ed7967334ef4f450,crag_task_1_and_2_dev_v5_q_ed7967334ef4f450,validation,open,false_premise,static,greedy_regression_aware_search,greedy_regression_aware_search,/open/search_entity_by_name,open,1,1,0.0,10,0.75,0.95,1.476840116083622,0.740498523159884,True,True,20260809,280
crag_task_1_and_2_dev_v5_q_06d53edf197d2c2e,crag_task_1_and_2_dev_v5_q_06d53edf197d2c2e,validation,open,multi-hop,static,top_k_low,top_k_low,/open/search_entity_by_name,open,1,1,0.0,10,0.8055555555555556,0.85,1.513095572590828,0.797054042459983,True,True,20260809,281
crag_task_1_and_2_dev_v5_q_06d53edf197d2c2e,crag_task_1_and_2_dev_v5_q_06d53edf197d2c2e,validation,open,multi-hop,static,greedy_regression_aware_search,greedy_regression_aware_search,/open/search_entity_by_name,open,1,1,0.0,10,0.8055555555555556,0.95,1.5221396461129189,0.7960540334159095,True,True,20260809,281
crag_task_1_and_2_dev_v5_q_1f4083d20cc92f3b,crag_task_1_and_2_dev_v5_q_1f4083d20cc92f3b,validation,open,multi-hop,static,top_k_low,top_k_low,/open/search_entity_by_name,open,1,1,0.0,10,0.8,0.85,1.5500737354159355,0.7914984499262647,True,True,20260809,282
crag_task_1_and_2_dev_v5_q_1f4083d20cc92f3b,crag_task_1_and_2_dev_v5_q_1f4083d20cc92f3b,validation,open,multi-hop,static,greedy_regression_aware_search,greedy_regression_aware_search,/open/search_entity_by_name,open,1,1,0.0,10,0.8,0.95,1.5043923631310463,0.790498495607637,True,True,20260809,282
crag_task_1_and_2_dev_v5_q_45357fbb8549a9ca,crag_task_1_and_2_dev_v5_q_45357fbb8549a9ca,validation,open,multi-hop,static,top_k_low,top_k_low,/open/search_entity_by_name,open,1,1,0.0,10,0.75,0.85,1.7476454377174375,0.7414982523545623,True,True,20260809,283
crag_task_1_and_2_dev_v5_q_45357fbb8549a9ca,crag_task_1_and_2_dev_v5_q_45357fbb8549a9ca,validation,open,multi-hop,static,greedy_regression_aware_search,greedy_regression_aware_search,/open/search_entity_by_name,open,1,1,0.0,10,0.75,0.95,1.6735214740037918,0.7404983264785261,True,True,20260809,283
crag_task_1_and_2_dev_v5_q_65e756e126d9f6e1,crag_task_1_and_2_dev_v5_q_65e756e126d9f6e1,validation,open,multi-hop,static,top_k_low,top_k_low,/open/search_entity_by_name,open,1,1,0.0,4,0.75,0.85,1.2123649939894676,0.7414987876350061,True,True,20260809,284
crag_task_1_and_2_dev_v5_q_65e756e126d9f6e1,crag_task_1_and_2_dev_v5_q_65e756e126d9f6e1,validation,open,multi-hop,static,greedy_regression_aware_search,greedy_regression_aware_search,/open/search_entity_by_name,open,1,1,0.0,4,0.75,0.95,1.235860399901867,0.7404987641396001,True,True,20260809,284
crag_task_1_and_2_dev_v5_q_abd548bd8a216527,crag_task_1_and_2_dev_v5_q_abd548bd8a216527,validation,open,multi-hop,static,top_k_low,top_k_low,/open/search_entity_by_name,open,1,1,0.0,10,0.765625,0.85,1.678639091551304,0.7571233213609085,True,True,20260809,285
crag_task_1_and_2_dev_v5_q_abd548bd8a216527,crag_task_1_and_2_dev_v5_q_abd548bd8a216527,validation,open,multi-hop,static,greedy_regression_aware_search,greedy_regression_aware_search,/open/search_entity_by_name,open,1,1,0.0,10,0.765625,0.95,1.666780561208725,0.7561233332194388,True,True,20260809,285
crag_task_1_and_2_dev_v5_q_b0e4f68e803c2473,crag_task_1_and_2_dev_v5_q_b0e4f68e803c2473,validation,open,multi-hop,static,top_k_low,top_k_low,/open/search_entity_by_name,open,1,1,0.0,10,0.75,0.85,1.234719529747963,0.7414987652804703,True,True,20260809,286
crag_task_1_and_2_dev_v5_q_b0e4f68e803c2473,crag_task_1_and_2_dev_v5_q_b0e4f68e803c2473,validation,open,multi-hop,static,greedy_regression_aware_search,greedy_regression_aware_search,/open/search_entity_by_name,open,1,1,0.0,10,0.75,0.95,1.2007169425487518,0.7404987992830575,True,True,20260809,286
crag_task_1_and_2_dev_v5_q_b60d7504ea744e62,crag_task_1_and_2_dev_v5_q_b60d7504ea744e62,validation,open,multi-hop,static,top_k_low,top_k_low,/open/search_entity_by_name,open,1,1,0.0,10,0.76,0.85,1.7052097246050837,0.7514982947902754,True,True,20260809,287
crag_task_1_and_2_dev_v5_q_b60d7504ea744e62,crag_task_1_and_2_dev_v5_q_b60d7504ea744e62,validation,open,multi-hop,static,greedy_regression_aware_search,greedy_regression_aware_search,/open/search_entity_by_name,open,1,1,0.0,10,0.76,0.95,1.6679326072335243,0.7504983320673928,True,True,20260809,287
crag_task_1_and_2_dev_v5_q_ba18ced5f20c16ad,crag_task_1_and_2_dev_v5_q_ba18ced5f20c16ad,validation,open,multi-hop,static,top_k_low,top_k_low,/open/search_entity_by_name,open,1,1,0.0,10,0.8055555555555556,0.85,1.3915086165070534,0.7970541640469391,True,True,20260809,288
crag_task_1_and_2_dev_v5_q_ba18ced5f20c16ad,crag_task_1_and_2_dev_v5_q_ba18ced5f20c16ad,validation,open,multi-hop,static,greedy_regression_aware_search,greedy_regression_aware_search,/open/search_entity_by_name,open,1,1,0.0,10,0.8055555555555556,0.95,1.3629859313368795,0.7960541925696243,True,True,20260809,288
crag_task_1_and_2_dev_v5_q_bd161a71fedce0d6,crag_task_1_and_2_dev_v5_q_bd161a71fedce0d6,validation,open,multi-hop,static,top_k_low,top_k_low,/open/search_entity_by_name,open,1,1,0.0,10,0.75,0.85,1.660260371863842,0.7414983397396282,True,True,20260809,289
crag_task_1_and_2_dev_v5_q_bd161a71fedce0d6,crag_task_1_and_2_dev_v5_q_bd161a71fedce0d6,validation,open,multi-hop,static,greedy_regression_aware_search,greedy_regression_aware_search,/open/search_entity_by_name,open,1,1,0.0,10,0.75,0.95,1.6608014702796936,0.7404983391985298,True,True,20260809,289
crag_task_1_and_2_dev_v5_q_e173991c54ab553a,crag_task_1_and_2_dev_v5_q_e173991c54ab553a,validation,open,multi-hop,static,top_k_low,top_k_low,/open/search_entity_by_name,open,1,1,0.0,10,0.8,0.85,1.8036607652902603,0.7914981963392348,True,True,20260809,290
crag_task_1_and_2_dev_v5_q_e173991c54ab553a,crag_task_1_and_2_dev_v5_q_e173991c54ab553a,validation,open,multi-hop,static,greedy_regression_aware_search,greedy_regression_aware_search,/open/search_entity_by_name,open,1,1,0.0,10,0.8,0.95,1.675805076956749,0.7904983241949232,True,True,20260809,290
crag_task_1_and_2_dev_v5_q_02b9a74b1b69bbe9,crag_task_1_and_2_dev_v5_q_02b9a74b1b69bbe9,validation,open,post-processing,static,top_k_low,top_k_low,/open/search_entity_by_name,open,1,1,0.0,10,0.75,0.85,1.6814125701785088,0.7414983185874299,True,True,20260809,291
crag_task_1_and_2_dev_v5_q_02b9a74b1b69bbe9,crag_task_1_and_2_dev_v5_q_02b9a74b1b69bbe9,validation,open,post-processing,static,greedy_regression_aware_search,greedy_regression_aware_search,/open/search_entity_by_name,open,1,1,0.0,10,0.75,0.95,1.7245784401893616,0.7404982754215599,True,True,20260809,291
crag_task_1_and_2_dev_v5_q_06afe70189ee7d2e,crag_task_1_and_2_dev_v5_q_06afe70189ee7d2e,validation,open,post-processing,static,top_k_low,top_k_low,/open/search_entity_by_name,open,1,1,0.0,10,0.75,0.85,1.6707275062799454,0.7414983292724938,True,True,20260809,292
crag_task_1_and_2_dev_v5_q_06afe70189ee7d2e,crag_task_1_and_2_dev_v5_q_06afe70189ee7d2e,validation,open,post-processing,static,greedy_regression_aware_search,greedy_regression_aware_search,/open/search_entity_by_name,open,1,1,0.0,10,0.75,0.95,1.7018048092722893,0.7404982981951908,True,True,20260809,292
crag_task_1_and_2_dev_v5_q_29af8ff7567c7e15,crag_task_1_and_2_dev_v5_q_29af8ff7567c7e15,validation,open,post-processing,static,top_k_low,top_k_low,/open/search_entity_by_name,open,1,1,0.0,10,0.75,0.85,1.3752756640315056,0.741498624724336,True,True,20260809,293
crag_task_1_and_2_dev_v5_q_29af8ff7567c7e15,crag_task_1_and_2_dev_v5_q_29af8ff7567c7e15,validation,open,post-processing,static,greedy_regression_aware_search,greedy_regression_aware_search,/open/search_entity_by_name,open,1,1,0.0,10,0.75,0.95,1.3629253953695295,0.7404986370746047,True,True,20260809,293
crag_task_1_and_2_dev_v5_q_666284e43170cfdc,crag_task_1_and_2_dev_v5_q_666284e43170cfdc,validation,open,post-processing,static,top_k_low,top_k_low,/open/search_entity_by_name,open,1,1,0.0,9,0.75,0.85,1.4904607087373734,0.7414985095392913,True,True,20260809,294
crag_task_1_and_2_dev_v5_q_666284e43170cfdc,crag_task_1_and_2_dev_v5_q_666284e43170cfdc,validation,open,post-processing,static,greedy_regression_aware_search,greedy_regression_aware_search,/open/search_entity_by_name,open,1,1,0.0,9,0.75,0.95,1.4984030276536942,0.7404985015969724,True,True,20260809,294
crag_task_1_and_2_dev_v5_q_9927c8f342ec887b,crag_task_1_and_2_dev_v5_q_9927c8f342ec887b,validation,open,post-processing,static,top_k_low,top_k_low,/open/search_entity_by_name,open,1,1,0.0,10,0.75,0.85,1.3913391157984734,0.7414986086608842,True,True,20260809,295
crag_task_1_and_2_dev_v5_q_9927c8f342ec887b,crag_task_1_and_2_dev_v5_q_9927c8f342ec887b,validation,open,post-processing,static,greedy_regression_aware_search,greedy_regression_aware_search,/open/search_entity_by_name,open,1,1,0.0,10,0.75,0.95,1.3870829716324806,0.7404986129170285,True,True,20260809,295
crag_task_1_and_2_dev_v5_q_afd16a377fd697cf,crag_task_1_and_2_dev_v5_q_afd16a377fd697cf,validation,open,post-processing,static,top_k_low,top_k_low,/open/search_entity_by_name,open,1,1,0.0,5,0.875,0.85,0.9988592937588692,0.8664990011407063,True,True,20260809,296
crag_task_1_and_2_dev_v5_q_afd16a377fd697cf,crag_task_1_and_2_dev_v5_q_afd16a377fd697cf,validation,open,post-processing,static,greedy_regression_aware_search,greedy_regression_aware_search,/open/search_entity_by_name,open,1,1,0.0,5,0.875,0.95,0.91636274009943,0.8654990836372599,True,True,20260809,296
crag_task_1_and_2_dev_v5_q_e5fb6a2af992c96e,crag_task_1_and_2_dev_v5_q_e5fb6a2af992c96e,validation,open,post-processing,static,top_k_low,top_k_low,/open/search_entity_by_name,open,1,1,0.0,10,0.7738095238095238,0.85,1.658768393099308,0.7653078650411308,True,True,20260809,297
crag_task_1_and_2_dev_v5_q_e5fb6a2af992c96e,crag_task_1_and_2_dev_v5_q_e5fb6a2af992c96e,validation,open,post-processing,static,greedy_regression_aware_search,greedy_regression_aware_search,/open/search_entity_by_name,open,1,1,0.0,10,0.7738095238095238,0.95,1.6920184716582298,0.7643078317910522,True,True,20260809,297
crag_task_1_and_2_dev_v5_q_fd7efeec9f43fd53,crag_task_1_and_2_dev_v5_q_fd7efeec9f43fd53,validation,open,post-processing,static,top_k_low,top_k_low,/open/search_entity_by_name,open,1,1,0.0,10,0.75,0.85,1.236502081155777,0.7414987634979189,True,True,20260809,298
crag_task_1_and_2_dev_v5_q_fd7efeec9f43fd53,crag_task_1_and_2_dev_v5_q_fd7efeec9f43fd53,validation,open,post-processing,static,greedy_regression_aware_search,greedy_regression_aware_search,/open/search_entity_by_name,open,1,1,0.0,10,0.75,0.95,1.2171519920229912,0.7404987828480081,True,True,20260809,298
crag_task_1_and_2_dev_v5_q_17bd3ac7b15193d3,crag_task_1_and_2_dev_v5_q_17bd3ac7b15193d3,validation,open,set,slow-changing,top_k_low,top_k_low,/open/search_entity_by_name,open,1,1,0.0,5,0.75,0.85,1.382024958729744,0.7414986179750414,True,True,20260809,299
crag_task_1_and_2_dev_v5_q_17bd3ac7b15193d3,crag_task_1_and_2_dev_v5_q_17bd3ac7b15193d3,validation,open,set,slow-changing,greedy_regression_aware_search,greedy_regression_aware_search,/open/search_entity_by_name,open,1,1,0.0,5,0.75,0.95,1.4215651899576187,0.74049857843481,True,True,20260809,299
crag_task_1_and_2_dev_v5_q_2588d052cd15d0fe,crag_task_1_and_2_dev_v5_q_2588d052cd15d0fe,validation,open,set,slow-changing,top_k_low,top_k_low,/open/search_entity_by_name,open,1,1,0.0,10,0.75,0.85,1.5806695446372032,0.7414984193304555,True,True,20260809,300
crag_task_1_and_2_dev_v5_q_2588d052cd15d0fe,crag_task_1_and_2_dev_v5_q_2588d052cd15d0fe,validation,open,set,slow-changing,greedy_regression_aware_search,greedy_regression_aware_search,/open/search_entity_by_name,open,1,1,0.0,10,0.75,0.95,1.5756310895085337,0.7404984243689106,True,True,20260809,300
crag_task_1_and_2_dev_v5_q_4c08377d5c5854ea,crag_task_1_and_2_dev_v5_q_4c08377d5c5854ea,validation,open,set,static,top_k_low,top_k_low,/open/search_entity_by_name,open,1,1,0.0,10,0.75,0.85,1.7299270257353785,0.7414982700729743,True,True,20260809,301
crag_task_1_and_2_dev_v5_q_4c08377d5c5854ea,crag_task_1_and_2_dev_v5_q_4c08377d5c5854ea,validation,open,set,static,greedy_regression_aware_search,greedy_regression_aware_search,/open/search_entity_by_name,open,1,1,0.0,10,0.75,0.95,1.7173578962683678,0.7404982826421038,True,True,20260809,301
crag_task_1_and_2_dev_v5_q_60b309dace268917,crag_task_1_and_2_dev_v5_q_60b309dace268917,validation,open,set,static,top_k_low,top_k_low,/open/search_entity_by_name,open,1,1,0.0,10,0.8,0.85,1.187576912343502,0.7914988124230877,True,True,20260809,302
crag_task_1_and_2_dev_v5_q_60b309dace268917,crag_task_1_and_2_dev_v5_q_60b309dace268917,validation,open,set,static,greedy_regression_aware_search,greedy_regression_aware_search,/open/search_entity_by_name,open,1,1,0.0,10,0.8,0.95,1.1493787169456482,0.7904988506212831,True,True,20260809,302
crag_task_1_and_2_dev_v5_q_7af05e2946515d3e,crag_task_1_and_2_dev_v5_q_7af05e2946515d3e,validation,open,set,slow-changing,top_k_low,top_k_low,/open/search_entity_by_name,open,1,1,0.0,10,0.765625,0.85,1.7637088894844055,0.7571232362911106,True,True,20260809,303
crag_task_1_and_2_dev_v5_q_7af05e2946515d3e,crag_task_1_and_2_dev_v5_q_7af05e2946515d3e,validation,open,set,slow-changing,greedy_regression_aware_search,greedy_regression_aware_search,/open/search_entity_by_name,open,1,1,0.0,10,0.765625,0.95,1.716066151857376,0.7561232839338482,True,True,20260809,303
crag_task_1_and_2_dev_v5_q_a8faa0e56f83077b,crag_task_1_and_2_dev_v5_q_a8faa0e56f83077b,validation,open,set,slow-changing,top_k_low,top_k_low,/open/search_entity_by_name,open,1,1,0.0,2,0.75,0.85,1.3783788308501244,0.7414986216211692,True,True,20260809,304
crag_task_1_and_2_dev_v5_q_a8faa0e56f83077b,crag_task_1_and_2_dev_v5_q_a8faa0e56f83077b,validation,open,set,slow-changing,greedy_regression_aware_search,greedy_regression_aware_search,/open/search_entity_by_name,open,1,1,0.0,2,0.75,0.95,1.3677729293704033,0.7404986322270707,True,True,20260809,304
crag_task_1_and_2_dev_v5_q_b1a90c2b88b3690e,crag_task_1_and_2_dev_v5_q_b1a90c2b88b3690e,validation,open,set,slow-changing,top_k_low,top_k_low,/open/search_entity_by_name,open,1,1,0.0,10,0.7727272727272727,0.85,1.538214273750782,0.764225734512999,True,True,20260809,305
crag_task_1_and_2_dev_v5_q_b1a90c2b88b3690e,crag_task_1_and_2_dev_v5_q_b1a90c2b88b3690e,validation,open,set,slow-changing,greedy_regression_aware_search,greedy_regression_aware_search,/open/search_entity_by_name,open,1,1,0.0,10,0.7727272727272727,0.95,1.5263361856341362,0.7632257463910871,True,True,20260809,305
crag_task_1_and_2_dev_v5_q_bdb8f2b5fa631c33,crag_task_1_and_2_dev_v5_q_bdb8f2b5fa631c33,validation,open,set,static,top_k_low,top_k_low,/open/search_entity_by_name,open,1,1,0.0,10,0.7708333333333334,0.85,1.5057148411870005,0.7623318276184923,True,True,20260809,306
crag_task_1_and_2_dev_v5_q_bdb8f2b5fa631c33,crag_task_1_and_2_dev_v5_q_bdb8f2b5fa631c33,validation,open,set,static,greedy_regression_aware_search,greedy_regression_aware_search,/open/search_entity_by_name,open,1,1,0.0,10,0.7708333333333334,0.95,1.4980528503656387,0.7613318352804831,True,True,20260809,306
crag_task_1_and_2_dev_v5_q_f6e0bae96e50d562,crag_task_1_and_2_dev_v5_q_f6e0bae96e50d562,validation,open,set,static,top_k_low,top_k_low,/open/search_entity_by_name,open,1,1,0.0,10,0.8235294117647058,0.85,1.527927815914154,0.81502788383689,True,True,20260809,307
crag_task_1_and_2_dev_v5_q_f6e0bae96e50d562,crag_task_1_and_2_dev_v5_q_f6e0bae96e50d562,validation,open,set,static,greedy_regression_aware_search,greedy_regression_aware_search,/open/search_entity_by_name,open,1,1,0.0,10,0.8235294117647058,0.95,1.5263557434082031,0.8140278854089625,True,True,20260809,307
crag_task_1_and_2_dev_v5_q_f95e380f8b032132,crag_task_1_and_2_dev_v5_q_f95e380f8b032132,validation,open,set,static,top_k_low,top_k_low,/open/search_entity_by_name,open,1,1,0.0,10,0.775,0.85,1.2199468910694122,0.766498780053109,True,True,20260809,308
crag_task_1_and_2_dev_v5_q_f95e380f8b032132,crag_task_1_and_2_dev_v5_q_f95e380f8b032132,validation,open,set,static,greedy_regression_aware_search,greedy_regression_aware_search,/open/search_entity_by_name,open,1,1,0.0,10,0.775,0.95,1.1984342709183693,0.7654988015657291,True,True,20260809,308
crag_task_1_and_2_dev_v5_q_149d8b0c1bc1d8b0,crag_task_1_and_2_dev_v5_q_149d8b0c1bc1d8b0,validation,open,simple,static,top_k_low,top_k_low,/open/search_entity_by_name,open,1,1,0.0,10,0.75,0.85,1.2425007298588753,0.7414987574992702,True,True,20260809,309
crag_task_1_and_2_dev_v5_q_149d8b0c1bc1d8b0,crag_task_1_and_2_dev_v5_q_149d8b0c1bc1d8b0,validation,open,simple,static,greedy_regression_aware_search,greedy_regression_aware_search,/open/search_entity_by_name,open,1,1,0.0,10,0.75,0.95,1.2077782303094864,0.7404987922217697,True,True,20260809,309
crag_task_1_and_2_dev_v5_q_29e5eb02888d7583,crag_task_1_and_2_dev_v5_q_29e5eb02888d7583,validation,open,simple,static,top_k_low,top_k_low,/open/search_entity_by_name,open,1,1,0.0,10,0.75,0.85,1.2959521263837814,0.7414987040478737,True,True,20260809,310
crag_task_1_and_2_dev_v5_q_29e5eb02888d7583,crag_task_1_and_2_dev_v5_q_29e5eb02888d7583,validation,open,simple,static,greedy_regression_aware_search,greedy_regression_aware_search,/open/search_entity_by_name,open,1,1,0.0,10,0.75,0.95,1.218775287270546,0.7404987812247128,True,True,20260809,310
crag_task_1_and_2_dev_v5_q_33b411c4695f9292,crag_task_1_and_2_dev_v5_q_33b411c4695f9292,validation,open,simple,slow-changing,top_k_low,top_k_low,/open/search_entity_by_name,open,1,1,0.0,10,0.75,0.85,1.2064957991242409,0.7414987935042009,True,True,20260809,311
crag_task_1_and_2_dev_v5_q_33b411c4695f9292,crag_task_1_and_2_dev_v5_q_33b411c4695f9292,validation,open,simple,slow-changing,greedy_regression_aware_search,greedy_regression_aware_search,/open/search_entity_by_name,open,1,1,0.0,10,0.75,0.95,1.2409985065460205,0.7404987590014935,True,True,20260809,311
crag_task_1_and_2_dev_v5_q_36948a872a1d94d1,crag_task_1_and_2_dev_v5_q_36948a872a1d94d1,validation,open,simple,static,top_k_low,top_k_low,/open/search_entity_by_name,open,1,1,0.0,1,0.75,0.85,1.2038424611091614,0.7414987961575389,True,True,20260809,312
crag_task_1_and_2_dev_v5_q_36948a872a1d94d1,crag_task_1_and_2_dev_v5_q_36948a872a1d94d1,validation,open,simple,static,greedy_regression_aware_search,greedy_regression_aware_search,/open/search_entity_by_name,open,1,1,0.0,1,0.75,0.95,1.222110353410244,0.7404987778896467,True,True,20260809,312
crag_task_1_and_2_dev_v5_q_4586c1d749df826b,crag_task_1_and_2_dev_v5_q_4586c1d749df826b,validation,open,simple,slow-changing,top_k_low,top_k_low,/open/search_entity_by_name,open,1,1,0.0,0,0.5,0.85,0.9055249392986298,0.4914990944750607,True,True,20260809,313
crag_task_1_and_2_dev_v5_q_4586c1d749df826b,crag_task_1_and_2_dev_v5_q_4586c1d749df826b,validation,open,simple,slow-changing,greedy_regression_aware_search,greedy_regression_aware_search,/open/search_entity_by_name,open,1,1,0.0,0,0.5,0.95,0.8764918893575668,0.4904991235081106,True,True,20260809,313
crag_task_1_and_2_dev_v5_q_474ad55c364608bb,crag_task_1_and_2_dev_v5_q_474ad55c364608bb,validation,open,simple,static,top_k_low,top_k_low,/open/search_entity_by_name,open,1,1,0.0,10,0.8125,0.85,1.6795406118035316,0.8039983204593882,True,True,20260809,314
crag_task_1_and_2_dev_v5_q_474ad55c364608bb,crag_task_1_and_2_dev_v5_q_474ad55c364608bb,validation,open,simple,static,greedy_regression_aware_search,greedy_regression_aware_search,/open/search_entity_by_name,open,1,1,0.0,10,0.8125,0.95,1.6566962003707886,0.8029983433037997,True,True,20260809,314
crag_task_1_and_2_dev_v5_q_52284ca1826e824f,crag_task_1_and_2_dev_v5_q_52284ca1826e824f,validation,open,simple,slow-changing,top_k_low,top_k_low,/open/search_entity_by_name,open,1,1,0.0,10,0.8125,0.85,1.2510940432548523,0.8039987489059568,True,True,20260809,315
crag_task_1_and_2_dev_v5_q_52284ca1826e824f,crag_task_1_and_2_dev_v5_q_52284ca1826e824f,validation,open,simple,slow-changing,greedy_regression_aware_search,greedy_regression_aware_search,/open/search_entity_by_name,open,1,1,0.0,10,0.8125,0.95,1.2200474739074707,0.8029987799525261,True,True,20260809,315
crag_task_1_and_2_dev_v5_q_6ba54cea76e3fda2,crag_task_1_and_2_dev_v5_q_6ba54cea76e3fda2,validation,open,simple,static,top_k_low,top_k_low,/open/search_entity_by_name,open,1,1,0.0,10,0.75,0.85,1.3766372576355934,0.7414986233627424,True,True,20260809,316
crag_task_1_and_2_dev_v5_q_6ba54cea76e3fda2,crag_task_1_and_2_dev_v5_q_6ba54cea76e3fda2,validation,open,simple,static,greedy_regression_aware_search,greedy_regression_aware_search,/open/search_entity_by_name,open,1,1,0.0,10,0.75,0.95,1.389976590871811,0.7404986100234092,True,True,20260809,316
crag_task_1_and_2_dev_v5_q_7d48059341ed4f93,crag_task_1_and_2_dev_v5_q_7d48059341ed4f93,validation,open,simple,static,top_k_low,top_k_low,/open/search_entity_by_name,open,1,1,0.0,10,0.75,0.85,1.1111609637737274,0.7414988888390363,True,True,20260809,317
crag_task_1_and_2_dev_v5_q_7d48059341ed4f93,crag_task_1_and_2_dev_v5_q_7d48059341ed4f93,validation,open,simple,static,greedy_regression_aware_search,greedy_regression_aware_search,/open/search_entity_by_name,open,1,1,0.0,10,0.75,0.95,1.0836590081453323,0.7404989163409919,True,True,20260809,317
crag_task_1_and_2_dev_v5_q_7fd5897a82f9c153,crag_task_1_and_2_dev_v5_q_7fd5897a82f9c153,validation,open,simple,static,top_k_low,top_k_low,/open/search_entity_by_name,open,1,1,0.0,3,0.75,0.85,1.347552053630352,0.7414986524479464,True,True,20260809,318
crag_task_1_and_2_dev_v5_q_7fd5897a82f9c153,crag_task_1_and_2_dev_v5_q_7fd5897a82f9c153,validation,open,simple,static,greedy_regression_aware_search,greedy_regression_aware_search,/open/search_entity_by_name,open,1,1,0.0,3,0.75,0.95,1.344437710940838,0.7404986555622891,True,True,20260809,318
crag_task_1_and_2_dev_v5_q_a1c9d8e0a6ab512a,crag_task_1_and_2_dev_v5_q_a1c9d8e0a6ab512a,validation,open,simple,static,top_k_low,top_k_low,/open/search_entity_by_name,open,1,1,0.0,10,0.75,0.85,1.067783683538437,0.7414989322163165,True,True,20260809,319
crag_task_1_and_2_dev_v5_q_a1c9d8e0a6ab512a,crag_task_1_and_2_dev_v5_q_a1c9d8e0a6ab512a,validation,open,simple,static,greedy_regression_aware_search,greedy_regression_aware_search,/open/search_entity_by_name,open,1,1,0.0,10,0.75,0.95,1.0709790512919426,0.7404989290209487,True,True,20260809,319
crag_task_1_and_2_dev_v5_q_ac837c36b91e030b,crag_task_1_and_2_dev_v5_q_ac837c36b91e030b,validation,open,simple,static,top_k_low,top_k_low,/open/search_entity_by_name,open,1,1,0.0,10,0.7619047619047619,0.85,1.0824557393789291,0.7534036794490225,True,True,20260809,320
crag_task_1_and_2_dev_v5_q_ac837c36b91e030b,crag_task_1_and_2_dev_v5_q_ac837c36b91e030b,validation,open,simple,static,greedy_regression_aware_search,greedy_regression_aware_search,/open/search_entity_by_name,open,1,1,0.0,10,0.7619047619047619,0.95,1.0734926909208298,0.752403688412071,True,True,20260809,320
crag_task_1_and_2_dev_v5_q_c79a3126844457e5,crag_task_1_and_2_dev_v5_q_c79a3126844457e5,validation,open,simple,static,top_k_low,top_k_low,/open/search_entity_by_name,open,1,1,0.0,10,0.75,0.85,1.447935588657856,0.7414985520644114,True,True,20260809,321
crag_task_1_and_2_dev_v5_q_c79a3126844457e5,crag_task_1_and_2_dev_v5_q_c79a3126844457e5,validation,open,simple,static,greedy_regression_aware_search,greedy_regression_aware_search,/open/search_entity_by_name,open,1,1,0.0,10,0.75,0.95,1.3793809339404106,0.7404986206190661,True,True,20260809,321
crag_task_1_and_2_dev_v5_q_cc74cebd219140bf,crag_task_1_and_2_dev_v5_q_cc74cebd219140bf,validation,open,simple,static,top_k_low,top_k_low,/open/search_entity_by_name,open,1,1,0.0,5,0.75,0.85,0.7783202454447746,0.7414992216797546,True,True,20260809,322
crag_task_1_and_2_dev_v5_q_cc74cebd219140bf,crag_task_1_and_2_dev_v5_q_cc74cebd219140bf,validation,open,simple,static,greedy_regression_aware_search,greedy_regression_aware_search,/open/search_entity_by_name,open,1,1,0.0,5,0.75,0.95,0.7668035104870796,0.7404992331964896,True,True,20260809,322
crag_task_1_and_2_dev_v5_q_cfe787697173ba2a,crag_task_1_and_2_dev_v5_q_cfe787697173ba2a,validation,open,simple,static,top_k_low,top_k_low,/open/search_entity_by_name,open,1,1,0.0,10,0.75,0.85,1.5160897746682167,0.7414984839102253,True,True,20260809,323
crag_task_1_and_2_dev_v5_q_cfe787697173ba2a,crag_task_1_and_2_dev_v5_q_cfe787697173ba2a,validation,open,simple,static,greedy_regression_aware_search,greedy_regression_aware_search,/open/search_entity_by_name,open,1,1,0.0,10,0.75,0.95,1.488327980041504,0.74049851167202,True,True,20260809,323
crag_task_1_and_2_dev_v5_q_e06e5c2351f962d2,crag_task_1_and_2_dev_v5_q_e06e5c2351f962d2,validation,open,simple,static,top_k_low,top_k_low,/open/search_entity_by_name,open,1,1,0.0,10,0.75,0.85,1.2065870687365532,0.7414987934129313,True,True,20260809,324
crag_task_1_and_2_dev_v5_q_e06e5c2351f962d2,crag_task_1_and_2_dev_v5_q_e06e5c2351f962d2,validation,open,simple,static,greedy_regression_aware_search,greedy_regression_aware_search,/open/search_entity_by_name,open,1,1,0.0,10,0.75,0.95,1.2068571522831917,0.7404987931428477,True,True,20260809,324
crag_task_1_and_2_dev_v5_q_e1782b990102b630,crag_task_1_and_2_dev_v5_q_e1782b990102b630,validation,open,simple,static,top_k_low,top_k_low,/open/search_entity_by_name,open,1,1,0.0,10,0.75,0.85,1.6941726207733154,0.7414983058273793,True,True,20260809,325
crag_task_1_and_2_dev_v5_q_e1782b990102b630,crag_task_1_and_2_dev_v5_q_e1782b990102b630,validation,open,simple,static,greedy_regression_aware_search,greedy_regression_aware_search,/open/search_entity_by_name,open,1,1,0.0,10,0.75,0.95,1.7422763630747795,0.740498257723637,True,True,20260809,325
crag_task_1_and_2_dev_v5_q_e8346381898f7de5,crag_task_1_and_2_dev_v5_q_e8346381898f7de5,validation,open,simple,slow-changing,top_k_low,top_k_low,/open/search_entity_by_name,open,1,1,0.0,4,0.75,0.85,1.493575982749462,0.7414985064240173,True,True,20260809,326
crag_task_1_and_2_dev_v5_q_e8346381898f7de5,crag_task_1_and_2_dev_v5_q_e8346381898f7de5,validation,open,simple,slow-changing,greedy_regression_aware_search,greedy_regression_aware_search,/open/search_entity_by_name,open,1,1,0.0,4,0.75,0.95,1.4592530205845833,0.7404985407469795,True,True,20260809,326
crag_task_1_and_2_dev_v5_q_0298fcd5f5d37b81,crag_task_1_and_2_dev_v5_q_0298fcd5f5d37b81,validation,open,simple_w_condition,slow-changing,top_k_low,top_k_low,/open/search_entity_by_name,open,1,1,0.0,1,0.7777777777777778,0.85,1.5354203060269356,0.7692762423574718,True,True,20260809,327
crag_task_1_and_2_dev_v5_q_0298fcd5f5d37b81,crag_task_1_and_2_dev_v5_q_0298fcd5f5d37b81,validation,open,simple_w_condition,slow-changing,greedy_regression_aware_search,greedy_regression_aware_search,/open/search_entity_by_name,open,1,1,0.0,1,0.7777777777777778,0.95,1.4691483229398727,0.768276308629455,True,True,20260809,327
crag_task_1_and_2_dev_v5_q_1902832a4f31beaa,crag_task_1_and_2_dev_v5_q_1902832a4f31beaa,validation,open,simple_w_condition,slow-changing,top_k_low,top_k_low,/open/search_entity_by_name,open,1,1,0.0,10,0.8289473684210527,0.85,1.6878731548786163,0.8204456805478978,True,True,20260809,328
crag_task_1_and_2_dev_v5_q_1902832a4f31beaa,crag_task_1_and_2_dev_v5_q_1902832a4f31beaa,validation,open,simple_w_condition,slow-changing,greedy_regression_aware_search,greedy_regression_aware_search,/open/search_entity_by_name,open,1,1,0.0,10,0.8289473684210527,0.95,1.7230967059731483,0.8194456453243467,True,True,20260809,328
crag_task_1_and_2_dev_v5_q_28b455af9757c32b,crag_task_1_and_2_dev_v5_q_28b455af9757c32b,validation,open,simple_w_condition,static,top_k_low,top_k_low,/open/search_entity_by_name,open,1,1,0.0,10,0.75,0.85,1.5218686312437055,0.7414984781313688,True,True,20260809,329
crag_task_1_and_2_dev_v5_q_28b455af9757c32b,crag_task_1_and_2_dev_v5_q_28b455af9757c32b,validation,open,simple_w_condition,static,greedy_regression_aware_search,greedy_regression_aware_search,/open/search_entity_by_name,open,1,1,0.0,10,0.75,0.95,1.4895889908075333,0.7404985104110092,True,True,20260809,329
crag_task_1_and_2_dev_v5_q_2d2cc286b0d6c996,crag_task_1_and_2_dev_v5_q_2d2cc286b0d6c996,validation,open,simple_w_condition,static,top_k_low,top_k_low,/open/search_entity_by_name,open,1,1,0.0,10,0.8928571428571429,0.85,1.6594994813203812,0.8843554833576617,True,True,20260809,330
crag_task_1_and_2_dev_v5_q_2d2cc286b0d6c996,crag_task_1_and_2_dev_v5_q_2d2cc286b0d6c996,validation,open,simple_w_condition,static,greedy_regression_aware_search,greedy_regression_aware_search,/open/search_entity_by_name,open,1,1,0.0,10,0.8928571428571429,0.95,1.7047179862856865,0.8833554381391566,True,True,20260809,330
crag_task_1_and_2_dev_v5_q_304e76020af0704c,crag_task_1_and_2_dev_v5_q_304e76020af0704c,validation,open,simple_w_condition,slow-changing,top_k_low,top_k_low,/open/search_entity_by_name,open,1,1,0.0,10,0.8166666666666667,0.85,1.6551930457353592,0.808165011473621,True,True,20260809,331
crag_task_1_and_2_dev_v5_q_304e76020af0704c,crag_task_1_and_2_dev_v5_q_304e76020af0704c,validation,open,simple_w_condition,slow-changing,greedy_regression_aware_search,greedy_regression_aware_search,/open/search_entity_by_name,open,1,1,0.0,10,0.8166666666666667,0.95,1.7174473032355309,0.8071649492193634,True,True,20260809,331
crag_task_1_and_2_dev_v5_q_3f31e55bea6c9341,crag_task_1_and_2_dev_v5_q_3f31e55bea6c9341,validation,open,simple_w_condition,static,top_k_low,top_k_low,/open/search_entity_by_name,open,1,1,0.0,10,0.7708333333333334,0.85,0.9414404630661012,0.7623323918928704,True,True,20260809,332
crag_task_1_and_2_dev_v5_q_3f31e55bea6c9341,crag_task_1_and_2_dev_v5_q_3f31e55bea6c9341,validation,open,simple_w_condition,static,greedy_regression_aware_search,greedy_regression_aware_search,/open/search_entity_by_name,open,1,1,0.0,10,0.7708333333333334,0.95,0.9228615090250968,0.7613324104718244,True,True,20260809,332
crag_task_1_and_2_dev_v5_q_40abdd5096a5fde0,crag_task_1_and_2_dev_v5_q_40abdd5096a5fde0,validation,open,simple_w_condition,static,top_k_low,top_k_low,/open/search_entity_by_name,open,1,1,0.0,7,0.8043478260869565,0.85,1.7631277441978457,0.7958460629592123,True,True,20260809,333
crag_task_1_and_2_dev_v5_q_40abdd5096a5fde0,crag_task_1_and_2_dev_v5_q_40abdd5096a5fde0,validation,open,simple_w_condition,static,greedy_regression_aware_search,greedy_regression_aware_search,/open/search_entity_by_name,open,1,1,0.0,7,0.8043478260869565,0.95,1.6981391236186028,0.7948461279478329,True,True,20260809,333
crag_task_1_and_2_dev_v5_q_41c0b44fefc44aa8,crag_task_1_and_2_dev_v5_q_41c0b44fefc44aa8,validation,open,simple_w_condition,slow-changing,top_k_low,top_k_low,/open/search_entity_by_name,open,1,1,0.0,10,0.7738095238095238,0.85,1.660381443798542,0.7653078634280801,True,True,20260809,334
crag_task_1_and_2_dev_v5_q_41c0b44fefc44aa8,crag_task_1_and_2_dev_v5_q_41c0b44fefc44aa8,validation,open,simple_w_condition,slow-changing,greedy_regression_aware_search,greedy_regression_aware_search,/open/search_entity_by_name,open,1,1,0.0,10,0.7738095238095238,0.95,1.6395486891269684,0.7643078842608347,True,True,20260809,334
crag_task_1_and_2_dev_v5_q_44a35940ed1befa8,crag_task_1_and_2_dev_v5_q_44a35940ed1befa8,validation,open,simple_w_condition,static,top_k_low,top_k_low,/open/search_entity_by_name,open,1,1,0.0,10,0.8461538461538461,0.85,1.5750201418995855,0.8376522711337043,True,True,20260809,335
crag_task_1_and_2_dev_v5_q_44a35940ed1befa8,crag_task_1_and_2_dev_v5_q_44a35940ed1befa8,validation,open,simple_w_condition,static,greedy_regression_aware_search,greedy_regression_aware_search,/open/search_entity_by_name,open,1,1,0.0,10,0.8461538461538461,0.95,1.5092091634869576,0.8366523369446827,True,True,20260809,335
crag_task_1_and_2_dev_v5_q_7c3bf82a441d7ae5,crag_task_1_and_2_dev_v5_q_7c3bf82a441d7ae5,validation,open,simple_w_condition,slow-changing,top_k_low,top_k_low,/open/search_entity_by_name,open,1,1,0.0,10,0.7916666666666666,0.85,1.660410314798355,0.7831650062563519,True,True,20260809,336
crag_task_1_and_2_dev_v5_q_7c3bf82a441d7ae5,crag_task_1_and_2_dev_v5_q_7c3bf82a441d7ae5,validation,open,simple_w_condition,slow-changing,greedy_regression_aware_search,greedy_regression_aware_search,/open/search_entity_by_name,open,1,1,0.0,10,0.7916666666666666,0.95,1.7206128686666489,0.782164946053798,True,True,20260809,336
crag_task_1_and_2_dev_v5_q_8874c7c8d3c3ae79,crag_task_1_and_2_dev_v5_q_8874c7c8d3c3ae79,validation,open,simple_w_condition,static,top_k_low,top_k_low,/open/search_entity_by_name,open,1,1,0.0,10,0.75,0.85,1.4850730076432228,0.7414985149269924,True,True,20260809,337
crag_task_1_and_2_dev_v5_q_8874c7c8d3c3ae79,crag_task_1_and_2_dev_v5_q_8874c7c8d3c3ae79,validation,open,simple_w_condition,static,greedy_regression_aware_search,greedy_regression_aware_search,/open/search_entity_by_name,open,1,1,0.0,10,0.75,0.95,1.4985231682658195,0.7404985014768318,True,True,20260809,337
crag_task_1_and_2_dev_v5_q_9453baa5bf877ac3,crag_task_1_and_2_dev_v5_q_9453baa5bf877ac3,validation,open,simple_w_condition,slow-changing,top_k_low,top_k_low,/open/search_entity_by_name,open,1,1,0.0,10,0.8382352941176471,0.85,1.6647083684802055,0.8297336294092786,True,True,20260809,338
crag_task_1_and_2_dev_v5_q_9453baa5bf877ac3,crag_task_1_and_2_dev_v5_q_9453baa5bf877ac3,validation,open,simple_w_condition,slow-changing,greedy_regression_aware_search,greedy_regression_aware_search,/open/search_entity_by_name,open,1,1,0.0,10,0.8382352941176471,0.95,1.6324985772371292,0.8287336616190699,True,True,20260809,338
crag_task_1_and_2_dev_v5_q_96ee4a6d3ca304e3,crag_task_1_and_2_dev_v5_q_96ee4a6d3ca304e3,validation,open,simple_w_condition,static,top_k_low,top_k_low,/open/search_entity_by_name,open,1,1,0.0,10,0.75,0.85,1.2280289083719254,0.7414987719710917,True,True,20260809,339
crag_task_1_and_2_dev_v5_q_96ee4a6d3ca304e3,crag_task_1_and_2_dev_v5_q_96ee4a6d3ca304e3,validation,open,simple_w_condition,static,greedy_regression_aware_search,greedy_regression_aware_search,/open/search_entity_by_name,open,1,1,0.0,10,0.75,0.95,1.2239133939146996,0.7404987760866061,True,True,20260809,339
crag_task_1_and_2_dev_v5_q_c43a94e88cf86de8,crag_task_1_and_2_dev_v5_q_c43a94e88cf86de8,validation,open,simple_w_condition,static,top_k_low,top_k_low,/open/search_entity_by_name,open,1,1,0.0,10,0.75,0.85,1.6069989651441574,0.7414983930010349,True,True,20260809,340
crag_task_1_and_2_dev_v5_q_c43a94e88cf86de8,crag_task_1_and_2_dev_v5_q_c43a94e88cf86de8,validation,open,simple_w_condition,static,greedy_regression_aware_search,greedy_regression_aware_search,/open/search_entity_by_name,open,1,1,0.0,10,0.75,0.95,1.5876991674304008,0.7404984123008326,True,True,20260809,340
crag_task_1_and_2_dev_v5_q_11b2836e3665b8a7,crag_task_1_and_2_dev_v5_q_11b2836e3665b8a7,validation,sports,aggregation,fast-changing,top_k_low,top_k_low,/sports/nba/get_games_on_date,sports_nba,1,1,0.0,0,0.5,0.85,12.980935163795948,0.4914870190648362,True,True,20260809,341
crag_task_1_and_2_dev_v5_q_11b2836e3665b8a7,crag_task_1_and_2_dev_v5_q_11b2836e3665b8a7,validation,sports,aggregation,fast-changing,greedy_regression_aware_search,greedy_regression_aware_search,/sports/nba/get_games_on_date,sports_nba,1,1,0.0,0,0.5,0.95,11.87514327466488,0.4904881248567253,True,True,20260809,341
crag_task_1_and_2_dev_v5_q_1b587f3ab7a636f2,crag_task_1_and_2_dev_v5_q_1b587f3ab7a636f2,validation,sports,aggregation,static,top_k_low,top_k_low,/sports/nba/get_games_on_date,sports_nba,1,1,0.0,0,0.5,0.85,12.099056504666803,0.4914879009434953,True,True,20260809,342
crag_task_1_and_2_dev_v5_q_1b587f3ab7a636f2,crag_task_1_and_2_dev_v5_q_1b587f3ab7a636f2,validation,sports,aggregation,static,greedy_regression_aware_search,greedy_regression_aware_search,/sports/nba/get_games_on_date,sports_nba,1,1,0.0,0,0.5,0.95,12.089400552213192,0.4904879105994478,True,True,20260809,342
crag_task_1_and_2_dev_v5_q_2465a0d16f720f6a,crag_task_1_and_2_dev_v5_q_2465a0d16f720f6a,validation,sports,aggregation,static,top_k_low,top_k_low,/sports/nba/get_games_on_date,sports_nba,1,1,0.0,0,0.5,0.85,11.7604061961174,0.4914882395938039,True,True,20260809,343
crag_task_1_and_2_dev_v5_q_2465a0d16f720f6a,crag_task_1_and_2_dev_v5_q_2465a0d16f720f6a,validation,sports,aggregation,static,greedy_regression_aware_search,greedy_regression_aware_search,/sports/nba/get_games_on_date,sports_nba,1,1,0.0,0,0.5,0.95,11.960803531110288,0.4904880391964689,True,True,20260809,343
crag_task_1_and_2_dev_v5_q_6cf22f23ebb684e5,crag_task_1_and_2_dev_v5_q_6cf22f23ebb684e5,validation,sports,aggregation,slow-changing,top_k_low,top_k_low,/sports/nba/get_games_on_date,sports_nba,1,1,0.0,0,0.5,0.85,11.841252446174622,0.4914881587475538,True,True,20260809,344
crag_task_1_and_2_dev_v5_q_6cf22f23ebb684e5,crag_task_1_and_2_dev_v5_q_6cf22f23ebb684e5,validation,sports,aggregation,slow-changing,greedy_regression_aware_search,greedy_regression_aware_search,/sports/nba/get_games_on_date,sports_nba,1,1,0.0,0,0.5,0.95,11.9782704859972,0.490488021729514,True,True,20260809,344
crag_task_1_and_2_dev_v5_q_7eb1f55278f17441,crag_task_1_and_2_dev_v5_q_7eb1f55278f17441,validation,sports,aggregation,fast-changing,top_k_low,top_k_low,/sports/nba/get_games_on_date,sports_nba,1,1,0.0,0,0.5,0.85,11.76525466144085,0.4914882347453385,True,True,20260809,345
crag_task_1_and_2_dev_v5_q_7eb1f55278f17441,crag_task_1_and_2_dev_v5_q_7eb1f55278f17441,validation,sports,aggregation,fast-changing,greedy_regression_aware_search,greedy_regression_aware_search,/sports/nba/get_games_on_date,sports_nba,1,1,0.0,0,0.5,0.95,11.73058245331049,0.4904882694175467,True,True,20260809,345
crag_task_1_and_2_dev_v5_q_825bc97570fa4cd2,crag_task_1_and_2_dev_v5_q_825bc97570fa4cd2,validation,sports,aggregation,slow-changing,top_k_low,top_k_low,/sports/nba/get_games_on_date,sports_nba,1,1,0.0,0,0.5,0.85,11.828442104160786,0.4914881715578958,True,True,20260809,346
crag_task_1_and_2_dev_v5_q_825bc97570fa4cd2,crag_task_1_and_2_dev_v5_q_825bc97570fa4cd2,validation,sports,aggregation,slow-changing,greedy_regression_aware_search,greedy_regression_aware_search,/sports/nba/get_games_on_date,sports_nba,1,1,0.0,0,0.5,0.95,12.060056440532207,0.4904879399435594,True,True,20260809,346
crag_task_1_and_2_dev_v5_q_869c171a4618018c,crag_task_1_and_2_dev_v5_q_869c171a4618018c,validation,sports,aggregation,slow-changing,top_k_low,top_k_low,/sports/nba/get_games_on_date,sports_nba,1,1,0.0,0,0.5,0.85,11.757553555071354,0.4914882424464449,True,True,20260809,347
crag_task_1_and_2_dev_v5_q_869c171a4618018c,crag_task_1_and_2_dev_v5_q_869c171a4618018c,validation,sports,aggregation,slow-changing,greedy_regression_aware_search,greedy_regression_aware_search,/sports/nba/get_games_on_date,sports_nba,1,1,0.0,0,0.5,0.95,11.797934770584106,0.4904882020652294,True,True,20260809,347
crag_task_1_and_2_dev_v5_q_892695948faf445e,crag_task_1_and_2_dev_v5_q_892695948faf445e,validation,sports,aggregation,static,top_k_low,top_k_low,/sports/nba/get_games_on_date,sports_nba,1,1,0.0,0,0.5,0.85,11.84823177754879,0.4914881517682224,True,True,20260809,348
crag_task_1_and_2_dev_v5_q_892695948faf445e,crag_task_1_and_2_dev_v5_q_892695948faf445e,validation,sports,aggregation,static,greedy_regression_aware_search,greedy_regression_aware_search,/sports/nba/get_games_on_date,sports_nba,1,1,0.0,0,0.5,0.95,12.157155200839044,0.4904878428447991,True,True,20260809,348
crag_task_1_and_2_dev_v5_q_9aa411c44b04f949,crag_task_1_and_2_dev_v5_q_9aa411c44b04f949,validation,sports,aggregation,slow-changing,top_k_low,top_k_low,/sports/nba/get_games_on_date,sports_nba,1,1,0.0,0,0.5,0.85,11.903757229447365,0.4914880962427705,True,True,20260809,349
crag_task_1_and_2_dev_v5_q_9aa411c44b04f949,crag_task_1_and_2_dev_v5_q_9aa411c44b04f949,validation,sports,aggregation,slow-changing,greedy_regression_aware_search,greedy_regression_aware_search,/sports/nba/get_games_on_date,sports_nba,1,1,0.0,0,0.5,0.95,11.82650774717331,0.4904881734922528,True,True,20260809,349
crag_task_1_and_2_dev_v5_q_aabe9c615e441be1,crag_task_1_and_2_dev_v5_q_aabe9c615e441be1,validation,sports,aggregation,fast-changing,top_k_low,top_k_low,/sports/nba/get_games_on_date,sports_nba,1,1,0.0,0,0.5,0.85,11.748770251870155,0.4914882512297481,True,True,20260809,350
crag_task_1_and_2_dev_v5_q_aabe9c615e441be1,crag_task_1_and_2_dev_v5_q_aabe9c615e441be1,validation,sports,aggregation,fast-changing,greedy_regression_aware_search,greedy_regression_aware_search,/sports/nba/get_games_on_date,sports_nba,1,1,0.0,0,0.5,0.95,11.86716090887785,0.4904881328390911,True,True,20260809,350
crag_task_1_and_2_dev_v5_q_aacea0005ac56c24,crag_task_1_and_2_dev_v5_q_aacea0005ac56c24,validation,sports,aggregation,static,top_k_low,top_k_low,/sports/nba/get_games_on_date,sports_nba,1,1,0.0,0,0.5,0.85,12.044672854244707,0.4914879553271457,True,True,20260809,351
crag_task_1_and_2_dev_v5_q_aacea0005ac56c24,crag_task_1_and_2_dev_v5_q_aacea0005ac56c24,validation,sports,aggregation,static,greedy_regression_aware_search,greedy_regression_aware_search,/sports/nba/get_games_on_date,sports_nba,1,1,0.0,0,0.5,0.95,12.114610522985458,0.490487885389477,True,True,20260809,351
crag_task_1_and_2_dev_v5_q_aec803ea2ecbf799,crag_task_1_and_2_dev_v5_q_aec803ea2ecbf799,validation,sports,aggregation,static,top_k_low,top_k_low,/sports/nba/get_games_on_date,sports_nba,1,1,0.0,0,0.5,0.85,12.002477422356606,0.4914879975225776,True,True,20260809,352
crag_task_1_and_2_dev_v5_q_aec803ea2ecbf799,crag_task_1_and_2_dev_v5_q_aec803ea2ecbf799,validation,sports,aggregation,static,greedy_regression_aware_search,greedy_regression_aware_search,/sports/nba/get_games_on_date,sports_nba,1,1,0.0,0,0.5,0.95,11.992071755230429,0.4904880079282447,True,True,20260809,352
crag_task_1_and_2_dev_v5_q_e74268f88cdd74d6,crag_task_1_and_2_dev_v5_q_e74268f88cdd74d6,validation,sports,aggregation,static,top_k_low,top_k_low,/sports/nba/get_games_on_date,sports_nba,1,1,0.0,0,0.5,0.85,11.992573738098145,0.4914880074262619,True,True,20260809,353
crag_task_1_and_2_dev_v5_q_e74268f88cdd74d6,crag_task_1_and_2_dev_v5_q_e74268f88cdd74d6,validation,sports,aggregation,static,greedy_regression_aware_search,greedy_regression_aware_search,/sports/nba/get_games_on_date,sports_nba,1,1,0.0,0,0.5,0.95,12.147760018706322,0.4904878522399812,True,True,20260809,353
crag_task_1_and_2_dev_v5_q_e7bda99b9cb28427,crag_task_1_and_2_dev_v5_q_e7bda99b9cb28427,validation,sports,aggregation,static,top_k_low,top_k_low,/sports/nba/get_games_on_date,sports_nba,1,1,0.0,0,0.5,0.85,12.004380114376543,0.4914879956198856,True,True,20260809,354
crag_task_1_and_2_dev_v5_q_e7bda99b9cb28427,crag_task_1_and_2_dev_v5_q_e7bda99b9cb28427,validation,sports,aggregation,static,greedy_regression_aware_search,greedy_regression_aware_search,/sports/nba/get_games_on_date,sports_nba,1,1,0.0,0,0.5,0.95,12.158357538282871,0.4904878416424617,True,True,20260809,354
crag_task_1_and_2_dev_v5_q_f22264dee1dd2370,crag_task_1_and_2_dev_v5_q_f22264dee1dd2370,validation,sports,aggregation,fast-changing,top_k_low,top_k_low,/sports/nba/get_games_on_date,sports_nba,1,1,0.0,0,0.5,0.85,11.863145045936108,0.491488136854954,True,True,20260809,355
crag_task_1_and_2_dev_v5_q_f22264dee1dd2370,crag_task_1_and_2_dev_v5_q_f22264dee1dd2370,validation,sports,aggregation,fast-changing,greedy_regression_aware_search,greedy_regression_aware_search,/sports/nba/get_games_on_date,sports_nba,1,1,0.0,0,0.5,0.95,11.789001524448397,0.4904882109984755,True,True,20260809,355
crag_task_1_and_2_dev_v5_q_f406766456f3b688,crag_task_1_and_2_dev_v5_q_f406766456f3b688,validation,sports,aggregation,fast-changing,top_k_low,top_k_low,/sports/nba/get_games_on_date,sports_nba,1,1,0.0,0,0.5,0.85,11.810343712568285,0.4914881896562874,True,True,20260809,356
crag_task_1_and_2_dev_v5_q_f406766456f3b688,crag_task_1_and_2_dev_v5_q_f406766456f3b688,validation,sports,aggregation,fast-changing,greedy_regression_aware_search,greedy_regression_aware_search,/sports/nba/get_games_on_date,sports_nba,1,1,0.0,0,0.5,0.95,11.824306100606918,0.4904881756938994,True,True,20260809,356
crag_task_1_and_2_dev_v5_q_f6bb9ac81435e51b,crag_task_1_and_2_dev_v5_q_f6bb9ac81435e51b,validation,sports,aggregation,static,top_k_low,top_k_low,/sports/nba/get_games_on_date,sports_nba,1,1,0.0,0,0.5,0.85,12.014665640890598,0.4914879853343591,True,True,20260809,357
crag_task_1_and_2_dev_v5_q_f6bb9ac81435e51b,crag_task_1_and_2_dev_v5_q_f6bb9ac81435e51b,validation,sports,aggregation,static,greedy_regression_aware_search,greedy_regression_aware_search,/sports/nba/get_games_on_date,sports_nba,1,1,0.0,0,0.5,0.95,12.0210163295269,0.4904879789836704,True,True,20260809,357
crag_task_1_and_2_dev_v5_q_ffe76da238540991,crag_task_1_and_2_dev_v5_q_ffe76da238540991,validation,sports,aggregation,slow-changing,top_k_low,top_k_low,/sports/nba/get_games_on_date,sports_nba,1,1,0.0,0,0.5,0.85,11.906661093235016,0.4914880933389067,True,True,20260809,358
crag_task_1_and_2_dev_v5_q_ffe76da238540991,crag_task_1_and_2_dev_v5_q_ffe76da238540991,validation,sports,aggregation,slow-changing,greedy_regression_aware_search,greedy_regression_aware_search,/sports/nba/get_games_on_date,sports_nba,1,1,0.0,0,0.5,0.95,11.919129639863968,0.4904880808703601,True,True,20260809,358
crag_task_1_and_2_dev_v5_q_1ae1bb8cb403c551,crag_task_1_and_2_dev_v5_q_1ae1bb8cb403c551,validation,sports,comparison,static,top_k_low,top_k_low,/sports/nba/get_games_on_date,sports_nba,1,1,0.0,0,0.5,0.85,11.762850917875769,0.4914882371490821,True,True,20260809,359
crag_task_1_and_2_dev_v5_q_1ae1bb8cb403c551,crag_task_1_and_2_dev_v5_q_1ae1bb8cb403c551,validation,sports,comparison,static,greedy_regression_aware_search,greedy_regression_aware_search,/sports/nba/get_games_on_date,sports_nba,1,1,0.0,0,0.5,0.95,11.830154806375504,0.4904881698451936,True,True,20260809,359
crag_task_1_and_2_dev_v5_q_383f6a090104ee8e,crag_task_1_and_2_dev_v5_q_383f6a090104ee8e,validation,sports,comparison,slow-changing,top_k_low,top_k_low,/sports/nba/get_games_on_date,sports_nba,1,1,0.0,0,0.5,0.85,11.760368011891842,0.4914882396319881,True,True,20260809,360
crag_task_1_and_2_dev_v5_q_383f6a090104ee8e,crag_task_1_and_2_dev_v5_q_383f6a090104ee8e,validation,sports,comparison,slow-changing,greedy_regression_aware_search,greedy_regression_aware_search,/sports/nba/get_games_on_date,sports_nba,1,1,0.0,0,0.5,0.95,11.841090396046638,0.4904881589096039,True,True,20260809,360
crag_task_1_and_2_dev_v5_q_3ebd769dd9c70f0c,crag_task_1_and_2_dev_v5_q_3ebd769dd9c70f0c,validation,sports,comparison,slow-changing,top_k_low,top_k_low,/sports/nba/get_games_on_date,sports_nba,1,1,0.0,0,0.5,0.85,11.729279533028604,0.4914882707204669,True,True,20260809,361
crag_task_1_and_2_dev_v5_q_3ebd769dd9c70f0c,crag_task_1_and_2_dev_v5_q_3ebd769dd9c70f0c,validation,sports,comparison,slow-changing,greedy_regression_aware_search,greedy_regression_aware_search,/sports/nba/get_games_on_date,sports_nba,1,1,0.0,0,0.5,0.95,11.874972842633724,0.4904881250271574,True,True,20260809,361
crag_task_1_and_2_dev_v5_q_c4ffa6e3067b9d3b,crag_task_1_and_2_dev_v5_q_c4ffa6e3067b9d3b,validation,sports,comparison,static,top_k_low,top_k_low,/sports/nba/get_games_on_date,sports_nba,1,1,0.0,0,0.5,0.85,12.053905986249449,0.4914879460940137,True,True,20260809,362
crag_task_1_and_2_dev_v5_q_c4ffa6e3067b9d3b,crag_task_1_and_2_dev_v5_q_c4ffa6e3067b9d3b,validation,sports,comparison,static,greedy_regression_aware_search,greedy_regression_aware_search,/sports/nba/get_games_on_date,sports_nba,1,1,0.0,0,0.5,0.95,12.046094052493572,0.4904879539059475,True,True,20260809,362
crag_task_1_and_2_dev_v5_q_cbf9de086b9572cf,crag_task_1_and_2_dev_v5_q_cbf9de086b9572cf,validation,sports,comparison,static,top_k_low,top_k_low,/sports/nba/get_games_on_date,sports_nba,1,1,0.0,0,0.5,0.85,11.768118478357792,0.4914882318815216,True,True,20260809,363
crag_task_1_and_2_dev_v5_q_cbf9de086b9572cf,crag_task_1_and_2_dev_v5_q_cbf9de086b9572cf,validation,sports,comparison,static,greedy_regression_aware_search,greedy_regression_aware_search,/sports/nba/get_games_on_date,sports_nba,1,1,0.0,0,0.5,0.95,11.852126568555832,0.4904881478734314,True,True,20260809,363
crag_task_1_and_2_dev_v5_q_015d4f7232db5296,crag_task_1_and_2_dev_v5_q_015d4f7232db5296,validation,sports,false_premise,slow-changing,top_k_low,top_k_low,/sports/nba/get_games_on_date,sports_nba,1,1,0.0,0,0.5,0.85,11.660194024443626,0.4914883398059755,True,True,20260809,364
crag_task_1_and_2_dev_v5_q_015d4f7232db5296,crag_task_1_and_2_dev_v5_q_015d4f7232db5296,validation,sports,false_premise,slow-changing,greedy_regression_aware_search,greedy_regression_aware_search,/sports/nba/get_games_on_date,sports_nba,1,1,0.0,0,0.5,0.95,11.822832748293877,0.4904881771672517,True,True,20260809,364
crag_task_1_and_2_dev_v5_q_03cc4041e00478b5,crag_task_1_and_2_dev_v5_q_03cc4041e00478b5,validation,sports,false_premise,static,top_k_low,top_k_low,/sports/nba/get_games_on_date,sports_nba,1,1,0.0,0,0.5,0.85,11.964019387960434,0.491488035980612,True,True,20260809,365
crag_task_1_and_2_dev_v5_q_03cc4041e00478b5,crag_task_1_and_2_dev_v5_q_03cc4041e00478b5,validation,sports,false_premise,static,greedy_regression_aware_search,greedy_regression_aware_search,/sports/nba/get_games_on_date,sports_nba,1,1,0.0,0,0.5,0.95,12.011121958494186,0.4904879888780415,True,True,20260809,365
crag_task_1_and_2_dev_v5_q_03fbc6f4cd4beefa,crag_task_1_and_2_dev_v5_q_03fbc6f4cd4beefa,validation,sports,false_premise,static,top_k_low,top_k_low,/sports/nba/get_games_on_date,sports_nba,1,1,0.0,0,0.5,0.85,11.949436739087105,0.4914880505632609,True,True,20260809,366
crag_task_1_and_2_dev_v5_q_03fbc6f4cd4beefa,crag_task_1_and_2_dev_v5_q_03fbc6f4cd4beefa,validation,sports,false_premise,static,greedy_regression_aware_search,greedy_regression_aware_search,/sports/nba/get_games_on_date,sports_nba,1,1,0.0,0,0.5,0.95,11.908013373613358,0.4904880919866263,True,True,20260809,366
crag_task_1_and_2_dev_v5_q_10f43db66980ce24,crag_task_1_and_2_dev_v5_q_10f43db66980ce24,validation,sports,false_premise,fast-changing,top_k_low,top_k_low,/sports/nba/get_games_on_date,sports_nba,1,1,0.0,0,0.5,0.85,11.782611720263958,0.4914882173882797,True,True,20260809,367
crag_task_1_and_2_dev_v5_q_10f43db66980ce24,crag_task_1_and_2_dev_v5_q_10f43db66980ce24,validation,sports,false_premise,fast-changing,greedy_regression_aware_search,greedy_regression_aware_search,/sports/nba/get_games_on_date,sports_nba,1,1,0.0,0,0.5,0.95,11.727547273039818,0.4904882724527269,True,True,20260809,367
crag_task_1_and_2_dev_v5_q_1f68a7e48d6aa253,crag_task_1_and_2_dev_v5_q_1f68a7e48d6aa253,validation,sports,false_premise,static,top_k_low,top_k_low,/sports/nba/get_games_on_date,sports_nba,1,1,0.0,0,0.5,0.85,11.98394875973463,0.4914880160512402,True,True,20260809,368
crag_task_1_and_2_dev_v5_q_1f68a7e48d6aa253,crag_task_1_and_2_dev_v5_q_1f68a7e48d6aa253,validation,sports,false_premise,static,greedy_regression_aware_search,greedy_regression_aware_search,/sports/nba/get_games_on_date,sports_nba,1,1,0.0,0,0.5,0.95,11.947603896260262,0.4904880523961037,True,True,20260809,368
crag_task_1_and_2_dev_v5_q_220fad828249c90c,crag_task_1_and_2_dev_v5_q_220fad828249c90c,validation,sports,false_premise,static,top_k_low,top_k_low,/sports/nba/get_games_on_date,sports_nba,1,1,0.0,0,0.5,0.85,11.969887651503086,0.4914880301123485,True,True,20260809,369
crag_task_1_and_2_dev_v5_q_220fad828249c90c,crag_task_1_and_2_dev_v5_q_220fad828249c90c,validation,sports,false_premise,static,greedy_regression_aware_search,greedy_regression_aware_search,/sports/nba/get_games_on_date,sports_nba,1,1,0.0,0,0.5,0.95,11.901174671947956,0.490488098825328,True,True,20260809,369
crag_task_1_and_2_dev_v5_q_361e8a820bb042c1,crag_task_1_and_2_dev_v5_q_361e8a820bb042c1,validation,sports,false_premise,slow-changing,top_k_low,top_k_low,/sports/nba/get_games_on_date,sports_nba,1,1,0.0,0,0.5,0.85,11.726255528628826,0.4914882737444713,True,True,20260809,370
crag_task_1_and_2_dev_v5_q_361e8a820bb042c1,crag_task_1_and_2_dev_v5_q_361e8a820bb042c1,validation,sports,false_premise,slow-changing,greedy_regression_aware_search,greedy_regression_aware_search,/sports/nba/get_games_on_date,sports_nba,1,1,0.0,0,0.5,0.95,11.727828532457352,0.4904882721714675,True,True,20260809,370
crag_task_1_and_2_dev_v5_q_40ee9d7e595a51b8,crag_task_1_and_2_dev_v5_q_40ee9d7e595a51b8,validation,sports,false_premise,fast-changing,top_k_low,top_k_low,/sports/nba/get_games_on_date,sports_nba,1,1,0.0,0,0.5,0.85,11.68262865394354,0.4914883173713461,True,True,20260809,371
crag_task_1_and_2_dev_v5_q_40ee9d7e595a51b8,crag_task_1_and_2_dev_v5_q_40ee9d7e595a51b8,validation,sports,false_premise,fast-changing,greedy_regression_aware_search,greedy_regression_aware_search,/sports/nba/get_games_on_date,sports_nba,1,1,0.0,0,0.5,0.95,11.78500521928072,0.4904882149947807,True,True,20260809,371
crag_task_1_and_2_dev_v5_q_4466617c33e56d31,crag_task_1_and_2_dev_v5_q_4466617c33e56d31,validation,sports,false_premise,static,top_k_low,top_k_low,/sports/nba/get_games_on_date,sports_nba,1,1,0.0,0,0.5,0.85,11.845486238598824,0.4914881545137614,True,True,20260809,372
crag_task_1_and_2_dev_v5_q_4466617c33e56d31,crag_task_1_and_2_dev_v5_q_4466617c33e56d31,validation,sports,false_premise,static,greedy_regression_aware_search,greedy_regression_aware_search,/sports/nba/get_games_on_date,sports_nba,1,1,0.0,0,0.5,0.95,11.93966157734394,0.4904880603384226,True,True,20260809,372
crag_task_1_and_2_dev_v5_q_4f3379c06cb3a637,crag_task_1_and_2_dev_v5_q_4f3379c06cb3a637,validation,sports,false_premise,fast-changing,top_k_low,top_k_low,/sports/nba/get_games_on_date,sports_nba,1,1,0.0,0,0.5,0.85,11.75218541175127,0.4914882478145882,True,True,20260809,373
crag_task_1_and_2_dev_v5_q_4f3379c06cb3a637,crag_task_1_and_2_dev_v5_q_4f3379c06cb3a637,validation,sports,false_premise,fast-changing,greedy_regression_aware_search,greedy_regression_aware_search,/sports/nba/get_games_on_date,sports_nba,1,1,0.0,0,0.5,0.95,11.878488585352898,0.4904881215114146,True,True,20260809,373
crag_task_1_and_2_dev_v5_q_5179844ba61f1811,crag_task_1_and_2_dev_v5_q_5179844ba61f1811,validation,sports,false_premise,fast-changing,top_k_low,top_k_low,/sports/nba/get_games_on_date,sports_nba,1,1,0.0,0,0.5,0.85,11.809803545475006,0.4914881901964545,True,True,20260809,374
crag_task_1_and_2_dev_v5_q_5179844ba61f1811,crag_task_1_and_2_dev_v5_q_5179844ba61f1811,validation,sports,false_premise,fast-changing,greedy_regression_aware_search,greedy_regression_aware_search,/sports/nba/get_games_on_date,sports_nba,1,1,0.0,0,0.5,0.95,11.831616051495075,0.4904881683839485,True,True,20260809,374
crag_task_1_and_2_dev_v5_q_702a95a9a09e4aba,crag_task_1_and_2_dev_v5_q_702a95a9a09e4aba,validation,sports,false_premise,fast-changing,top_k_low,top_k_low,/sports/nba/get_games_on_date,sports_nba,1,1,0.0,0,0.5,0.85,11.744683608412744,0.4914882553163915,True,True,20260809,375
crag_task_1_and_2_dev_v5_q_702a95a9a09e4aba,crag_task_1_and_2_dev_v5_q_702a95a9a09e4aba,validation,sports,false_premise,fast-changing,greedy_regression_aware_search,greedy_regression_aware_search,/sports/nba/get_games_on_date,sports_nba,1,1,0.0,0,0.5,0.95,11.918849311769009,0.4904880811506882,True,True,20260809,375
crag_task_1_and_2_dev_v5_q_a0d919d73cacf079,crag_task_1_and_2_dev_v5_q_a0d919d73cacf079,validation,sports,false_premise,static,top_k_low,top_k_low,/sports/nba/get_games_on_date,sports_nba,1,1,0.0,0,0.5,0.85,11.824745684862137,0.4914881752543151,True,True,20260809,376
crag_task_1_and_2_dev_v5_q_a0d919d73cacf079,crag_task_1_and_2_dev_v5_q_a0d919d73cacf079,validation,sports,false_premise,static,greedy_regression_aware_search,greedy_regression_aware_search,/sports/nba/get_games_on_date,sports_nba,1,1,0.0,0,0.5,0.95,11.889005079865456,0.4904881109949201,True,True,20260809,376
crag_task_1_and_2_dev_v5_q_a4d25a356e646b7d,crag_task_1_and_2_dev_v5_q_a4d25a356e646b7d,validation,sports,false_premise,static,top_k_low,top_k_low,/sports/nba/get_games_on_date,sports_nba,1,1,0.0,0,0.5,0.85,11.992612853646278,0.4914880073871463,True,True,20260809,377
crag_task_1_and_2_dev_v5_q_a4d25a356e646b7d,crag_task_1_and_2_dev_v5_q_a4d25a356e646b7d,validation,sports,false_premise,static,greedy_regression_aware_search,greedy_regression_aware_search,/sports/nba/get_games_on_date,sports_nba,1,1,0.0,0,0.5,0.95,11.828341521322727,0.4904881716584787,True,True,20260809,377
crag_task_1_and_2_dev_v5_q_a61a7c016f4bc3d1,crag_task_1_and_2_dev_v5_q_a61a7c016f4bc3d1,validation,sports,false_premise,fast-changing,top_k_low,top_k_low,/sports/nba/get_games_on_date,sports_nba,1,1,0.0,0,0.5,0.85,17.391123808920383,0.491482608876191,True,True,20260809,378
crag_task_1_and_2_dev_v5_q_a61a7c016f4bc3d1,crag_task_1_and_2_dev_v5_q_a61a7c016f4bc3d1,validation,sports,false_premise,fast-changing,greedy_regression_aware_search,greedy_regression_aware_search,/sports/nba/get_games_on_date,sports_nba,1,1,0.0,0,0.5,0.95,11.819327250123024,0.4904881806727498,True,True,20260809,378
crag_task_1_and_2_dev_v5_q_aa8272af55fc0592,crag_task_1_and_2_dev_v5_q_aa8272af55fc0592,validation,sports,false_premise,static,top_k_low,top_k_low,/sports/nba/get_games_on_date,sports_nba,1,1,0.0,0,0.5,0.85,11.83757558465004,0.4914881624244153,True,True,20260809,379
crag_task_1_and_2_dev_v5_q_aa8272af55fc0592,crag_task_1_and_2_dev_v5_q_aa8272af55fc0592,validation,sports,false_premise,static,greedy_regression_aware_search,greedy_regression_aware_search,/sports/nba/get_games_on_date,sports_nba,1,1,0.0,0,0.5,0.95,11.97099033743143,0.4904880290096625,True,True,20260809,379
crag_task_1_and_2_dev_v5_q_bbe7c280b29074a9,crag_task_1_and_2_dev_v5_q_bbe7c280b29074a9,validation,sports,false_premise,static,top_k_low,top_k_low,/sports/nba/get_games_on_date,sports_nba,1,1,0.0,0,0.5,0.85,11.783111840486526,0.4914882168881595,True,True,20260809,380
crag_task_1_and_2_dev_v5_q_bbe7c280b29074a9,crag_task_1_and_2_dev_v5_q_bbe7c280b29074a9,validation,sports,false_premise,static,greedy_regression_aware_search,greedy_regression_aware_search,/sports/nba/get_games_on_date,sports_nba,1,1,0.0,0,0.5,0.95,11.90729346126318,0.4904880927065387,True,True,20260809,380
crag_task_1_and_2_dev_v5_q_bcb498c4462b693e,crag_task_1_and_2_dev_v5_q_bcb498c4462b693e,validation,sports,false_premise,fast-changing,top_k_low,top_k_low,/sports/nba/get_games_on_date,sports_nba,1,1,0.0,0,0.5,0.85,11.83787640184164,0.4914881621235981,True,True,20260809,381
crag_task_1_and_2_dev_v5_q_bcb498c4462b693e,crag_task_1_and_2_dev_v5_q_bcb498c4462b693e,validation,sports,false_premise,fast-changing,greedy_regression_aware_search,greedy_regression_aware_search,/sports/nba/get_games_on_date,sports_nba,1,1,0.0,0,0.5,0.95,11.955706402659416,0.4904880442935973,True,True,20260809,381
crag_task_1_and_2_dev_v5_q_be69404ce6f80476,crag_task_1_and_2_dev_v5_q_be69404ce6f80476,validation,sports,false_premise,fast-changing,top_k_low,top_k_low,/sports/nba/get_games_on_date,sports_nba,1,1,0.0,0,0.5,0.85,11.92512921988964,0.4914880748707801,True,True,20260809,382
crag_task_1_and_2_dev_v5_q_be69404ce6f80476,crag_task_1_and_2_dev_v5_q_be69404ce6f80476,validation,sports,false_premise,fast-changing,greedy_regression_aware_search,greedy_regression_aware_search,/sports/nba/get_games_on_date,sports_nba,1,1,0.0,0,0.5,0.95,11.981556192040443,0.4904880184438079,True,True,20260809,382
crag_task_1_and_2_dev_v5_q_cc59b26fca404430,crag_task_1_and_2_dev_v5_q_cc59b26fca404430,validation,sports,false_premise,fast-changing,top_k_low,top_k_low,/sports/nba/get_games_on_date,sports_nba,1,1,0.0,0,0.5,0.85,11.782580986618996,0.4914882174190134,True,True,20260809,383
crag_task_1_and_2_dev_v5_q_cc59b26fca404430,crag_task_1_and_2_dev_v5_q_cc59b26fca404430,validation,sports,false_premise,fast-changing,greedy_regression_aware_search,greedy_regression_aware_search,/sports/nba/get_games_on_date,sports_nba,1,1,0.0,0,0.5,0.95,11.816764250397682,0.4904881832357496,True,True,20260809,383
crag_task_1_and_2_dev_v5_q_e93919280f9bea41,crag_task_1_and_2_dev_v5_q_e93919280f9bea41,validation,sports,false_premise,fast-changing,top_k_low,top_k_low,/sports/nba/get_games_on_date,sports_nba,1,1,0.0,0,0.5,0.85,11.79176475852728,0.4914882082352415,True,True,20260809,384
crag_task_1_and_2_dev_v5_q_e93919280f9bea41,crag_task_1_and_2_dev_v5_q_e93919280f9bea41,validation,sports,false_premise,fast-changing,greedy_regression_aware_search,greedy_regression_aware_search,/sports/nba/get_games_on_date,sports_nba,1,1,0.0,0,0.5,0.95,11.800208128988745,0.490488199791871,True,True,20260809,384
crag_task_1_and_2_dev_v5_q_ea3039fcd5df6b2d,crag_task_1_and_2_dev_v5_q_ea3039fcd5df6b2d,validation,sports,false_premise,static,top_k_low,top_k_low,/sports/nba/get_games_on_date,sports_nba,1,1,0.0,0,0.5,0.85,11.815211735665798,0.4914881847882643,True,True,20260809,385
crag_task_1_and_2_dev_v5_q_ea3039fcd5df6b2d,crag_task_1_and_2_dev_v5_q_ea3039fcd5df6b2d,validation,sports,false_premise,static,greedy_regression_aware_search,greedy_regression_aware_search,/sports/nba/get_games_on_date,sports_nba,1,1,0.0,0,0.5,0.95,16.72971248626709,0.4904832702875137,True,True,20260809,385
crag_task_1_and_2_dev_v5_q_139237f7d07e8eeb,crag_task_1_and_2_dev_v5_q_139237f7d07e8eeb,validation,sports,multi-hop,static,top_k_low,top_k_low,/sports/nba/get_games_on_date,sports_nba,1,1,0.0,0,0.5,0.85,11.742740869522097,0.4914882572591305,True,True,20260809,386
crag_task_1_and_2_dev_v5_q_139237f7d07e8eeb,crag_task_1_and_2_dev_v5_q_139237f7d07e8eeb,validation,sports,multi-hop,static,greedy_regression_aware_search,greedy_regression_aware_search,/sports/nba/get_games_on_date,sports_nba,1,1,0.0,0,0.5,0.95,11.938551440835,0.4904880614485591,True,True,20260809,386
crag_task_1_and_2_dev_v5_q_2cda5e23763bb677,crag_task_1_and_2_dev_v5_q_2cda5e23763bb677,validation,sports,multi-hop,static,top_k_low,top_k_low,/sports/nba/get_games_on_date,sports_nba,1,1,0.0,0,0.5,0.85,11.916806921362875,0.4914880831930786,True,True,20260809,387
crag_task_1_and_2_dev_v5_q_2cda5e23763bb677,crag_task_1_and_2_dev_v5_q_2cda5e23763bb677,validation,sports,multi-hop,static,greedy_regression_aware_search,greedy_regression_aware_search,/sports/nba/get_games_on_date,sports_nba,1,1,0.0,0,0.5,0.95,11.991330422461033,0.4904880086695775,True,True,20260809,387
crag_task_1_and_2_dev_v5_q_37155f71ead30a7c,crag_task_1_and_2_dev_v5_q_37155f71ead30a7c,validation,sports,multi-hop,static,top_k_low,top_k_low,/sports/nba/get_games_on_date,sports_nba,1,1,0.0,0,0.5,0.85,12.042929418385029,0.4914879570705816,True,True,20260809,388
crag_task_1_and_2_dev_v5_q_37155f71ead30a7c,crag_task_1_and_2_dev_v5_q_37155f71ead30a7c,validation,sports,multi-hop,static,greedy_regression_aware_search,greedy_regression_aware_search,/sports/nba/get_games_on_date,sports_nba,1,1,0.0,0,0.5,0.95,11.920281685888767,0.4904880797183141,True,True,20260809,388
crag_task_1_and_2_dev_v5_q_3cc30a6c7c4851e2,crag_task_1_and_2_dev_v5_q_3cc30a6c7c4851e2,validation,sports,multi-hop,static,top_k_low,top_k_low,/sports/nba/get_games_on_date,sports_nba,1,1,0.0,0,0.5,0.85,11.93266175687313,0.4914880673382431,True,True,20260809,389
crag_task_1_and_2_dev_v5_q_3cc30a6c7c4851e2,crag_task_1_and_2_dev_v5_q_3cc30a6c7c4851e2,validation,sports,multi-hop,static,greedy_regression_aware_search,greedy_regression_aware_search,/sports/nba/get_games_on_date,sports_nba,1,1,0.0,0,0.5,0.95,11.950258165597916,0.4904880497418344,True,True,20260809,389
crag_task_1_and_2_dev_v5_q_9a7563920acfb4ac,crag_task_1_and_2_dev_v5_q_9a7563920acfb4ac,validation,sports,multi-hop,static,top_k_low,top_k_low,/sports/nba/get_games_on_date,sports_nba,1,1,0.0,0,0.5,0.85,11.93040795624256,0.4914880695920438,True,True,20260809,390
crag_task_1_and_2_dev_v5_q_9a7563920acfb4ac,crag_task_1_and_2_dev_v5_q_9a7563920acfb4ac,validation,sports,multi-hop,static,greedy_regression_aware_search,greedy_regression_aware_search,/sports/nba/get_games_on_date,sports_nba,1,1,0.0,0,0.5,0.95,11.990860104560852,0.4904880091398954,True,True,20260809,390
crag_task_1_and_2_dev_v5_q_f7a2b9ed3b6e24b3,crag_task_1_and_2_dev_v5_q_f7a2b9ed3b6e24b3,validation,sports,multi-hop,static,top_k_low,top_k_low,/sports/nba/get_games_on_date,sports_nba,1,1,0.0,0,0.5,0.85,11.749429628252985,0.4914882505703717,True,True,20260809,391
crag_task_1_and_2_dev_v5_q_f7a2b9ed3b6e24b3,crag_task_1_and_2_dev_v5_q_f7a2b9ed3b6e24b3,validation,sports,multi-hop,static,greedy_regression_aware_search,greedy_regression_aware_search,/sports/nba/get_games_on_date,sports_nba,1,1,0.0,0,0.5,0.95,11.876865290105345,0.4904881231347099,True,True,20260809,391
crag_task_1_and_2_dev_v5_q_01908b3b5bbe6470,crag_task_1_and_2_dev_v5_q_01908b3b5bbe6470,validation,sports,post-processing,static,top_k_low,top_k_low,/sports/nba/get_games_on_date,sports_nba,1,1,0.0,0,0.5,0.85,11.765284463763235,0.4914882347155362,True,True,20260809,392
crag_task_1_and_2_dev_v5_q_01908b3b5bbe6470,crag_task_1_and_2_dev_v5_q_01908b3b5bbe6470,validation,sports,post-processing,static,greedy_regression_aware_search,greedy_regression_aware_search,/sports/nba/get_games_on_date,sports_nba,1,1,0.0,0,0.5,0.95,11.946242302656174,0.4904880537576973,True,True,20260809,392
crag_task_1_and_2_dev_v5_q_195e3d70cf616f09,crag_task_1_and_2_dev_v5_q_195e3d70cf616f09,validation,sports,post-processing,fast-changing,top_k_low,top_k_low,/sports/nba/get_games_on_date,sports_nba,1,1,0.0,0,0.5,0.85,11.858307756483557,0.4914881416922435,True,True,20260809,393
crag_task_1_and_2_dev_v5_q_195e3d70cf616f09,crag_task_1_and_2_dev_v5_q_195e3d70cf616f09,validation,sports,post-processing,fast-changing,greedy_regression_aware_search,greedy_regression_aware_search,/sports/nba/get_games_on_date,sports_nba,1,1,0.0,0,0.5,0.95,11.8922283872962,0.4904881077716126,True,True,20260809,393
crag_task_1_and_2_dev_v5_q_46614d935cc5a367,crag_task_1_and_2_dev_v5_q_46614d935cc5a367,validation,sports,post-processing,fast-changing,top_k_low,top_k_low,/sports/nba/get_games_on_date,sports_nba,1,1,0.0,0,0.5,0.85,11.837915517389774,0.4914881620844826,True,True,20260809,394
crag_task_1_and_2_dev_v5_q_46614d935cc5a367,crag_task_1_and_2_dev_v5_q_46614d935cc5a367,validation,sports,post-processing,fast-changing,greedy_regression_aware_search,greedy_regression_aware_search,/sports/nba/get_games_on_date,sports_nba,1,1,0.0,0,0.5,0.95,11.882243677973747,0.490488117756322,True,True,20260809,394
crag_task_1_and_2_dev_v5_q_7602d8b4477b1ad2,crag_task_1_and_2_dev_v5_q_7602d8b4477b1ad2,validation,sports,post-processing,static,top_k_low,top_k_low,/sports/nba/get_games_on_date,sports_nba,1,1,0.0,0,0.5,0.85,11.812165379524233,0.4914881878346204,True,True,20260809,395
crag_task_1_and_2_dev_v5_q_7602d8b4477b1ad2,crag_task_1_and_2_dev_v5_q_7602d8b4477b1ad2,validation,sports,post-processing,static,greedy_regression_aware_search,greedy_regression_aware_search,/sports/nba/get_games_on_date,sports_nba,1,1,0.0,0,0.5,0.95,11.804714798927307,0.490488195285201,True,True,20260809,395
crag_task_1_and_2_dev_v5_q_116d4252fe959bf1,crag_task_1_and_2_dev_v5_q_116d4252fe959bf1,validation,sports,set,static,top_k_low,top_k_low,/sports/nba/get_games_on_date,sports_nba,1,1,0.0,0,0.5,0.85,12.043099850416183,0.4914879569001495,True,True,20260809,396
crag_task_1_and_2_dev_v5_q_116d4252fe959bf1,crag_task_1_and_2_dev_v5_q_116d4252fe959bf1,validation,sports,set,static,greedy_regression_aware_search,greedy_regression_aware_search,/sports/nba/get_games_on_date,sports_nba,1,1,0.0,0,0.5,0.95,12.079866603016852,0.490487920133397,True,True,20260809,396
crag_task_1_and_2_dev_v5_q_1a16596717aa769d,crag_task_1_and_2_dev_v5_q_1a16596717aa769d,validation,sports,set,slow-changing,top_k_low,top_k_low,/sports/nba/get_games_on_date,sports_nba,1,1,0.0,0,0.5,0.85,11.845969595015047,0.4914881540304049,True,True,20260809,397
crag_task_1_and_2_dev_v5_q_1a16596717aa769d,crag_task_1_and_2_dev_v5_q_1a16596717aa769d,validation,sports,set,slow-changing,greedy_regression_aware_search,greedy_regression_aware_search,/sports/nba/get_games_on_date,sports_nba,1,1,0.0,0,0.5,0.95,11.942334473133087,0.4904880576655268,True,True,20260809,397
crag_task_1_and_2_dev_v5_q_2b1801864e52216c,crag_task_1_and_2_dev_v5_q_2b1801864e52216c,validation,sports,set,slow-changing,top_k_low,top_k_low,/sports/nba/get_games_on_date,sports_nba,1,1,0.0,0,0.5,0.85,11.949867941439152,0.4914880501320585,True,True,20260809,398
crag_task_1_and_2_dev_v5_q_2b1801864e52216c,crag_task_1_and_2_dev_v5_q_2b1801864e52216c,validation,sports,set,slow-changing,greedy_regression_aware_search,greedy_regression_aware_search,/sports/nba/get_games_on_date,sports_nba,1,1,0.0,0,0.5,0.95,11.968906968832016,0.4904880310930312,True,True,20260809,398
crag_task_1_and_2_dev_v5_q_35f6d5054eec2777,crag_task_1_and_2_dev_v5_q_35f6d5054eec2777,validation,sports,set,slow-changing,top_k_low,top_k_low,/sports/nba/get_games_on_date,sports_nba,1,1,0.0,0,0.5,0.85,11.822322383522987,0.4914881776776165,True,True,20260809,399
crag_task_1_and_2_dev_v5_q_35f6d5054eec2777,crag_task_1_and_2_dev_v5_q_35f6d5054eec2777,validation,sports,set,slow-changing,greedy_regression_aware_search,greedy_regression_aware_search,/sports/nba/get_games_on_date,sports_nba,1,1,0.0,0,0.5,0.95,11.94988749921322,0.4904880501125008,True,True,20260809,399
crag_task_1_and_2_dev_v5_q_39b83804d6e36a26,crag_task_1_and_2_dev_v5_q_39b83804d6e36a26,validation,sports,set,slow-changing,top_k_low,top_k_low,/sports/nba/get_games_on_date,sports_nba,1,1,0.0,0,0.5,0.85,11.941644363105295,0.4914880583556369,True,True,20260809,400
crag_task_1_and_2_dev_v5_q_39b83804d6e36a26,crag_task_1_and_2_dev_v5_q_39b83804d6e36a26,validation,sports,set,slow-changing,greedy_regression_aware_search,greedy_regression_aware_search,/sports/nba/get_games_on_date,sports_nba,1,1,0.0,0,0.5,0.95,17.293674871325493,0.4904827063251287,True,True,20260809,400
crag_task_1_and_2_dev_v5_q_46c38f8e216d74bf,crag_task_1_and_2_dev_v5_q_46c38f8e216d74bf,validation,sports,set,slow-changing,top_k_low,top_k_low,/sports/nba/get_games_on_date,sports_nba,1,1,0.0,0,0.5,0.85,11.766506358981133,0.491488233493641,True,True,20260809,401
crag_task_1_and_2_dev_v5_q_46c38f8e216d74bf,crag_task_1_and_2_dev_v5_q_46c38f8e216d74bf,validation,sports,set,slow-changing,greedy_regression_aware_search,greedy_regression_aware_search,/sports/nba/get_games_on_date,sports_nba,1,1,0.0,0,0.5,0.95,11.852729134261608,0.4904881472708657,True,True,20260809,401
crag_task_1_and_2_dev_v5_q_5633caac82eef615,crag_task_1_and_2_dev_v5_q_5633caac82eef615,validation,sports,set,slow-changing,top_k_low,top_k_low,/sports/nba/get_games_on_date,sports_nba,1,1,0.0,0,0.5,0.85,11.883915401995182,0.4914881160845979,True,True,20260809,402
crag_task_1_and_2_dev_v5_q_5633caac82eef615,crag_task_1_and_2_dev_v5_q_5633caac82eef615,validation,sports,set,slow-changing,greedy_regression_aware_search,greedy_regression_aware_search,/sports/nba/get_games_on_date,sports_nba,1,1,0.0,0,0.5,0.95,11.833149008452892,0.4904881668509915,True,True,20260809,402
crag_task_1_and_2_dev_v5_q_63cbe8485f5719b6,crag_task_1_and_2_dev_v5_q_63cbe8485f5719b6,validation,sports,set,static,top_k_low,top_k_low,/sports/nba/get_games_on_date,sports_nba,1,1,0.0,0,0.5,0.85,11.869335547089577,0.4914881306644529,True,True,20260809,403
crag_task_1_and_2_dev_v5_q_63cbe8485f5719b6,crag_task_1_and_2_dev_v5_q_63cbe8485f5719b6,validation,sports,set,static,greedy_regression_aware_search,greedy_regression_aware_search,/sports/nba/get_games_on_date,sports_nba,1,1,0.0,0,0.5,0.95,11.801551096141338,0.4904881984489038,True,True,20260809,403
crag_task_1_and_2_dev_v5_q_685c4355d48007d2,crag_task_1_and_2_dev_v5_q_685c4355d48007d2,validation,sports,set,fast-changing,top_k_low,top_k_low,/sports/nba/get_games_on_date,sports_nba,1,1,0.0,0,0.5,0.85,11.766948737204077,0.4914882330512627,True,True,20260809,404
crag_task_1_and_2_dev_v5_q_685c4355d48007d2,crag_task_1_and_2_dev_v5_q_685c4355d48007d2,validation,sports,set,fast-changing,greedy_regression_aware_search,greedy_regression_aware_search,/sports/nba/get_games_on_date,sports_nba,1,1,0.0,0,0.5,0.95,11.8957431986928,0.4904881042568013,True,True,20260809,404
crag_task_1_and_2_dev_v5_q_77aa486c72d3854a,crag_task_1_and_2_dev_v5_q_77aa486c72d3854a,validation,sports,set,slow-changing,top_k_low,top_k_low,/sports/nba/get_games_on_date,sports_nba,1,1,0.0,0,0.5,0.85,11.854240670800207,0.4914881457593292,True,True,20260809,405
crag_task_1_and_2_dev_v5_q_77aa486c72d3854a,crag_task_1_and_2_dev_v5_q_77aa486c72d3854a,validation,sports,set,slow-changing,greedy_regression_aware_search,greedy_regression_aware_search,/sports/nba/get_games_on_date,sports_nba,1,1,0.0,0,0.5,0.95,11.976558715105057,0.4904880234412849,True,True,20260809,405
crag_task_1_and_2_dev_v5_q_7aefb2a250d7ef52,crag_task_1_and_2_dev_v5_q_7aefb2a250d7ef52,validation,sports,set,slow-changing,top_k_low,top_k_low,/sports/nba/get_games_on_date,sports_nba,1,1,0.0,0,0.5,0.85,11.93281076848507,0.4914880671892315,True,True,20260809,406
crag_task_1_and_2_dev_v5_q_7aefb2a250d7ef52,crag_task_1_and_2_dev_v5_q_7aefb2a250d7ef52,validation,sports,set,slow-changing,greedy_regression_aware_search,greedy_regression_aware_search,/sports/nba/get_games_on_date,sports_nba,1,1,0.0,0,0.5,0.95,11.91262062638998,0.4904880873793736,True,True,20260809,406
crag_task_1_and_2_dev_v5_q_baf25c59c5cfcb28,crag_task_1_and_2_dev_v5_q_baf25c59c5cfcb28,validation,sports,set,slow-changing,top_k_low,top_k_low,/sports/nba/get_games_on_date,sports_nba,1,1,0.0,0,0.5,0.85,11.983097530901432,0.491488016902469,True,True,20260809,407
crag_task_1_and_2_dev_v5_q_baf25c59c5cfcb28,crag_task_1_and_2_dev_v5_q_baf25c59c5cfcb28,validation,sports,set,slow-changing,greedy_regression_aware_search,greedy_regression_aware_search,/sports/nba/get_games_on_date,sports_nba,1,1,0.0,0,0.5,0.95,12.80228141695261,0.490487197718583,True,True,20260809,407
crag_task_1_and_2_dev_v5_q_c64333e7180323ac,crag_task_1_and_2_dev_v5_q_c64333e7180323ac,validation,sports,set,slow-changing,top_k_low,top_k_low,/sports/nba/get_games_on_date,sports_nba,1,1,0.0,0,0.5,0.85,11.92495971918106,0.4914880750402808,True,True,20260809,408
crag_task_1_and_2_dev_v5_q_c64333e7180323ac,crag_task_1_and_2_dev_v5_q_c64333e7180323ac,validation,sports,set,slow-changing,greedy_regression_aware_search,greedy_regression_aware_search,/sports/nba/get_games_on_date,sports_nba,1,1,0.0,0,0.5,0.95,12.013604864478111,0.4904879863951355,True,True,20260809,408
crag_task_1_and_2_dev_v5_q_de11e5f847703deb,crag_task_1_and_2_dev_v5_q_de11e5f847703deb,validation,sports,set,slow-changing,top_k_low,top_k_low,/sports/nba/get_games_on_date,sports_nba,1,1,0.0,0,0.5,0.85,11.8023119866848,0.4914881976880133,True,True,20260809,409
crag_task_1_and_2_dev_v5_q_de11e5f847703deb,crag_task_1_and_2_dev_v5_q_de11e5f847703deb,validation,sports,set,slow-changing,greedy_regression_aware_search,greedy_regression_aware_search,/sports/nba/get_games_on_date,sports_nba,1,1,0.0,0,0.5,0.95,11.715569533407688,0.4904882844304666,True,True,20260809,409
crag_task_1_and_2_dev_v5_q_1ad1b1bff52a71d3,crag_task_1_and_2_dev_v5_q_1ad1b1bff52a71d3,validation,sports,simple,slow-changing,top_k_low,top_k_low,/sports/nba/get_games_on_date,sports_nba,1,1,0.0,0,0.5,0.85,11.805997230112553,0.4914881940027699,True,True,20260809,410
crag_task_1_and_2_dev_v5_q_1ad1b1bff52a71d3,crag_task_1_and_2_dev_v5_q_1ad1b1bff52a71d3,validation,sports,simple,slow-changing,greedy_regression_aware_search,greedy_regression_aware_search,/sports/nba/get_games_on_date,sports_nba,1,1,0.0,0,0.5,0.95,11.925500817596912,0.4904880744991824,True,True,20260809,410
crag_task_1_and_2_dev_v5_q_8c424275a6e1cfa9,crag_task_1_and_2_dev_v5_q_8c424275a6e1cfa9,validation,sports,simple,static,top_k_low,top_k_low,/sports/nba/get_games_on_date,sports_nba,1,1,0.0,0,0.5,0.85,11.74789760261774,0.4914882521023974,True,True,20260809,411
crag_task_1_and_2_dev_v5_q_8c424275a6e1cfa9,crag_task_1_and_2_dev_v5_q_8c424275a6e1cfa9,validation,sports,simple,static,greedy_regression_aware_search,greedy_regression_aware_search,/sports/nba/get_games_on_date,sports_nba,1,1,0.0,0,0.5,0.95,11.798194609582424,0.4904882018053904,True,True,20260809,411
crag_task_1_and_2_dev_v5_q_d05d56f1e51928ad,crag_task_1_and_2_dev_v5_q_d05d56f1e51928ad,validation,sports,simple,slow-changing,top_k_low,top_k_low,/sports/nba/get_games_on_date,sports_nba,1,1,0.0,0,0.5,0.85,11.728397570550442,0.4914882716024294,True,True,20260809,412
crag_task_1_and_2_dev_v5_q_d05d56f1e51928ad,crag_task_1_and_2_dev_v5_q_d05d56f1e51928ad,validation,sports,simple,slow-changing,greedy_regression_aware_search,greedy_regression_aware_search,/sports/nba/get_games_on_date,sports_nba,1,1,0.0,0,0.5,0.95,11.835142970085144,0.4904881648570299,True,True,20260809,412
crag_task_1_and_2_dev_v5_q_01bdaa1135276ef9,crag_task_1_and_2_dev_v5_q_01bdaa1135276ef9,validation,sports,simple_w_condition,static,top_k_low,top_k_low,/sports/nba/get_games_on_date,sports_nba,1,1,0.0,0,0.5,0.85,12.072956189513206,0.4914879270438105,True,True,20260809,413
crag_task_1_and_2_dev_v5_q_01bdaa1135276ef9,crag_task_1_and_2_dev_v5_q_01bdaa1135276ef9,validation,sports,simple_w_condition,static,greedy_regression_aware_search,greedy_regression_aware_search,/sports/nba/get_games_on_date,sports_nba,1,1,0.0,0,0.5,0.95,12.083661742508411,0.4904879163382575,True,True,20260809,413
crag_task_1_and_2_dev_v5_q_110f8e5931000e82,crag_task_1_and_2_dev_v5_q_110f8e5931000e82,validation,sports,simple_w_condition,fast-changing,top_k_low,top_k_low,/sports/nba/get_games_on_date,sports_nba,1,1,0.0,0,0.5,0.85,11.94183435291052,0.491488058165647,True,True,20260809,414
crag_task_1_and_2_dev_v5_q_110f8e5931000e82,crag_task_1_and_2_dev_v5_q_110f8e5931000e82,validation,sports,simple_w_condition,fast-changing,greedy_regression_aware_search,greedy_regression_aware_search,/sports/nba/get_games_on_date,sports_nba,1,1,0.0,0,0.5,0.95,12.12980318814516,0.4904878701968118,True,True,20260809,414
crag_task_1_and_2_dev_v5_q_1209128400832089,crag_task_1_and_2_dev_v5_q_1209128400832089,validation,sports,simple_w_condition,fast-changing,top_k_low,top_k_low,/sports/nba/get_games_on_date,sports_nba,1,1,0.0,0,0.5,0.85,11.95835042744875,0.4914880416495725,True,True,20260809,415
crag_task_1_and_2_dev_v5_q_1209128400832089,crag_task_1_and_2_dev_v5_q_1209128400832089,validation,sports,simple_w_condition,fast-changing,greedy_regression_aware_search,greedy_regression_aware_search,/sports/nba/get_games_on_date,sports_nba,1,1,0.0,0,0.5,0.95,17.42709893733263,0.4904825729010627,True,True,20260809,415
crag_task_1_and_2_dev_v5_q_18c9bd2d6a1f49c6,crag_task_1_and_2_dev_v5_q_18c9bd2d6a1f49c6,validation,sports,simple_w_condition,static,top_k_low,top_k_low,/sports/nba/get_games_on_date,sports_nba,1,1,0.0,0,0.5,0.85,12.000746093690395,0.4914879992539063,True,True,20260809,416
crag_task_1_and_2_dev_v5_q_18c9bd2d6a1f49c6,crag_task_1_and_2_dev_v5_q_18c9bd2d6a1f49c6,validation,sports,simple_w_condition,static,greedy_regression_aware_search,greedy_regression_aware_search,/sports/nba/get_games_on_date,sports_nba,1,1,0.0,0,0.5,0.95,12.115961872041224,0.4904878840381279,True,True,20260809,416
crag_task_1_and_2_dev_v5_q_299266c45668169e,crag_task_1_and_2_dev_v5_q_299266c45668169e,validation,sports,simple_w_condition,static,top_k_low,top_k_low,/sports/nba/get_games_on_date,sports_nba,1,1,0.0,0,0.5,0.85,11.94591261446476,0.4914880540873855,True,True,20260809,417
crag_task_1_and_2_dev_v5_q_299266c45668169e,crag_task_1_and_2_dev_v5_q_299266c45668169e,validation,sports,simple_w_condition,static,greedy_regression_aware_search,greedy_regression_aware_search,/sports/nba/get_games_on_date,sports_nba,1,1,0.0,0,0.5,0.95,11.989046819508076,0.4904880109531805,True,True,20260809,417
crag_task_1_and_2_dev_v5_q_6b200cf87ec3b170,crag_task_1_and_2_dev_v5_q_6b200cf87ec3b170,validation,sports,simple_w_condition,fast-changing,top_k_low,top_k_low,/sports/nba/get_games_on_date,sports_nba,1,1,0.0,0,0.5,0.85,12.171286158263683,0.4914878287138417,True,True,20260809,418
crag_task_1_and_2_dev_v5_q_6b200cf87ec3b170,crag_task_1_and_2_dev_v5_q_6b200cf87ec3b170,validation,sports,simple_w_condition,fast-changing,greedy_regression_aware_search,greedy_regression_aware_search,/sports/nba/get_games_on_date,sports_nba,1,1,0.0,0,0.5,0.95,12.173689901828766,0.4904878263100982,True,True,20260809,418
crag_task_1_and_2_dev_v5_q_6d99bee01a580818,crag_task_1_and_2_dev_v5_q_6d99bee01a580818,validation,sports,simple_w_condition,fast-changing,top_k_low,top_k_low,/sports/nba/get_games_on_date,sports_nba,1,1,0.0,0,0.5,0.85,12.062990106642246,0.4914879370098933,True,True,20260809,419
crag_task_1_and_2_dev_v5_q_6d99bee01a580818,crag_task_1_and_2_dev_v5_q_6d99bee01a580818,validation,sports,simple_w_condition,fast-changing,greedy_regression_aware_search,greedy_regression_aware_search,/sports/nba/get_games_on_date,sports_nba,1,1,0.0,0,0.5,0.95,12.090151198208332,0.4904879098488018,True,True,20260809,419
crag_task_1_and_2_dev_v5_q_7f8c9315b5864d2d,crag_task_1_and_2_dev_v5_q_7f8c9315b5864d2d,validation,sports,simple_w_condition,fast-changing,top_k_low,top_k_low,/sports/nba/get_games_on_date,sports_nba,1,1,0.0,0,0.5,0.85,12.05615047365427,0.4914879438495263,True,True,20260809,420
crag_task_1_and_2_dev_v5_q_7f8c9315b5864d2d,crag_task_1_and_2_dev_v5_q_7f8c9315b5864d2d,validation,sports,simple_w_condition,fast-changing,greedy_regression_aware_search,greedy_regression_aware_search,/sports/nba/get_games_on_date,sports_nba,1,1,0.0,0,0.5,0.95,12.052023783326147,0.4904879479762166,True,True,20260809,420
crag_task_1_and_2_dev_v5_q_8412b45ee02e6148,crag_task_1_and_2_dev_v5_q_8412b45ee02e6148,validation,sports,simple_w_condition,slow-changing,top_k_low,top_k_low,/sports/nba/get_games_on_date,sports_nba,1,1,0.0,0,0.5,0.85,11.902065016329288,0.4914880979349836,True,True,20260809,421
crag_task_1_and_2_dev_v5_q_8412b45ee02e6148,crag_task_1_and_2_dev_v5_q_8412b45ee02e6148,validation,sports,simple_w_condition,slow-changing,greedy_regression_aware_search,greedy_regression_aware_search,/sports/nba/get_games_on_date,sports_nba,1,1,0.0,0,0.5,0.95,12.098025530576706,0.4904879019744694,True,True,20260809,421
crag_task_1_and_2_dev_v5_q_9f4615b451f501ff,crag_task_1_and_2_dev_v5_q_9f4615b451f501ff,validation,sports,simple_w_condition,slow-changing,top_k_low,top_k_low,/sports/nba/get_games_on_date,sports_nba,1,1,0.0,0,0.5,0.85,11.915343813598156,0.4914880846561864,True,True,20260809,422
crag_task_1_and_2_dev_v5_q_9f4615b451f501ff,crag_task_1_and_2_dev_v5_q_9f4615b451f501ff,validation,sports,simple_w_condition,slow-changing,greedy_regression_aware_search,greedy_regression_aware_search,/sports/nba/get_games_on_date,sports_nba,1,1,0.0,0,0.5,0.95,11.823443695902824,0.4904881765563041,True,True,20260809,422
crag_task_1_and_2_dev_v5_q_b792cc6b4f1e1daa,crag_task_1_and_2_dev_v5_q_b792cc6b4f1e1daa,validation,sports,simple_w_condition,fast-changing,top_k_low,top_k_low,/sports/nba/get_games_on_date,sports_nba,1,1,0.0,0,0.5,0.85,17.401641234755516,0.4914825983587652,True,True,20260809,423
crag_task_1_and_2_dev_v5_q_b792cc6b4f1e1daa,crag_task_1_and_2_dev_v5_q_b792cc6b4f1e1daa,validation,sports,simple_w_condition,fast-changing,greedy_regression_aware_search,greedy_regression_aware_search,/sports/nba/get_games_on_date,sports_nba,1,1,0.0,0,0.5,0.95,12.110723182559012,0.4904878892768174,True,True,20260809,423
crag_task_1_and_2_dev_v5_q_bab777fa13dad1a4,crag_task_1_and_2_dev_v5_q_bab777fa13dad1a4,validation,sports,simple_w_condition,fast-changing,top_k_low,top_k_low,/sports/nba/get_games_on_date,sports_nba,1,1,0.0,0,0.5,0.85,11.956256814301014,0.4914880437431856,True,True,20260809,424
crag_task_1_and_2_dev_v5_q_bab777fa13dad1a4,crag_task_1_and_2_dev_v5_q_bab777fa13dad1a4,validation,sports,simple_w_condition,fast-changing,greedy_regression_aware_search,greedy_regression_aware_search,/sports/nba/get_games_on_date,sports_nba,1,1,0.0,0,0.5,0.95,12.01266422867775,0.4904879873357713,True,True,20260809,424
crag_task_1_and_2_dev_v5_q_c1fd87918437d53a,crag_task_1_and_2_dev_v5_q_c1fd87918437d53a,validation,sports,simple_w_condition,slow-changing,top_k_low,top_k_low,/sports/nba/get_games_on_date,sports_nba,1,1,0.0,0,0.5,0.85,11.796263046562672,0.4914882037369534,True,True,20260809,425
crag_task_1_and_2_dev_v5_q_c1fd87918437d53a,crag_task_1_and_2_dev_v5_q_c1fd87918437d53a,validation,sports,simple_w_condition,slow-changing,greedy_regression_aware_search,greedy_regression_aware_search,/sports/nba/get_games_on_date,sports_nba,1,1,0.0,0,0.5,0.95,11.939682066440582,0.4904880603179335,True,True,20260809,425
crag_task_1_and_2_dev_v5_q_d26253b4b092f9af,crag_task_1_and_2_dev_v5_q_d26253b4b092f9af,validation,sports,simple_w_condition,slow-changing,top_k_low,top_k_low,/sports/nba/get_games_on_date,sports_nba,1,1,0.0,0,0.5,0.85,11.98863610625267,0.4914880113638937,True,True,20260809,426
crag_task_1_and_2_dev_v5_q_d26253b4b092f9af,crag_task_1_and_2_dev_v5_q_d26253b4b092f9af,validation,sports,simple_w_condition,slow-changing,greedy_regression_aware_search,greedy_regression_aware_search,/sports/nba/get_games_on_date,sports_nba,1,1,0.0,0,0.5,0.95,12.013215571641922,0.4904879867844283,True,True,20260809,426
crag_task_1_and_2_dev_v5_q_d2c2e06f4f13e34f,crag_task_1_and_2_dev_v5_q_d2c2e06f4f13e34f,validation,sports,simple_w_condition,static,top_k_low,top_k_low,/sports/nba/get_games_on_date,sports_nba,1,1,0.0,0,0.5,0.85,11.814280413091184,0.4914881857195869,True,True,20260809,427
crag_task_1_and_2_dev_v5_q_d2c2e06f4f13e34f,crag_task_1_and_2_dev_v5_q_d2c2e06f4f13e34f,validation,sports,simple_w_condition,static,greedy_regression_aware_search,greedy_regression_aware_search,/sports/nba/get_games_on_date,sports_nba,1,1,0.0,0,0.5,0.95,11.82691939175129,0.4904881730806082,True,True,20260809,427
crag_task_1_and_2_dev_v5_q_d6ddec5bae8db65d,crag_task_1_and_2_dev_v5_q_d6ddec5bae8db65d,validation,sports,simple_w_condition,fast-changing,top_k_low,top_k_low,/sports/nba/get_games_on_date,sports_nba,1,1,0.0,0,0.5,0.85,12.036999687552452,0.4914879630003124,True,True,20260809,428
crag_task_1_and_2_dev_v5_q_d6ddec5bae8db65d,crag_task_1_and_2_dev_v5_q_d6ddec5bae8db65d,validation,sports,simple_w_condition,fast-changing,greedy_regression_aware_search,greedy_regression_aware_search,/sports/nba/get_games_on_date,sports_nba,1,1,0.0,0,0.5,0.95,12.090904638171196,0.4904879090953618,True,True,20260809,428
crag_task_1_and_2_dev_v5_q_e88ce1d29e3aad95,crag_task_1_and_2_dev_v5_q_e88ce1d29e3aad95,validation,sports,simple_w_condition,static,top_k_low,top_k_low,/sports/nba/get_games_on_date,sports_nba,1,1,0.0,0,0.5,0.85,11.8515370413661,0.4914881484629586,True,True,20260809,429
crag_task_1_and_2_dev_v5_q_e88ce1d29e3aad95,crag_task_1_and_2_dev_v5_q_e88ce1d29e3aad95,validation,sports,simple_w_condition,static,greedy_regression_aware_search,greedy_regression_aware_search,/sports/nba/get_games_on_date,sports_nba,1,1,0.0,0,0.5,0.95,11.823443695902824,0.4904881765563041,True,True,20260809,429
crag_task_1_and_2_dev_v5_q_fa7a3df01124ea9f,crag_task_1_and_2_dev_v5_q_fa7a3df01124ea9f,validation,sports,simple_w_condition,slow-changing,top_k_low,top_k_low,/sports/nba/get_games_on_date,sports_nba,1,1,0.0,0,0.5,0.85,12.111905962228777,0.4914878880940377,True,True,20260809,430
crag_task_1_and_2_dev_v5_q_fa7a3df01124ea9f,crag_task_1_and_2_dev_v5_q_fa7a3df01124ea9f,validation,sports,simple_w_condition,slow-changing,greedy_regression_aware_search,greedy_regression_aware_search,/sports/nba/get_games_on_date,sports_nba,1,1,0.0,0,0.5,0.95,11.988055892288685,0.4904880119441077,True,True,20260809,430
crag_task_1_and_2_dev_v5_q_1dbe2dc1840b319d,crag_task_1_and_2_dev_v5_q_1dbe2dc1840b319d,confirmatory_test,finance,aggregation,slow-changing,top_k_low,top_k_low,/finance/get_company_name,finance,1,1,0.0,10,0.8125,0.85,3.585916943848133,0.8039964140830562,True,True,20260809,431
crag_task_1_and_2_dev_v5_q_1dbe2dc1840b319d,crag_task_1_and_2_dev_v5_q_1dbe2dc1840b319d,confirmatory_test,finance,aggregation,slow-changing,greedy_regression_aware_search,greedy_regression_aware_search,/finance/get_company_name,finance,1,1,0.0,10,0.8125,0.95,3.5952823236584663,0.8029964047176764,True,True,20260809,431
crag_task_1_and_2_dev_v5_q_3019f23699daa841,crag_task_1_and_2_dev_v5_q_3019f23699daa841,confirmatory_test,finance,aggregation,fast-changing,top_k_low,top_k_low,/finance/get_company_name,finance,1,1,0.0,10,0.75,0.85,3.465362824499607,0.7414965346371756,True,True,20260809,432
crag_task_1_and_2_dev_v5_q_3019f23699daa841,crag_task_1_and_2_dev_v5_q_3019f23699daa841,confirmatory_test,finance,aggregation,fast-changing,greedy_regression_aware_search,greedy_regression_aware_search,/finance/get_company_name,finance,1,1,0.0,10,0.75,0.95,3.5561323165893555,0.7404964438676834,True,True,20260809,432
crag_task_1_and_2_dev_v5_q_5102eb04ff49bdeb,crag_task_1_and_2_dev_v5_q_5102eb04ff49bdeb,confirmatory_test,finance,aggregation,slow-changing,top_k_low,top_k_low,/finance/get_company_name,finance,1,1,0.0,10,0.875,0.85,3.635252825915813,0.8664963647471742,True,True,20260809,433
crag_task_1_and_2_dev_v5_q_5102eb04ff49bdeb,crag_task_1_and_2_dev_v5_q_5102eb04ff49bdeb,confirmatory_test,finance,aggregation,slow-changing,greedy_regression_aware_search,greedy_regression_aware_search,/finance/get_company_name,finance,1,1,0.0,10,0.875,0.95,3.5219406709074974,0.8654964780593292,True,True,20260809,433
crag_task_1_and_2_dev_v5_q_6344897e5f3941a8,crag_task_1_and_2_dev_v5_q_6344897e5f3941a8,confirmatory_test,finance,aggregation,static,top_k_low,top_k_low,/finance/get_company_name,finance,1,1,0.0,10,0.75,0.85,3.1117117032408714,0.7414968882882969,True,True,20260809,434
crag_task_1_and_2_dev_v5_q_6344897e5f3941a8,crag_task_1_and_2_dev_v5_q_6344897e5f3941a8,confirmatory_test,finance,aggregation,static,greedy_regression_aware_search,greedy_regression_aware_search,/finance/get_company_name,finance,1,1,0.0,10,0.75,0.95,3.225265070796013,0.7404967747349293,True,True,20260809,434
crag_task_1_and_2_dev_v5_q_7b67d08f6f77e6ee,crag_task_1_and_2_dev_v5_q_7b67d08f6f77e6ee,confirmatory_test,finance,aggregation,slow-changing,top_k_low,top_k_low,/finance/get_company_name,finance,1,1,0.0,10,0.8928571428571429,0.85,3.6202305927872658,0.8843535226265502,True,True,20260809,435
crag_task_1_and_2_dev_v5_q_7b67d08f6f77e6ee,crag_task_1_and_2_dev_v5_q_7b67d08f6f77e6ee,confirmatory_test,finance,aggregation,slow-changing,greedy_regression_aware_search,greedy_regression_aware_search,/finance/get_company_name,finance,1,1,0.0,10,0.8928571428571429,0.95,3.5557616502046585,0.8833535870954927,True,True,20260809,435
crag_task_1_and_2_dev_v5_q_80e18a807154c25e,crag_task_1_and_2_dev_v5_q_80e18a807154c25e,confirmatory_test,finance,aggregation,static,top_k_low,top_k_low,/finance/get_company_name,finance,1,1,0.0,10,0.75,0.85,2.141706645488739,0.7414978582933546,True,True,20260809,436
crag_task_1_and_2_dev_v5_q_80e18a807154c25e,crag_task_1_and_2_dev_v5_q_80e18a807154c25e,confirmatory_test,finance,aggregation,static,greedy_regression_aware_search,greedy_regression_aware_search,/finance/get_company_name,finance,1,1,0.0,10,0.75,0.95,2.1776631474494934,0.7404978223368526,True,True,20260809,436
crag_task_1_and_2_dev_v5_q_a252fae6a51fca29,crag_task_1_and_2_dev_v5_q_a252fae6a51fca29,confirmatory_test,finance,aggregation,fast-changing,top_k_low,top_k_low,/finance/get_company_name,finance,1,1,0.0,10,0.8125,0.85,3.2256869599223137,0.8039967743130402,True,True,20260809,437
crag_task_1_and_2_dev_v5_q_a252fae6a51fca29,crag_task_1_and_2_dev_v5_q_a252fae6a51fca29,confirmatory_test,finance,aggregation,fast-changing,greedy_regression_aware_search,greedy_regression_aware_search,/finance/get_company_name,finance,1,1,0.0,10,0.8125,0.95,3.178093582391739,0.8029968219064176,True,True,20260809,437
crag_task_1_and_2_dev_v5_q_c0f9a27706107c76,crag_task_1_and_2_dev_v5_q_c0f9a27706107c76,confirmatory_test,finance,aggregation,slow-changing,top_k_low,top_k_low,/finance/get_company_name,finance,1,1,0.0,10,0.8181818181818182,0.85,3.637326881289482,0.809678180854937,True,True,20260809,438
crag_task_1_and_2_dev_v5_q_c0f9a27706107c76,crag_task_1_and_2_dev_v5_q_c0f9a27706107c76,confirmatory_test,finance,aggregation,slow-changing,greedy_regression_aware_search,greedy_regression_aware_search,/finance/get_company_name,finance,1,1,0.0,10,0.8181818181818182,0.95,3.5594869405031204,0.8086782586948777,True,True,20260809,438
crag_task_1_and_2_dev_v5_q_e5f69432e1971595,crag_task_1_and_2_dev_v5_q_e5f69432e1971595,confirmatory_test,finance,aggregation,slow-changing,top_k_low,top_k_low,/finance/get_company_name,finance,1,1,0.0,10,0.75,0.85,3.6651790142059326,0.7414963348209859,True,True,20260809,439
crag_task_1_and_2_dev_v5_q_e5f69432e1971595,crag_task_1_and_2_dev_v5_q_e5f69432e1971595,confirmatory_test,finance,aggregation,slow-changing,greedy_regression_aware_search,greedy_regression_aware_search,/finance/get_company_name,finance,1,1,0.0,10,0.75,0.95,3.7401141598820686,0.7404962598858401,True,True,20260809,439
crag_task_1_and_2_dev_v5_q_eb829dac7b60d611,crag_task_1_and_2_dev_v5_q_eb829dac7b60d611,confirmatory_test,finance,aggregation,static,top_k_low,top_k_low,/finance/get_company_name,finance,1,1,0.0,10,0.8125,0.85,3.210333175957203,0.8039967896668241,True,True,20260809,440
crag_task_1_and_2_dev_v5_q_eb829dac7b60d611,crag_task_1_and_2_dev_v5_q_eb829dac7b60d611,confirmatory_test,finance,aggregation,static,greedy_regression_aware_search,greedy_regression_aware_search,/finance/get_company_name,finance,1,1,0.0,10,0.8125,0.95,3.173235803842545,0.8029968267641963,True,True,20260809,440
crag_task_1_and_2_dev_v5_q_137143ac65556b68,crag_task_1_and_2_dev_v5_q_137143ac65556b68,confirmatory_test,finance,comparison,fast-changing,top_k_low,top_k_low,/finance/get_company_name,finance,1,1,0.0,10,0.8076923076923077,0.85,3.648652695119381,0.7991886590396127,True,True,20260809,441
crag_task_1_and_2_dev_v5_q_137143ac65556b68,crag_task_1_and_2_dev_v5_q_137143ac65556b68,confirmatory_test,finance,comparison,fast-changing,greedy_regression_aware_search,greedy_regression_aware_search,/finance/get_company_name,finance,1,1,0.0,10,0.8076923076923077,0.95,3.472614102065563,0.7981888350782057,True,True,20260809,441
crag_task_1_and_2_dev_v5_q_1dffb570bc1b2e83,crag_task_1_and_2_dev_v5_q_1dffb570bc1b2e83,confirmatory_test,finance,comparison,fast-changing,top_k_low,top_k_low,/finance/get_company_name,finance,1,1,0.0,10,0.826923076923077,0.85,3.639369271695614,0.8184194375538053,True,True,20260809,442
crag_task_1_and_2_dev_v5_q_1dffb570bc1b2e83,crag_task_1_and_2_dev_v5_q_1dffb570bc1b2e83,confirmatory_test,finance,comparison,fast-changing,greedy_regression_aware_search,greedy_regression_aware_search,/finance/get_company_name,finance,1,1,0.0,10,0.826923076923077,0.95,3.529501147568226,0.8174195474219295,True,True,20260809,442
crag_task_1_and_2_dev_v5_q_3e234926fc7783ce,crag_task_1_and_2_dev_v5_q_3e234926fc7783ce,confirmatory_test,finance,comparison,fast-changing,top_k_low,top_k_low,/finance/get_company_name,finance,1,1,0.0,10,0.75,0.85,3.4803859889507294,0.7414965196140111,True,True,20260809,443
crag_task_1_and_2_dev_v5_q_3e234926fc7783ce,crag_task_1_and_2_dev_v5_q_3e234926fc7783ce,confirmatory_test,finance,comparison,fast-changing,greedy_regression_aware_search,greedy_regression_aware_search,/finance/get_company_name,finance,1,1,0.0,10,0.75,0.95,3.549532033503056,0.7404964504679665,True,True,20260809,443
crag_task_1_and_2_dev_v5_q_4c1340917b81222b,crag_task_1_and_2_dev_v5_q_4c1340917b81222b,confirmatory_test,finance,comparison,slow-changing,top_k_low,top_k_low,/finance/get_company_name,finance,1,1,0.0,10,0.8333333333333334,0.85,3.4837517887353897,0.8248298495815447,True,True,20260809,444
crag_task_1_and_2_dev_v5_q_4c1340917b81222b,crag_task_1_and_2_dev_v5_q_4c1340917b81222b,confirmatory_test,finance,comparison,slow-changing,greedy_regression_aware_search,greedy_regression_aware_search,/finance/get_company_name,finance,1,1,0.0,10,0.8333333333333334,0.95,3.467385657131672,0.8238298659476763,True,True,20260809,444
crag_task_1_and_2_dev_v5_q_655212e53a3ecc8e,crag_task_1_and_2_dev_v5_q_655212e53a3ecc8e,confirmatory_test,finance,comparison,slow-changing,top_k_low,top_k_low,/finance/get_company_name,finance,1,1,0.0,10,0.75,0.85,3.2142186537384987,0.7414967857813463,True,True,20260809,445
crag_task_1_and_2_dev_v5_q_655212e53a3ecc8e,crag_task_1_and_2_dev_v5_q_655212e53a3ecc8e,confirmatory_test,finance,comparison,slow-changing,greedy_regression_aware_search,greedy_regression_aware_search,/finance/get_company_name,finance,1,1,0.0,10,0.75,0.95,3.2431529834866524,0.7404967568470165,True,True,20260809,445
crag_task_1_and_2_dev_v5_q_6a04d7980c05f401,crag_task_1_and_2_dev_v5_q_6a04d7980c05f401,confirmatory_test,finance,comparison,fast-changing,top_k_low,top_k_low,/finance/get_company_name,finance,1,1,0.0,10,0.8125,0.85,3.523312509059906,0.803996476687491,True,True,20260809,446
crag_task_1_and_2_dev_v5_q_6a04d7980c05f401,crag_task_1_and_2_dev_v5_q_6a04d7980c05f401,confirmatory_test,finance,comparison,fast-changing,greedy_regression_aware_search,greedy_regression_aware_search,/finance/get_company_name,finance,1,1,0.0,10,0.8125,0.95,3.3737728372216225,0.8029966262271628,True,True,20260809,446
crag_task_1_and_2_dev_v5_q_88f32f8fe6d9e377,crag_task_1_and_2_dev_v5_q_88f32f8fe6d9e377,confirmatory_test,finance,comparison,fast-changing,top_k_low,top_k_low,/finance/get_company_name,finance,1,1,0.0,10,0.7833333333333333,0.85,3.491263836622238,0.7748298420694968,True,True,20260809,447
crag_task_1_and_2_dev_v5_q_88f32f8fe6d9e377,crag_task_1_and_2_dev_v5_q_88f32f8fe6d9e377,confirmatory_test,finance,comparison,fast-changing,greedy_regression_aware_search,greedy_regression_aware_search,/finance/get_company_name,finance,1,1,0.0,10,0.7833333333333333,0.95,3.6085424944758415,0.7738297247908389,True,True,20260809,447
crag_task_1_and_2_dev_v5_q_90cd70246d5a4d94,crag_task_1_and_2_dev_v5_q_90cd70246d5a4d94,confirmatory_test,finance,comparison,slow-changing,top_k_low,top_k_low,/finance/get_company_name,finance,1,1,0.0,10,0.8666666666666667,0.85,3.59074492007494,0.8581630759217467,True,True,20260809,448
crag_task_1_and_2_dev_v5_q_90cd70246d5a4d94,crag_task_1_and_2_dev_v5_q_90cd70246d5a4d94,confirmatory_test,finance,comparison,slow-changing,greedy_regression_aware_search,greedy_regression_aware_search,/finance/get_company_name,finance,1,1,0.0,10,0.8666666666666667,0.95,3.527669236063957,0.8571631389974307,True,True,20260809,448
crag_task_1_and_2_dev_v5_q_9c62984261c9e769,crag_task_1_and_2_dev_v5_q_9c62984261c9e769,confirmatory_test,finance,comparison,fast-changing,top_k_low,top_k_low,/finance/get_company_name,finance,1,1,0.0,10,0.7916666666666666,0.85,3.4025171771645546,0.7831632641494896,True,True,20260809,449
crag_task_1_and_2_dev_v5_q_9c62984261c9e769,crag_task_1_and_2_dev_v5_q_9c62984261c9e769,confirmatory_test,finance,comparison,fast-changing,greedy_regression_aware_search,greedy_regression_aware_search,/finance/get_company_name,finance,1,1,0.0,10,0.7916666666666666,0.95,3.368956036865711,0.7821632977106298,True,True,20260809,449
crag_task_1_and_2_dev_v5_q_ce1c139ebca839b8,crag_task_1_and_2_dev_v5_q_ce1c139ebca839b8,confirmatory_test,finance,comparison,static,top_k_low,top_k_low,/finance/get_company_name,finance,1,1,0.0,10,0.7833333333333333,0.85,3.75460647046566,0.7748295787268629,True,True,20260809,450
crag_task_1_and_2_dev_v5_q_ce1c139ebca839b8,crag_task_1_and_2_dev_v5_q_ce1c139ebca839b8,confirmatory_test,finance,comparison,static,greedy_regression_aware_search,greedy_regression_aware_search,/finance/get_company_name,finance,1,1,0.0,10,0.7833333333333333,0.95,3.641883842647076,0.7738296914494908,True,True,20260809,450
crag_task_1_and_2_dev_v5_q_d2c592ebc9bebdd6,crag_task_1_and_2_dev_v5_q_d2c592ebc9bebdd6,confirmatory_test,finance,comparison,fast-changing,top_k_low,top_k_low,/finance/get_company_name,finance,1,1,0.0,10,0.8076923076923077,0.85,3.703608177602291,0.7991886040841302,True,True,20260809,451
crag_task_1_and_2_dev_v5_q_d2c592ebc9bebdd6,crag_task_1_and_2_dev_v5_q_d2c592ebc9bebdd6,confirmatory_test,finance,comparison,fast-changing,greedy_regression_aware_search,greedy_regression_aware_search,/finance/get_company_name,finance,1,1,0.0,10,0.8076923076923077,0.95,3.7283962592482567,0.7981885792960485,True,True,20260809,451
crag_task_1_and_2_dev_v5_q_d2d84b137ef4b355,crag_task_1_and_2_dev_v5_q_d2d84b137ef4b355,confirmatory_test,finance,comparison,fast-changing,top_k_low,top_k_low,/finance/get_company_name,finance,1,1,0.0,10,0.7857142857142857,0.85,3.6172540858387943,0.7772106684601999,True,True,20260809,452
crag_task_1_and_2_dev_v5_q_d2d84b137ef4b355,crag_task_1_and_2_dev_v5_q_d2d84b137ef4b355,confirmatory_test,finance,comparison,fast-changing,greedy_regression_aware_search,greedy_regression_aware_search,/finance/get_company_name,finance,1,1,0.0,10,0.7857142857142857,0.95,3.5119839012622838,0.7762107737303845,True,True,20260809,452
crag_task_1_and_2_dev_v5_q_e45d8657624d7fa3,crag_task_1_and_2_dev_v5_q_e45d8657624d7fa3,confirmatory_test,finance,comparison,fast-changing,top_k_low,top_k_low,/finance/get_company_name,finance,1,1,0.0,10,0.8,0.85,3.5919370129704475,0.7914964080629872,True,True,20260809,453
crag_task_1_and_2_dev_v5_q_e45d8657624d7fa3,crag_task_1_and_2_dev_v5_q_e45d8657624d7fa3,confirmatory_test,finance,comparison,fast-changing,greedy_regression_aware_search,greedy_regression_aware_search,/finance/get_company_name,finance,1,1,0.0,10,0.8,0.95,3.53347696363926,0.7904964665230364,True,True,20260809,453
crag_task_1_and_2_dev_v5_q_f51244493959df96,crag_task_1_and_2_dev_v5_q_f51244493959df96,confirmatory_test,finance,comparison,slow-changing,top_k_low,top_k_low,/finance/get_company_name,finance,1,1,0.0,10,0.85,0.85,3.661834634840488,0.8414963381653652,True,True,20260809,454
crag_task_1_and_2_dev_v5_q_f51244493959df96,crag_task_1_and_2_dev_v5_q_f51244493959df96,confirmatory_test,finance,comparison,slow-changing,greedy_regression_aware_search,greedy_regression_aware_search,/finance/get_company_name,finance,1,1,0.0,10,0.85,0.95,3.635493107140064,0.8404963645068929,True,True,20260809,454
crag_task_1_and_2_dev_v5_q_fe3fc1f03d40aea0,crag_task_1_and_2_dev_v5_q_fe3fc1f03d40aea0,confirmatory_test,finance,comparison,static,top_k_low,top_k_low,/finance/get_company_name,finance,1,1,0.0,10,0.7916666666666666,0.85,3.5034222528338432,0.7831631632444138,True,True,20260809,455
crag_task_1_and_2_dev_v5_q_fe3fc1f03d40aea0,crag_task_1_and_2_dev_v5_q_fe3fc1f03d40aea0,confirmatory_test,finance,comparison,static,greedy_regression_aware_search,greedy_regression_aware_search,/finance/get_company_name,finance,1,1,0.0,10,0.7916666666666666,0.95,3.478383645415306,0.7821631882830212,True,True,20260809,455
crag_task_1_and_2_dev_v5_q_ff37cac46c5e872b,crag_task_1_and_2_dev_v5_q_ff37cac46c5e872b,confirmatory_test,finance,comparison,fast-changing,top_k_low,top_k_low,/finance/get_company_name,finance,1,1,0.0,10,0.8166666666666667,0.85,3.597736358642578,0.8081630689303081,True,True,20260809,456
crag_task_1_and_2_dev_v5_q_ff37cac46c5e872b,crag_task_1_and_2_dev_v5_q_ff37cac46c5e872b,confirmatory_test,finance,comparison,fast-changing,greedy_regression_aware_search,greedy_regression_aware_search,/finance/get_company_name,finance,1,1,0.0,10,0.8166666666666667,0.95,3.592687658965588,0.8071630739790078,True,True,20260809,456
crag_task_1_and_2_dev_v5_q_18fe01f36336fd57,crag_task_1_and_2_dev_v5_q_18fe01f36336fd57,confirmatory_test,finance,false_premise,fast-changing,top_k_low,top_k_low,/finance/get_company_name,finance,1,1,0.0,10,0.75,0.85,3.4432895481586456,0.7414965567104519,True,True,20260809,457
crag_task_1_and_2_dev_v5_q_18fe01f36336fd57,crag_task_1_and_2_dev_v5_q_18fe01f36336fd57,confirmatory_test,finance,false_premise,fast-changing,greedy_regression_aware_search,greedy_regression_aware_search,/finance/get_company_name,finance,1,1,0.0,10,0.75,0.95,3.5006077960133557,0.7404964993922041,True,True,20260809,457
crag_task_1_and_2_dev_v5_q_4d2eaebc429947f7,crag_task_1_and_2_dev_v5_q_4d2eaebc429947f7,confirmatory_test,finance,false_premise,static,top_k_low,top_k_low,/finance/get_company_name,finance,1,1,0.0,10,0.75,0.85,3.6372561007738113,0.7414963627438993,True,True,20260809,458
crag_task_1_and_2_dev_v5_q_4d2eaebc429947f7,crag_task_1_and_2_dev_v5_q_4d2eaebc429947f7,confirmatory_test,finance,false_premise,static,greedy_regression_aware_search,greedy_regression_aware_search,/finance/get_company_name,finance,1,1,0.0,10,0.75,0.95,3.592768684029579,0.740496407231316,True,True,20260809,458
crag_task_1_and_2_dev_v5_q_4f14675a77974c86,crag_task_1_and_2_dev_v5_q_4f14675a77974c86,confirmatory_test,finance,false_premise,static,top_k_low,top_k_low,/finance/get_company_name,finance,1,1,0.0,10,0.75,0.85,2.933088690042496,0.74149706691131,True,True,20260809,459
crag_task_1_and_2_dev_v5_q_4f14675a77974c86,crag_task_1_and_2_dev_v5_q_4f14675a77974c86,confirmatory_test,finance,false_premise,static,greedy_regression_aware_search,greedy_regression_aware_search,/finance/get_company_name,finance,1,1,0.0,10,0.75,0.95,2.923695370554924,0.7404970763046295,True,True,20260809,459
crag_task_1_and_2_dev_v5_q_bc772b4e9576c09e,crag_task_1_and_2_dev_v5_q_bc772b4e9576c09e,confirmatory_test,finance,false_premise,fast-changing,top_k_low,top_k_low,/finance/get_company_name,finance,1,1,0.0,10,0.75,0.85,3.533177077770233,0.7414964668229223,True,True,20260809,460
crag_task_1_and_2_dev_v5_q_bc772b4e9576c09e,crag_task_1_and_2_dev_v5_q_bc772b4e9576c09e,confirmatory_test,finance,false_premise,fast-changing,greedy_regression_aware_search,greedy_regression_aware_search,/finance/get_company_name,finance,1,1,0.0,10,0.75,0.95,3.450480289757252,0.7404965495197103,True,True,20260809,460
crag_task_1_and_2_dev_v5_q_d92be6075585e2cb,crag_task_1_and_2_dev_v5_q_d92be6075585e2cb,confirmatory_test,finance,false_premise,slow-changing,top_k_low,top_k_low,/finance/get_company_name,finance,1,1,0.0,10,0.75,0.85,3.47026064991951,0.7414965297393501,True,True,20260809,461
crag_task_1_and_2_dev_v5_q_d92be6075585e2cb,crag_task_1_and_2_dev_v5_q_d92be6075585e2cb,confirmatory_test,finance,false_premise,slow-changing,greedy_regression_aware_search,greedy_regression_aware_search,/finance/get_company_name,finance,1,1,0.0,10,0.75,0.95,3.364228643476963,0.7404966357713566,True,True,20260809,461
crag_task_1_and_2_dev_v5_q_f08b2c2fbe8aebf7,crag_task_1_and_2_dev_v5_q_f08b2c2fbe8aebf7,confirmatory_test,finance,false_premise,static,top_k_low,top_k_low,/finance/get_company_name,finance,1,1,0.0,10,0.75,0.85,3.5869497805833817,0.7414964130502195,True,True,20260809,462
crag_task_1_and_2_dev_v5_q_f08b2c2fbe8aebf7,crag_task_1_and_2_dev_v5_q_f08b2c2fbe8aebf7,confirmatory_test,finance,false_premise,static,greedy_regression_aware_search,greedy_regression_aware_search,/finance/get_company_name,finance,1,1,0.0,10,0.75,0.95,3.546738065779209,0.7404964532619343,True,True,20260809,462
crag_task_1_and_2_dev_v5_q_03a74011f4e84559,crag_task_1_and_2_dev_v5_q_03a74011f4e84559,confirmatory_test,finance,multi-hop,slow-changing,top_k_low,top_k_low,/finance/get_company_name,finance,1,1,0.0,10,0.75,0.85,2.598467282950878,0.7414974015327171,True,True,20260809,463
crag_task_1_and_2_dev_v5_q_03a74011f4e84559,crag_task_1_and_2_dev_v5_q_03a74011f4e84559,confirmatory_test,finance,multi-hop,slow-changing,greedy_regression_aware_search,greedy_regression_aware_search,/finance/get_company_name,finance,1,1,0.0,10,0.75,0.95,2.5733280926942825,0.7404974266719073,True,True,20260809,463
crag_task_1_and_2_dev_v5_q_4b7485b69a2b828a,crag_task_1_and_2_dev_v5_q_4b7485b69a2b828a,confirmatory_test,finance,multi-hop,slow-changing,top_k_low,top_k_low,/finance/get_company_name,finance,1,1,0.0,0,0.5,0.85,1.971977762877941,0.4914980280222371,True,True,20260809,464
crag_task_1_and_2_dev_v5_q_4b7485b69a2b828a,crag_task_1_and_2_dev_v5_q_4b7485b69a2b828a,confirmatory_test,finance,multi-hop,slow-changing,greedy_regression_aware_search,greedy_regression_aware_search,/finance/get_company_name,finance,1,1,0.0,0,0.5,0.95,2.107445150613785,0.4904978925548494,True,True,20260809,464
crag_task_1_and_2_dev_v5_q_897b644543c72780,crag_task_1_and_2_dev_v5_q_897b644543c72780,confirmatory_test,finance,multi-hop,slow-changing,top_k_low,top_k_low,/finance/get_company_name,finance,1,1,0.0,10,0.78125,0.85,2.5848858058452606,0.7727474151141942,True,True,20260809,465
crag_task_1_and_2_dev_v5_q_897b644543c72780,crag_task_1_and_2_dev_v5_q_897b644543c72780,confirmatory_test,finance,multi-hop,slow-changing,greedy_regression_aware_search,greedy_regression_aware_search,/finance/get_company_name,finance,1,1,0.0,10,0.78125,0.95,2.489679493010044,0.771747510320507,True,True,20260809,465
crag_task_1_and_2_dev_v5_q_39f7ea48a6136b8c,crag_task_1_and_2_dev_v5_q_39f7ea48a6136b8c,confirmatory_test,finance,post-processing,slow-changing,top_k_low,top_k_low,/finance/get_company_name,finance,1,1,0.0,10,0.75,0.85,3.5491008311510086,0.7414964508991689,True,True,20260809,466
crag_task_1_and_2_dev_v5_q_39f7ea48a6136b8c,crag_task_1_and_2_dev_v5_q_39f7ea48a6136b8c,confirmatory_test,finance,post-processing,slow-changing,greedy_regression_aware_search,greedy_regression_aware_search,/finance/get_company_name,finance,1,1,0.0,10,0.75,0.95,3.5080276429653168,0.7404964919723571,True,True,20260809,466
crag_task_1_and_2_dev_v5_q_3bd5d766e9730657,crag_task_1_and_2_dev_v5_q_3bd5d766e9730657,confirmatory_test,finance,post-processing,static,top_k_low,top_k_low,/finance/get_company_name,finance,1,1,0.0,10,0.7794117647058824,0.85,3.6450382322072974,0.7709081196676502,True,True,20260809,467
crag_task_1_and_2_dev_v5_q_3bd5d766e9730657,crag_task_1_and_2_dev_v5_q_3bd5d766e9730657,confirmatory_test,finance,post-processing,static,greedy_regression_aware_search,greedy_regression_aware_search,/finance/get_company_name,finance,1,1,0.0,10,0.7794117647058824,0.95,3.5650162026286125,0.7699081996896798,True,True,20260809,467
crag_task_1_and_2_dev_v5_q_6b37d7001c48df39,crag_task_1_and_2_dev_v5_q_6b37d7001c48df39,confirmatory_test,finance,post-processing,fast-changing,top_k_low,top_k_low,/finance/get_company_name,finance,1,1,0.0,10,0.75,0.85,3.6166850477457047,0.7414963833149523,True,True,20260809,468
crag_task_1_and_2_dev_v5_q_6b37d7001c48df39,crag_task_1_and_2_dev_v5_q_6b37d7001c48df39,confirmatory_test,finance,post-processing,fast-changing,greedy_regression_aware_search,greedy_regression_aware_search,/finance/get_company_name,finance,1,1,0.0,10,0.75,0.95,3.550504334270954,0.7404964494956657,True,True,20260809,468
crag_task_1_and_2_dev_v5_q_7e5265465b232fcc,crag_task_1_and_2_dev_v5_q_7e5265465b232fcc,confirmatory_test,finance,post-processing,real-time,top_k_low,top_k_low,/finance/get_company_name,finance,1,1,0.0,10,0.7647058823529411,0.85,3.561540506780148,0.7562023208124344,True,True,20260809,469
crag_task_1_and_2_dev_v5_q_7e5265465b232fcc,crag_task_1_and_2_dev_v5_q_7e5265465b232fcc,confirmatory_test,finance,post-processing,real-time,greedy_regression_aware_search,greedy_regression_aware_search,/finance/get_company_name,finance,1,1,0.0,10,0.7647058823529411,0.95,3.4651225432753563,0.7552024172303979,True,True,20260809,469
crag_task_1_and_2_dev_v5_q_956f7c0e1a8e6ec7,crag_task_1_and_2_dev_v5_q_956f7c0e1a8e6ec7,confirmatory_test,finance,post-processing,static,top_k_low,top_k_low,/finance/get_company_name,finance,1,1,0.0,10,0.75,0.85,3.6172056570649143,0.7414963827943429,True,True,20260809,470
crag_task_1_and_2_dev_v5_q_956f7c0e1a8e6ec7,crag_task_1_and_2_dev_v5_q_956f7c0e1a8e6ec7,confirmatory_test,finance,post-processing,static,greedy_regression_aware_search,greedy_regression_aware_search,/finance/get_company_name,finance,1,1,0.0,10,0.75,0.95,3.4317318350076675,0.740496568268165,True,True,20260809,470
crag_task_1_and_2_dev_v5_q_bb4a5517b595eb95,crag_task_1_and_2_dev_v5_q_bb4a5517b595eb95,confirmatory_test,finance,post-processing,static,top_k_low,top_k_low,/finance/get_company_name,finance,1,1,0.0,5,0.75,0.85,3.259207122027874,0.741496740792878,True,True,20260809,471
crag_task_1_and_2_dev_v5_q_bb4a5517b595eb95,crag_task_1_and_2_dev_v5_q_bb4a5517b595eb95,confirmatory_test,finance,post-processing,static,greedy_regression_aware_search,greedy_regression_aware_search,/finance/get_company_name,finance,1,1,0.0,5,0.75,0.95,3.140585497021675,0.740496859414503,True,True,20260809,471
crag_task_1_and_2_dev_v5_q_fd6d3e0c872d0a2c,crag_task_1_and_2_dev_v5_q_fd6d3e0c872d0a2c,confirmatory_test,finance,post-processing,static,top_k_low,top_k_low,/finance/get_company_name,finance,1,1,0.0,10,0.8571428571428571,0.85,3.4886691719293594,0.8486393684736853,True,True,20260809,472
crag_task_1_and_2_dev_v5_q_fd6d3e0c872d0a2c,crag_task_1_and_2_dev_v5_q_fd6d3e0c872d0a2c,confirmatory_test,finance,post-processing,static,greedy_regression_aware_search,greedy_regression_aware_search,/finance/get_company_name,finance,1,1,0.0,10,0.8571428571428571,0.95,3.5302219912409782,0.8476393269208659,True,True,20260809,472
crag_task_1_and_2_dev_v5_q_69d9cad58a4e34b5,crag_task_1_and_2_dev_v5_q_69d9cad58a4e34b5,confirmatory_test,finance,set,static,top_k_low,top_k_low,/finance/get_company_name,finance,1,1,0.0,10,0.75,0.85,3.6529600620269775,0.741496347039938,True,True,20260809,473
crag_task_1_and_2_dev_v5_q_69d9cad58a4e34b5,crag_task_1_and_2_dev_v5_q_69d9cad58a4e34b5,confirmatory_test,finance,set,static,greedy_regression_aware_search,greedy_regression_aware_search,/finance/get_company_name,finance,1,1,0.0,10,0.75,0.95,3.4672757610678677,0.740496532724239,True,True,20260809,473
crag_task_1_and_2_dev_v5_q_d2645f2dafcaa102,crag_task_1_and_2_dev_v5_q_d2645f2dafcaa102,confirmatory_test,finance,set,slow-changing,top_k_low,top_k_low,/finance/get_company_name,finance,1,1,0.0,2,0.7916666666666666,0.85,2.253608778119087,0.7831644130578885,True,True,20260809,474
crag_task_1_and_2_dev_v5_q_d2645f2dafcaa102,crag_task_1_and_2_dev_v5_q_d2645f2dafcaa102,confirmatory_test,finance,set,slow-changing,greedy_regression_aware_search,greedy_regression_aware_search,/finance/get_company_name,finance,1,1,0.0,2,0.7916666666666666,0.95,2.1419180557131767,0.782164524748611,True,True,20260809,474
crag_task_1_and_2_dev_v5_q_f1ca2122645ac9b4,crag_task_1_and_2_dev_v5_q_f1ca2122645ac9b4,confirmatory_test,finance,set,static,top_k_low,top_k_low,/finance/get_company_name,finance,1,1,0.0,10,0.75,0.85,2.632669173181057,0.7414973673308268,True,True,20260809,475
crag_task_1_and_2_dev_v5_q_f1ca2122645ac9b4,crag_task_1_and_2_dev_v5_q_f1ca2122645ac9b4,confirmatory_test,finance,set,static,greedy_regression_aware_search,greedy_regression_aware_search,/finance/get_company_name,finance,1,1,0.0,10,0.75,0.95,2.554388716816902,0.7404974456112833,True,True,20260809,475
crag_task_1_and_2_dev_v5_q_0be2f5fc9f4a4104,crag_task_1_and_2_dev_v5_q_0be2f5fc9f4a4104,confirmatory_test,finance,simple,real-time,top_k_low,top_k_low,/finance/get_company_name,finance,1,1,0.0,10,0.861111111111111,0.85,3.652129322290421,0.8526074589817888,True,True,20260809,476
crag_task_1_and_2_dev_v5_q_0be2f5fc9f4a4104,crag_task_1_and_2_dev_v5_q_0be2f5fc9f4a4104,confirmatory_test,finance,simple,real-time,greedy_regression_aware_search,greedy_regression_aware_search,/finance/get_company_name,finance,1,1,0.0,10,0.861111111111111,0.95,3.5827327519655228,0.8516075283783592,True,True,20260809,476
crag_task_1_and_2_dev_v5_q_1310baee154f4900,crag_task_1_and_2_dev_v5_q_1310baee154f4900,confirmatory_test,finance,simple,real-time,top_k_low,top_k_low,/finance/get_company_name,finance,1,1,0.0,10,0.8,0.85,3.5579949617385864,0.7914964420050383,True,True,20260809,477
crag_task_1_and_2_dev_v5_q_1310baee154f4900,crag_task_1_and_2_dev_v5_q_1310baee154f4900,confirmatory_test,finance,simple,real-time,greedy_regression_aware_search,greedy_regression_aware_search,/finance/get_company_name,finance,1,1,0.0,10,0.8,0.95,3.61622404307127,0.790496383775957,True,True,20260809,477
crag_task_1_and_2_dev_v5_q_1b7ade143d6352a7,crag_task_1_and_2_dev_v5_q_1b7ade143d6352a7,confirmatory_test,finance,simple,fast-changing,top_k_low,top_k_low,/finance/get_company_name,finance,1,1,0.0,10,0.75,0.85,2.518794499337673,0.7414974812055007,True,True,20260809,478
crag_task_1_and_2_dev_v5_q_1b7ade143d6352a7,crag_task_1_and_2_dev_v5_q_1b7ade143d6352a7,confirmatory_test,finance,simple,fast-changing,greedy_regression_aware_search,greedy_regression_aware_search,/finance/get_company_name,finance,1,1,0.0,10,0.75,0.95,2.4862950667738914,0.7404975137049332,True,True,20260809,478
crag_task_1_and_2_dev_v5_q_31f63dd83f42762e,crag_task_1_and_2_dev_v5_q_31f63dd83f42762e,confirmatory_test,finance,simple,real-time,top_k_low,top_k_low,/finance/get_company_name,finance,1,1,0.0,10,0.8055555555555556,0.85,3.449038602411747,0.7970521065169532,True,True,20260809,479
crag_task_1_and_2_dev_v5_q_31f63dd83f42762e,crag_task_1_and_2_dev_v5_q_31f63dd83f42762e,confirmatory_test,finance,simple,real-time,greedy_regression_aware_search,greedy_regression_aware_search,/finance/get_company_name,finance,1,1,0.0,10,0.8055555555555556,0.95,3.405672498047352,0.7960521498830576,True,True,20260809,479
crag_task_1_and_2_dev_v5_q_4611bfa5764f0ccd,crag_task_1_and_2_dev_v5_q_4611bfa5764f0ccd,confirmatory_test,finance,simple,slow-changing,top_k_low,top_k_low,/finance/get_company_name,finance,1,1,0.0,10,0.875,0.85,3.4650731831789017,0.8664965349268169,True,True,20260809,480
crag_task_1_and_2_dev_v5_q_4611bfa5764f0ccd,crag_task_1_and_2_dev_v5_q_4611bfa5764f0ccd,confirmatory_test,finance,simple,slow-changing,greedy_regression_aware_search,greedy_regression_aware_search,/finance/get_company_name,finance,1,1,0.0,10,0.875,0.95,3.55636328458786,0.8654964436367154,True,True,20260809,480
crag_task_1_and_2_dev_v5_q_557040652416f771,crag_task_1_and_2_dev_v5_q_557040652416f771,confirmatory_test,finance,simple,real-time,top_k_low,top_k_low,/finance/get_company_name,finance,1,1,0.0,10,0.8055555555555556,0.85,3.1533464789390564,0.7970524022090767,True,True,20260809,481
crag_task_1_and_2_dev_v5_q_557040652416f771,crag_task_1_and_2_dev_v5_q_557040652416f771,confirmatory_test,finance,simple,real-time,greedy_regression_aware_search,greedy_regression_aware_search,/finance/get_company_name,finance,1,1,0.0,10,0.8055555555555556,0.95,2.972768619656563,0.796052582786936,True,True,20260809,481
crag_task_1_and_2_dev_v5_q_5a853f722c203fe9,crag_task_1_and_2_dev_v5_q_5a853f722c203fe9,confirmatory_test,finance,simple,static,top_k_low,top_k_low,/finance/get_company_name,finance,1,1,0.0,0,0.5,0.85,1.3220123946666718,0.4914986779876053,True,True,20260809,482
crag_task_1_and_2_dev_v5_q_5a853f722c203fe9,crag_task_1_and_2_dev_v5_q_5a853f722c203fe9,confirmatory_test,finance,simple,static,greedy_regression_aware_search,greedy_regression_aware_search,/finance/get_company_name,finance,1,1,0.0,0,0.5,0.95,1.396416686475277,0.4904986035833135,True,True,20260809,482
crag_task_1_and_2_dev_v5_q_5e25f9a2f60c4882,crag_task_1_and_2_dev_v5_q_5e25f9a2f60c4882,confirmatory_test,finance,simple,fast-changing,top_k_low,top_k_low,/finance/get_company_name,finance,1,1,0.0,10,0.8333333333333334,0.85,3.514348529279232,0.8248298189848041,True,True,20260809,483
crag_task_1_and_2_dev_v5_q_5e25f9a2f60c4882,crag_task_1_and_2_dev_v5_q_5e25f9a2f60c4882,confirmatory_test,finance,simple,fast-changing,greedy_regression_aware_search,greedy_regression_aware_search,/finance/get_company_name,finance,1,1,0.0,10,0.8333333333333334,0.95,3.5438640043139458,0.823829789469329,True,True,20260809,483
crag_task_1_and_2_dev_v5_q_5e8d2eb04241fc6c,crag_task_1_and_2_dev_v5_q_5e8d2eb04241fc6c,confirmatory_test,finance,simple,real-time,top_k_low,top_k_low,/finance/get_company_name,finance,1,1,0.0,10,0.8333333333333334,0.85,3.0953269451856613,0.8248302380063882,True,True,20260809,484
crag_task_1_and_2_dev_v5_q_5e8d2eb04241fc6c,crag_task_1_and_2_dev_v5_q_5e8d2eb04241fc6c,confirmatory_test,finance,simple,real-time,greedy_regression_aware_search,greedy_regression_aware_search,/finance/get_company_name,finance,1,1,0.0,10,0.8333333333333334,0.95,2.963094040751457,0.8238303702392926,True,True,20260809,484
crag_task_1_and_2_dev_v5_q_61fa44dfce673bc5,crag_task_1_and_2_dev_v5_q_61fa44dfce673bc5,confirmatory_test,finance,simple,real-time,top_k_low,top_k_low,/finance/get_company_name,finance,1,1,0.0,10,0.8958333333333334,0.85,3.685951232910156,0.8873296473821005,True,True,20260809,485
crag_task_1_and_2_dev_v5_q_61fa44dfce673bc5,crag_task_1_and_2_dev_v5_q_61fa44dfce673bc5,confirmatory_test,finance,simple,real-time,greedy_regression_aware_search,greedy_regression_aware_search,/finance/get_company_name,finance,1,1,0.0,10,0.8958333333333334,0.95,3.571735695004463,0.8863297615976384,True,True,20260809,485
crag_task_1_and_2_dev_v5_q_64485bc50d2991a7,crag_task_1_and_2_dev_v5_q_64485bc50d2991a7,confirmatory_test,finance,simple,real-time,top_k_low,top_k_low,/finance/get_company_name,finance,1,1,0.0,10,0.84375,0.85,2.731090411543846,0.8352472689095886,True,True,20260809,486
crag_task_1_and_2_dev_v5_q_64485bc50d2991a7,crag_task_1_and_2_dev_v5_q_64485bc50d2991a7,confirmatory_test,finance,simple,real-time,greedy_regression_aware_search,greedy_regression_aware_search,/finance/get_company_name,finance,1,1,0.0,10,0.84375,0.95,3.019030205905437,0.8342469809697941,True,True,20260809,486
crag_task_1_and_2_dev_v5_q_6a9a678998b679d1,crag_task_1_and_2_dev_v5_q_6a9a678998b679d1,confirmatory_test,finance,simple,slow-changing,top_k_low,top_k_low,/finance/get_company_name,finance,1,1,0.0,10,0.8333333333333334,0.85,4.103409126400948,0.824829229924207,True,True,20260809,487
crag_task_1_and_2_dev_v5_q_6a9a678998b679d1,crag_task_1_and_2_dev_v5_q_6a9a678998b679d1,confirmatory_test,finance,simple,slow-changing,greedy_regression_aware_search,greedy_regression_aware_search,/finance/get_company_name,finance,1,1,0.0,10,0.8333333333333334,0.95,3.629494458436966,0.823829703838875,True,True,20260809,487
crag_task_1_and_2_dev_v5_q_70952396fa330db0,crag_task_1_and_2_dev_v5_q_70952396fa330db0,confirmatory_test,finance,simple,real-time,top_k_low,top_k_low,/finance/get_company_name,finance,1,1,0.0,10,0.8125,0.85,2.9162736609578133,0.803997083726339,True,True,20260809,488
crag_task_1_and_2_dev_v5_q_70952396fa330db0,crag_task_1_and_2_dev_v5_q_70952396fa330db0,confirmatory_test,finance,simple,real-time,greedy_regression_aware_search,greedy_regression_aware_search,/finance/get_company_name,finance,1,1,0.0,10,0.8125,0.95,2.872755751013756,0.802997127244249,True,True,20260809,488
crag_task_1_and_2_dev_v5_q_83c109e248e057b2,crag_task_1_and_2_dev_v5_q_83c109e248e057b2,confirmatory_test,finance,simple,real-time,top_k_low,top_k_low,/finance/get_company_name,finance,1,1,0.0,10,0.75,0.85,3.5837236791849136,0.7414964162763209,True,True,20260809,489
crag_task_1_and_2_dev_v5_q_83c109e248e057b2,crag_task_1_and_2_dev_v5_q_83c109e248e057b2,confirmatory_test,finance,simple,real-time,greedy_regression_aware_search,greedy_regression_aware_search,/finance/get_company_name,finance,1,1,0.0,10,0.75,0.95,3.4296084195375443,0.7404965703915805,True,True,20260809,489
crag_task_1_and_2_dev_v5_q_92fdd38d4e9ccf40,crag_task_1_and_2_dev_v5_q_92fdd38d4e9ccf40,confirmatory_test,finance,simple,real-time,top_k_low,top_k_low,/finance/get_company_name,finance,1,1,0.0,10,0.75,0.85,2.468947321176529,0.7414975310526789,True,True,20260809,490
crag_task_1_and_2_dev_v5_q_92fdd38d4e9ccf40,crag_task_1_and_2_dev_v5_q_92fdd38d4e9ccf40,confirmatory_test,finance,simple,real-time,greedy_regression_aware_search,greedy_regression_aware_search,/finance/get_company_name,finance,1,1,0.0,10,0.75,0.95,2.55424901843071,0.7404974457509816,True,True,20260809,490
crag_task_1_and_2_dev_v5_q_b1c7aaa1fe3f5168,crag_task_1_and_2_dev_v5_q_b1c7aaa1fe3f5168,confirmatory_test,finance,simple,fast-changing,top_k_low,top_k_low,/finance/get_company_name,finance,1,1,0.0,10,0.75,0.85,3.63741721957922,0.7414963625827805,True,True,20260809,491
crag_task_1_and_2_dev_v5_q_b1c7aaa1fe3f5168,crag_task_1_and_2_dev_v5_q_b1c7aaa1fe3f5168,confirmatory_test,finance,simple,fast-changing,greedy_regression_aware_search,greedy_regression_aware_search,/finance/get_company_name,finance,1,1,0.0,10,0.75,0.95,3.6243069916963577,0.7404963756930083,True,True,20260809,491
crag_task_1_and_2_dev_v5_q_b84cc2a9eaf56efe,crag_task_1_and_2_dev_v5_q_b84cc2a9eaf56efe,confirmatory_test,finance,simple,slow-changing,top_k_low,top_k_low,/finance/get_company_name,finance,1,1,0.0,10,0.75,0.85,2.524442970752716,0.7414974755570293,True,True,20260809,492
crag_task_1_and_2_dev_v5_q_b84cc2a9eaf56efe,crag_task_1_and_2_dev_v5_q_b84cc2a9eaf56efe,confirmatory_test,finance,simple,slow-changing,greedy_regression_aware_search,greedy_regression_aware_search,/finance/get_company_name,finance,1,1,0.0,10,0.75,0.95,2.560349181294441,0.7404974396508187,True,True,20260809,492
crag_task_1_and_2_dev_v5_q_b99bddd7c3484783,crag_task_1_and_2_dev_v5_q_b99bddd7c3484783,confirmatory_test,finance,simple,real-time,top_k_low,top_k_low,/finance/get_company_name,finance,1,1,0.0,10,0.84375,0.85,2.737610600888729,0.8352472623893992,True,True,20260809,493
crag_task_1_and_2_dev_v5_q_b99bddd7c3484783,crag_task_1_and_2_dev_v5_q_b99bddd7c3484783,confirmatory_test,finance,simple,real-time,greedy_regression_aware_search,greedy_regression_aware_search,/finance/get_company_name,finance,1,1,0.0,10,0.84375,0.95,2.739191986620426,0.8342472608080135,True,True,20260809,493
crag_task_1_and_2_dev_v5_q_bcb078bff792b524,crag_task_1_and_2_dev_v5_q_bcb078bff792b524,confirmatory_test,finance,simple,fast-changing,top_k_low,top_k_low,/finance/get_company_name,finance,1,1,0.0,10,0.75,0.85,3.620521165430546,0.7414963794788346,True,True,20260809,494
crag_task_1_and_2_dev_v5_q_bcb078bff792b524,crag_task_1_and_2_dev_v5_q_bcb078bff792b524,confirmatory_test,finance,simple,fast-changing,greedy_regression_aware_search,greedy_regression_aware_search,/finance/get_company_name,finance,1,1,0.0,10,0.75,0.95,3.550073131918907,0.7404964499268681,True,True,20260809,494
crag_task_1_and_2_dev_v5_q_d3be0b1749eca453,crag_task_1_and_2_dev_v5_q_d3be0b1749eca453,confirmatory_test,finance,simple,real-time,top_k_low,top_k_low,/finance/get_company_name,finance,1,1,0.0,10,0.7857142857142857,0.85,2.6133283972740173,0.7772116723858885,True,True,20260809,495
crag_task_1_and_2_dev_v5_q_d3be0b1749eca453,crag_task_1_and_2_dev_v5_q_d3be0b1749eca453,confirmatory_test,finance,simple,real-time,greedy_regression_aware_search,greedy_regression_aware_search,/finance/get_company_name,finance,1,1,0.0,10,0.7857142857142857,0.95,2.509019337594509,0.7762117766949481,True,True,20260809,495
crag_task_1_and_2_dev_v5_q_e0f619400d489117,crag_task_1_and_2_dev_v5_q_e0f619400d489117,confirmatory_test,finance,simple,slow-changing,top_k_low,top_k_low,/finance/get_company_name,finance,1,1,0.0,10,0.75,0.85,3.632578998804093,0.7414963674210012,True,True,20260809,496
crag_task_1_and_2_dev_v5_q_e0f619400d489117,crag_task_1_and_2_dev_v5_q_e0f619400d489117,confirmatory_test,finance,simple,slow-changing,greedy_regression_aware_search,greedy_regression_aware_search,/finance/get_company_name,finance,1,1,0.0,10,0.75,0.95,3.544183447957039,0.7404964558165521,True,True,20260809,496
crag_task_1_and_2_dev_v5_q_f25f60cc8dba5337,crag_task_1_and_2_dev_v5_q_f25f60cc8dba5337,confirmatory_test,finance,simple,real-time,top_k_low,top_k_low,/finance/get_company_name,finance,1,1,0.0,10,0.8333333333333334,0.85,3.3649103716015816,0.8248299684229619,True,True,20260809,497
crag_task_1_and_2_dev_v5_q_f25f60cc8dba5337,crag_task_1_and_2_dev_v5_q_f25f60cc8dba5337,confirmatory_test,finance,simple,real-time,greedy_regression_aware_search,greedy_regression_aware_search,/finance/get_company_name,finance,1,1,0.0,10,0.8333333333333334,0.95,3.229041583836078,0.8238301042917496,True,True,20260809,497
crag_task_1_and_2_dev_v5_q_f28f2ec47a131cd4,crag_task_1_and_2_dev_v5_q_f28f2ec47a131cd4,confirmatory_test,finance,simple,static,top_k_low,top_k_low,/finance/get_company_name,finance,1,1,0.0,0,0.5,0.85,1.0336022824048996,0.4914989663977175,True,True,20260809,498
crag_task_1_and_2_dev_v5_q_f28f2ec47a131cd4,crag_task_1_and_2_dev_v5_q_f28f2ec47a131cd4,confirmatory_test,finance,simple,static,greedy_regression_aware_search,greedy_regression_aware_search,/finance/get_company_name,finance,1,1,0.0,0,0.5,0.95,1.0459702461957932,0.4904989540297538,True,True,20260809,498
crag_task_1_and_2_dev_v5_q_f3082221b4ebe818,crag_task_1_and_2_dev_v5_q_f3082221b4ebe818,confirmatory_test,finance,simple,real-time,top_k_low,top_k_low,/finance/get_company_name,finance,1,1,0.0,10,0.75,0.85,2.891874872148037,0.7414971081251279,True,True,20260809,499
crag_task_1_and_2_dev_v5_q_f3082221b4ebe818,crag_task_1_and_2_dev_v5_q_f3082221b4ebe818,confirmatory_test,finance,simple,real-time,greedy_regression_aware_search,greedy_regression_aware_search,/finance/get_company_name,finance,1,1,0.0,10,0.75,0.95,2.9889345169067383,0.7404970110654832,True,True,20260809,499
crag_task_1_and_2_dev_v5_q_ffcd050534119a0a,crag_task_1_and_2_dev_v5_q_ffcd050534119a0a,confirmatory_test,finance,simple,slow-changing,top_k_low,top_k_low,/finance/get_company_name,finance,1,1,0.0,10,0.9166666666666666,0.85,3.4628398716449738,0.908163203826795,True,True,20260809,500
crag_task_1_and_2_dev_v5_q_ffcd050534119a0a,crag_task_1_and_2_dev_v5_q_ffcd050534119a0a,confirmatory_test,finance,simple,slow-changing,greedy_regression_aware_search,greedy_regression_aware_search,/finance/get_company_name,finance,1,1,0.0,10,0.9166666666666666,0.95,3.4407954663038254,0.9071632258712004,True,True,20260809,500
crag_task_1_and_2_dev_v5_q_00c115c73e5adb16,crag_task_1_and_2_dev_v5_q_00c115c73e5adb16,confirmatory_test,finance,simple_w_condition,static,top_k_low,top_k_low,/finance/get_company_name,finance,1,1,0.0,10,0.75,0.85,3.5545993596315384,0.7414964454006404,True,True,20260809,501
crag_task_1_and_2_dev_v5_q_00c115c73e5adb16,crag_task_1_and_2_dev_v5_q_00c115c73e5adb16,confirmatory_test,finance,simple_w_condition,static,greedy_regression_aware_search,greedy_regression_aware_search,/finance/get_company_name,finance,1,1,0.0,10,0.75,0.95,3.588892519474029,0.7404964111074805,True,True,20260809,501
crag_task_1_and_2_dev_v5_q_24e1b80f2c139d6e,crag_task_1_and_2_dev_v5_q_24e1b80f2c139d6e,confirmatory_test,finance,simple_w_condition,fast-changing,top_k_low,top_k_low,/finance/get_company_name,finance,1,1,0.0,10,0.85,0.85,3.73318325728178,0.8414962668167427,True,True,20260809,502
crag_task_1_and_2_dev_v5_q_24e1b80f2c139d6e,crag_task_1_and_2_dev_v5_q_24e1b80f2c139d6e,confirmatory_test,finance,simple_w_condition,fast-changing,greedy_regression_aware_search,greedy_regression_aware_search,/finance/get_company_name,finance,1,1,0.0,10,0.85,0.95,3.6691250279545775,0.8404963308749721,True,True,20260809,502
crag_task_1_and_2_dev_v5_q_33c56be076f2bb68,crag_task_1_and_2_dev_v5_q_33c56be076f2bb68,confirmatory_test,finance,simple_w_condition,static,top_k_low,top_k_low,/finance/get_company_name,finance,1,1,0.0,10,0.75,0.85,2.673591487109661,0.741497326408513,True,True,20260809,503
crag_task_1_and_2_dev_v5_q_33c56be076f2bb68,crag_task_1_and_2_dev_v5_q_33c56be076f2bb68,confirmatory_test,finance,simple_w_condition,static,greedy_regression_aware_search,greedy_regression_aware_search,/finance/get_company_name,finance,1,1,0.0,10,0.75,0.95,2.577683888375759,0.7404974223161117,True,True,20260809,503
crag_task_1_and_2_dev_v5_q_3a3d6690c8f2b427,crag_task_1_and_2_dev_v5_q_3a3d6690c8f2b427,confirmatory_test,finance,simple_w_condition,static,top_k_low,top_k_low,/finance/get_company_name,finance,1,1,0.0,10,0.8541666666666666,0.85,3.56938224285841,0.8456630972844238,True,True,20260809,504
crag_task_1_and_2_dev_v5_q_3a3d6690c8f2b427,crag_task_1_and_2_dev_v5_q_3a3d6690c8f2b427,confirmatory_test,finance,simple_w_condition,static,greedy_regression_aware_search,greedy_regression_aware_search,/finance/get_company_name,finance,1,1,0.0,10,0.8541666666666666,0.95,3.526797518134117,0.8446631398691485,True,True,20260809,504
crag_task_1_and_2_dev_v5_q_3c1057b1fa41566d,crag_task_1_and_2_dev_v5_q_3c1057b1fa41566d,confirmatory_test,finance,simple_w_condition,static,top_k_low,top_k_low,/finance/get_company_name,finance,1,1,0.0,10,0.8333333333333334,0.85,2.9138484969735146,0.8248304194848365,True,True,20260809,505
crag_task_1_and_2_dev_v5_q_3c1057b1fa41566d,crag_task_1_and_2_dev_v5_q_3c1057b1fa41566d,confirmatory_test,finance,simple_w_condition,static,greedy_regression_aware_search,greedy_regression_aware_search,/finance/get_company_name,finance,1,1,0.0,10,0.8333333333333334,0.95,2.8738677501678467,0.8238304594655832,True,True,20260809,505
crag_task_1_and_2_dev_v5_q_3cb3f3e42a6048df,crag_task_1_and_2_dev_v5_q_3cb3f3e42a6048df,confirmatory_test,finance,simple_w_condition,real-time,top_k_low,top_k_low,/finance/get_company_name,finance,1,1,0.0,10,0.84375,0.85,3.535360097885132,0.8352464646399022,True,True,20260809,506
crag_task_1_and_2_dev_v5_q_3cb3f3e42a6048df,crag_task_1_and_2_dev_v5_q_3cb3f3e42a6048df,confirmatory_test,finance,simple_w_condition,real-time,greedy_regression_aware_search,greedy_regression_aware_search,/finance/get_company_name,finance,1,1,0.0,10,0.84375,0.95,3.365529701113701,0.8342466344702989,True,True,20260809,506
crag_task_1_and_2_dev_v5_q_406c038f969dc857,crag_task_1_and_2_dev_v5_q_406c038f969dc857,confirmatory_test,finance,simple_w_condition,fast-changing,top_k_low,top_k_low,/finance/get_company_name,finance,1,1,0.0,10,0.8636363636363636,0.85,3.6711376160383216,0.8551326924987477,True,True,20260809,507
crag_task_1_and_2_dev_v5_q_406c038f969dc857,crag_task_1_and_2_dev_v5_q_406c038f969dc857,confirmatory_test,finance,simple_w_condition,fast-changing,greedy_regression_aware_search,greedy_regression_aware_search,/finance/get_company_name,finance,1,1,0.0,10,0.8636363636363636,0.95,3.676916472613812,0.8541326867198911,True,True,20260809,507
crag_task_1_and_2_dev_v5_q_4a769a2a7739fb7b,crag_task_1_and_2_dev_v5_q_4a769a2a7739fb7b,confirmatory_test,finance,simple_w_condition,static,top_k_low,top_k_low,/finance/get_company_name,finance,1,1,0.0,10,0.78125,0.85,3.551364876329899,0.7727464486351238,True,True,20260809,508
crag_task_1_and_2_dev_v5_q_4a769a2a7739fb7b,crag_task_1_and_2_dev_v5_q_4a769a2a7739fb7b,confirmatory_test,finance,simple_w_condition,static,greedy_regression_aware_search,greedy_regression_aware_search,/finance/get_company_name,finance,1,1,0.0,10,0.78125,0.95,3.563673235476017,0.7717464363267645,True,True,20260809,508
crag_task_1_and_2_dev_v5_q_4bb34008f0c6ed55,crag_task_1_and_2_dev_v5_q_4bb34008f0c6ed55,confirmatory_test,finance,simple_w_condition,static,top_k_low,top_k_low,/finance/get_company_name,finance,1,1,0.0,10,0.7727272727272727,0.85,3.5595977678895,0.7642237131295049,True,True,20260809,509
crag_task_1_and_2_dev_v5_q_4bb34008f0c6ed55,crag_task_1_and_2_dev_v5_q_4bb34008f0c6ed55,confirmatory_test,finance,simple_w_condition,static,greedy_regression_aware_search,greedy_regression_aware_search,/finance/get_company_name,finance,1,1,0.0,10,0.7727272727272727,0.95,3.3988123759627342,0.7632238739148968,True,True,20260809,509
crag_task_1_and_2_dev_v5_q_5892b9ccc93c45fd,crag_task_1_and_2_dev_v5_q_5892b9ccc93c45fd,confirmatory_test,finance,simple_w_condition,static,top_k_low,top_k_low,/finance/get_company_name,finance,1,1,0.0,10,0.7727272727272727,0.85,3.626910969614983,0.7642236458163031,True,True,20260809,510
crag_task_1_and_2_dev_v5_q_5892b9ccc93c45fd,crag_task_1_and_2_dev_v5_q_5892b9ccc93c45fd,confirmatory_test,finance,simple_w_condition,static,greedy_regression_aware_search,greedy_regression_aware_search,/finance/get_company_name,finance,1,1,0.0,10,0.7727272727272727,0.95,3.490661270916462,0.7632237820660018,True,True,20260809,510
crag_task_1_and_2_dev_v5_q_74905e496001f038,crag_task_1_and_2_dev_v5_q_74905e496001f038,confirmatory_test,finance,simple_w_condition,fast-changing,top_k_low,top_k_low,/finance/get_company_name,finance,1,1,0.0,10,0.75,0.85,3.6660097539424896,0.7414963339902461,True,True,20260809,511
crag_task_1_and_2_dev_v5_q_74905e496001f038,crag_task_1_and_2_dev_v5_q_74905e496001f038,confirmatory_test,finance,simple_w_condition,fast-changing,greedy_regression_aware_search,greedy_regression_aware_search,/finance/get_company_name,finance,1,1,0.0,10,0.75,0.95,3.5851355642080307,0.7404964148644358,True,True,20260809,511
crag_task_1_and_2_dev_v5_q_752229d0cc69a1e7,crag_task_1_and_2_dev_v5_q_752229d0cc69a1e7,confirmatory_test,finance,simple_w_condition,static,top_k_low,top_k_low,/finance/get_company_name,finance,1,1,0.0,10,0.8653846153846154,0.85,3.587349317967892,0.8568810280352975,True,True,20260809,512
crag_task_1_and_2_dev_v5_q_752229d0cc69a1e7,crag_task_1_and_2_dev_v5_q_752229d0cc69a1e7,confirmatory_test,finance,simple_w_condition,static,greedy_regression_aware_search,greedy_regression_aware_search,/finance/get_company_name,finance,1,1,0.0,10,0.8653846153846154,0.95,3.4879473969340324,0.8558811274372186,True,True,20260809,512
crag_task_1_and_2_dev_v5_q_873264869ac82e80,crag_task_1_and_2_dev_v5_q_873264869ac82e80,confirmatory_test,finance,simple_w_condition,static,top_k_low,top_k_low,/finance/get_company_name,finance,1,1,0.0,10,0.8333333333333334,0.85,3.2131271436810493,0.8248301202061897,True,True,20260809,513
crag_task_1_and_2_dev_v5_q_873264869ac82e80,crag_task_1_and_2_dev_v5_q_873264869ac82e80,confirmatory_test,finance,simple_w_condition,static,greedy_regression_aware_search,greedy_regression_aware_search,/finance/get_company_name,finance,1,1,0.0,10,0.8333333333333334,0.95,3.1436411663889885,0.823830189692167,True,True,20260809,513
crag_task_1_and_2_dev_v5_q_984e9bdc52a04a65,crag_task_1_and_2_dev_v5_q_984e9bdc52a04a65,confirmatory_test,finance,simple_w_condition,slow-changing,top_k_low,top_k_low,/finance/get_company_name,finance,1,1,0.0,1,0.75,0.85,2.1518925204873085,0.7414978481074795,True,True,20260809,514
crag_task_1_and_2_dev_v5_q_984e9bdc52a04a65,crag_task_1_and_2_dev_v5_q_984e9bdc52a04a65,confirmatory_test,finance,simple_w_condition,slow-changing,greedy_regression_aware_search,greedy_regression_aware_search,/finance/get_company_name,finance,1,1,0.0,1,0.75,0.95,2.2195465862751007,0.7404977804534137,True,True,20260809,514
crag_task_1_and_2_dev_v5_q_b9cdf6087e980148,crag_task_1_and_2_dev_v5_q_b9cdf6087e980148,confirmatory_test,finance,simple_w_condition,static,top_k_low,top_k_low,/finance/get_company_name,finance,1,1,0.0,10,0.7954545454545454,0.85,3.5927873104810715,0.786950952667235,True,True,20260809,515
crag_task_1_and_2_dev_v5_q_b9cdf6087e980148,crag_task_1_and_2_dev_v5_q_b9cdf6087e980148,confirmatory_test,finance,simple_w_condition,static,greedy_regression_aware_search,greedy_regression_aware_search,/finance/get_company_name,finance,1,1,0.0,10,0.7954545454545454,0.95,3.545185551047325,0.7859510002689944,True,True,20260809,515
crag_task_1_and_2_dev_v5_q_c8ee592778b8fb9b,crag_task_1_and_2_dev_v5_q_c8ee592778b8fb9b,confirmatory_test,finance,simple_w_condition,static,top_k_low,top_k_low,/finance/get_company_name,finance,1,1,0.0,10,0.826923076923077,0.85,3.522970713675022,0.8184195539523633,True,True,20260809,516
crag_task_1_and_2_dev_v5_q_c8ee592778b8fb9b,crag_task_1_and_2_dev_v5_q_c8ee592778b8fb9b,confirmatory_test,finance,simple_w_condition,static,greedy_regression_aware_search,greedy_regression_aware_search,/finance/get_company_name,finance,1,1,0.0,10,0.826923076923077,0.95,3.593559376895428,0.8174194833637002,True,True,20260809,516
crag_task_1_and_2_dev_v5_q_fb7cbefe76df0ee9,crag_task_1_and_2_dev_v5_q_fb7cbefe76df0ee9,confirmatory_test,finance,simple_w_condition,fast-changing,top_k_low,top_k_low,/finance/get_company_name,finance,1,1,0.0,10,0.875,0.85,3.626910038292408,0.8664963730899617,True,True,20260809,517
crag_task_1_and_2_dev_v5_q_fb7cbefe76df0ee9,crag_task_1_and_2_dev_v5_q_fb7cbefe76df0ee9,confirmatory_test,finance,simple_w_condition,fast-changing,greedy_regression_aware_search,greedy_regression_aware_search,/finance/get_company_name,finance,1,1,0.0,10,0.875,0.95,3.550092689692974,0.8654964499073103,True,True,20260809,517
crag_task_1_and_2_dev_v5_q_2211157b8169143e,crag_task_1_and_2_dev_v5_q_2211157b8169143e,confirmatory_test,movie,aggregation,slow-changing,top_k_low,top_k_low,/movie/get_movie_info,movie,1,1,0.0,10,0.8636363636363636,0.85,38.19009382277727,0.8550981735425409,True,True,20260809,518
crag_task_1_and_2_dev_v5_q_2211157b8169143e,crag_task_1_and_2_dev_v5_q_2211157b8169143e,confirmatory_test,movie,aggregation,slow-changing,greedy_regression_aware_search,greedy_regression_aware_search,/movie/get_movie_info,movie,1,1,0.0,10,0.8636363636363636,0.95,44.55719795078039,0.8540918064384129,True,True,20260809,518
crag_task_1_and_2_dev_v5_q_2f94acd5a935c2b1,crag_task_1_and_2_dev_v5_q_2f94acd5a935c2b1,confirmatory_test,movie,aggregation,slow-changing,top_k_low,top_k_low,/movie/get_movie_info,movie,1,1,0.0,10,0.8461538461538461,0.85,39.47150520980358,0.8376143746486364,True,True,20260809,519
crag_task_1_and_2_dev_v5_q_2f94acd5a935c2b1,crag_task_1_and_2_dev_v5_q_2f94acd5a935c2b1,confirmatory_test,movie,aggregation,slow-changing,greedy_regression_aware_search,greedy_regression_aware_search,/movie/get_movie_info,movie,1,1,0.0,10,0.8461538461538461,0.95,47.36962355673313,0.8366064765302894,True,True,20260809,519
crag_task_1_and_2_dev_v5_q_36427ebef305c8a2,crag_task_1_and_2_dev_v5_q_36427ebef305c8a2,confirmatory_test,movie,aggregation,slow-changing,top_k_low,top_k_low,/movie/get_movie_info,movie,1,1,0.0,10,0.8,0.85,39.915405213832855,0.7914600845947862,True,True,20260809,520
crag_task_1_and_2_dev_v5_q_36427ebef305c8a2,crag_task_1_and_2_dev_v5_q_36427ebef305c8a2,confirmatory_test,movie,aggregation,slow-changing,greedy_regression_aware_search,greedy_regression_aware_search,/movie/get_movie_info,movie,1,1,0.0,10,0.8,0.95,47.23108094185591,0.7904527689190582,True,True,20260809,520
crag_task_1_and_2_dev_v5_q_54bbc0a3e60f3d4c,crag_task_1_and_2_dev_v5_q_54bbc0a3e60f3d4c,confirmatory_test,movie,aggregation,static,top_k_low,top_k_low,/movie/get_movie_info,movie,1,1,0.0,10,0.875,0.85,35.218507051467896,0.8664647814929486,True,True,20260809,521
crag_task_1_and_2_dev_v5_q_54bbc0a3e60f3d4c,crag_task_1_and_2_dev_v5_q_54bbc0a3e60f3d4c,confirmatory_test,movie,aggregation,static,greedy_regression_aware_search,greedy_regression_aware_search,/movie/get_movie_info,movie,1,1,0.0,10,0.875,0.95,43.8529709354043,0.8654561470290646,True,True,20260809,521
crag_task_1_and_2_dev_v5_q_881154d32e8a94a4,crag_task_1_and_2_dev_v5_q_881154d32e8a94a4,confirmatory_test,movie,aggregation,slow-changing,top_k_low,top_k_low,/movie/get_movie_info,movie,1,1,0.0,10,0.7916666666666666,0.85,39.20768201351166,0.7831274589846532,True,True,20260809,522
crag_task_1_and_2_dev_v5_q_881154d32e8a94a4,crag_task_1_and_2_dev_v5_q_881154d32e8a94a4,confirmatory_test,movie,aggregation,slow-changing,greedy_regression_aware_search,greedy_regression_aware_search,/movie/get_movie_info,movie,1,1,0.0,10,0.7916666666666666,0.95,45.26370856910944,0.7821214029580976,True,True,20260809,522
crag_task_1_and_2_dev_v5_q_8ffe46bb020a78d9,crag_task_1_and_2_dev_v5_q_8ffe46bb020a78d9,confirmatory_test,movie,aggregation,slow-changing,top_k_low,top_k_low,/movie/get_movie_info,movie,1,1,0.0,10,0.8125,0.85,38.926610723137856,0.8039610733892769,True,True,20260809,523
crag_task_1_and_2_dev_v5_q_8ffe46bb020a78d9,crag_task_1_and_2_dev_v5_q_8ffe46bb020a78d9,confirmatory_test,movie,aggregation,slow-changing,greedy_regression_aware_search,greedy_regression_aware_search,/movie/get_movie_info,movie,1,1,0.0,10,0.8125,0.95,46.41244746744633,0.8029535875525327,True,True,20260809,523
crag_task_1_and_2_dev_v5_q_a2d5864c0d2bf33f,crag_task_1_and_2_dev_v5_q_a2d5864c0d2bf33f,confirmatory_test,movie,aggregation,static,top_k_low,top_k_low,/movie/get_movie_info,movie,1,1,0.0,10,0.75,0.85,29.7201219946146,0.7414702798780054,True,True,20260809,524
crag_task_1_and_2_dev_v5_q_a2d5864c0d2bf33f,crag_task_1_and_2_dev_v5_q_a2d5864c0d2bf33f,confirmatory_test,movie,aggregation,static,greedy_regression_aware_search,greedy_regression_aware_search,/movie/get_movie_info,movie,1,1,0.0,10,0.75,0.95,37.56263386458159,0.7404624373661355,True,True,20260809,524
crag_task_1_and_2_dev_v5_q_d115b159f9bb9074,crag_task_1_and_2_dev_v5_q_d115b159f9bb9074,confirmatory_test,movie,aggregation,static,top_k_low,top_k_low,/movie/get_movie_info,movie,1,1,0.0,10,0.8541666666666666,0.85,35.52857041358948,0.8456311380962531,True,True,20260809,525
crag_task_1_and_2_dev_v5_q_d115b159f9bb9074,crag_task_1_and_2_dev_v5_q_d115b159f9bb9074,confirmatory_test,movie,aggregation,static,greedy_regression_aware_search,greedy_regression_aware_search,/movie/get_movie_info,movie,1,1,0.0,10,0.8541666666666666,0.95,44.07443944364786,0.844622592227223,True,True,20260809,525
crag_task_1_and_2_dev_v5_q_d4cc32d5b6ebf477,crag_task_1_and_2_dev_v5_q_d4cc32d5b6ebf477,confirmatory_test,movie,aggregation,slow-changing,top_k_low,top_k_low,/movie/get_movie_info,movie,1,1,0.0,10,0.8125,0.85,26.876300573349,0.8039731236994268,True,True,20260809,526
crag_task_1_and_2_dev_v5_q_d4cc32d5b6ebf477,crag_task_1_and_2_dev_v5_q_d4cc32d5b6ebf477,confirmatory_test,movie,aggregation,slow-changing,greedy_regression_aware_search,greedy_regression_aware_search,/movie/get_movie_info,movie,1,1,0.0,10,0.8125,0.95,33.74095447361469,0.8029662590455264,True,True,20260809,526
crag_task_1_and_2_dev_v5_q_ff253ea809aa18a0,crag_task_1_and_2_dev_v5_q_ff253ea809aa18a0,confirmatory_test,movie,aggregation,slow-changing,top_k_low,top_k_low,/movie/get_movie_info,movie,1,1,0.0,10,0.75,0.85,37.26447839289904,0.7414627355216071,True,True,20260809,527
crag_task_1_and_2_dev_v5_q_ff253ea809aa18a0,crag_task_1_and_2_dev_v5_q_ff253ea809aa18a0,confirmatory_test,movie,aggregation,slow-changing,greedy_regression_aware_search,greedy_regression_aware_search,/movie/get_movie_info,movie,1,1,0.0,10,0.75,0.95,43.200111016631126,0.7404567998889834,True,True,20260809,527
crag_task_1_and_2_dev_v5_q_2f2b8d3f4d6f9e54,crag_task_1_and_2_dev_v5_q_2f2b8d3f4d6f9e54,confirmatory_test,movie,comparison,static,top_k_low,top_k_low,/movie/get_movie_info,movie,1,1,0.0,10,0.8181818181818182,0.85,37.42469288408756,0.8096443934889342,True,True,20260809,528
crag_task_1_and_2_dev_v5_q_2f2b8d3f4d6f9e54,crag_task_1_and_2_dev_v5_q_2f2b8d3f4d6f9e54,confirmatory_test,movie,comparison,static,greedy_regression_aware_search,greedy_regression_aware_search,/movie/get_movie_info,movie,1,1,0.0,10,0.8181818181818182,0.95,43.61780174076557,0.8086382003800775,True,True,20260809,528
crag_task_1_and_2_dev_v5_q_3029ff3805e2b04e,crag_task_1_and_2_dev_v5_q_3029ff3805e2b04e,confirmatory_test,movie,comparison,static,top_k_low,top_k_low,/movie/get_movie_info,movie,1,1,0.0,10,0.75,0.85,37.54730056971312,0.7414624526994303,True,True,20260809,529
crag_task_1_and_2_dev_v5_q_3029ff3805e2b04e,crag_task_1_and_2_dev_v5_q_3029ff3805e2b04e,confirmatory_test,movie,comparison,static,greedy_regression_aware_search,greedy_regression_aware_search,/movie/get_movie_info,movie,1,1,0.0,10,0.75,0.95,45.5836895853281,0.7404544163104148,True,True,20260809,529
crag_task_1_and_2_dev_v5_q_3c2eeda81228cbd6,crag_task_1_and_2_dev_v5_q_3c2eeda81228cbd6,confirmatory_test,movie,comparison,static,top_k_low,top_k_low,/movie/get_movie_info,movie,1,1,0.0,10,0.7875,0.85,40.39130266755819,0.7789596086973325,True,True,20260809,530
crag_task_1_and_2_dev_v5_q_3c2eeda81228cbd6,crag_task_1_and_2_dev_v5_q_3c2eeda81228cbd6,confirmatory_test,movie,comparison,static,greedy_regression_aware_search,greedy_regression_aware_search,/movie/get_movie_info,movie,1,1,0.0,10,0.7875,0.95,46.58267833292484,0.7779534173216671,True,True,20260809,530
crag_task_1_and_2_dev_v5_q_3fb5bd3d6fc95724,crag_task_1_and_2_dev_v5_q_3fb5bd3d6fc95724,confirmatory_test,movie,comparison,static,top_k_low,top_k_low,/movie/get_movie_info,movie,1,1,0.0,10,0.8214285714285714,0.85,34.390619955956936,0.8128941808086155,True,True,20260809,531
crag_task_1_and_2_dev_v5_q_3fb5bd3d6fc95724,crag_task_1_and_2_dev_v5_q_3fb5bd3d6fc95724,confirmatory_test,movie,comparison,static,greedy_regression_aware_search,greedy_regression_aware_search,/movie/get_movie_info,movie,1,1,0.0,10,0.8214285714285714,0.95,39.932641200721264,0.8118886387873707,True,True,20260809,531
crag_task_1_and_2_dev_v5_q_550126fe7f5fc8f5,crag_task_1_and_2_dev_v5_q_550126fe7f5fc8f5,confirmatory_test,movie,comparison,static,top_k_low,top_k_low,/movie/get_movie_info,movie,1,1,0.0,10,0.75,0.85,40.67361541092396,0.7414593263845891,True,True,20260809,532
crag_task_1_and_2_dev_v5_q_550126fe7f5fc8f5,crag_task_1_and_2_dev_v5_q_550126fe7f5fc8f5,confirmatory_test,movie,comparison,static,greedy_regression_aware_search,greedy_regression_aware_search,/movie/get_movie_info,movie,1,1,0.0,10,0.75,0.95,47.36677836626768,0.7404526332216338,True,True,20260809,532
crag_task_1_and_2_dev_v5_q_57c43410c98e25a0,crag_task_1_and_2_dev_v5_q_57c43410c98e25a0,confirmatory_test,movie,comparison,static,top_k_low,top_k_low,/movie/get_movie_info,movie,1,1,0.0,10,1.0,0.85,37.489852868020535,0.991462510147132,True,True,20260809,533
crag_task_1_and_2_dev_v5_q_57c43410c98e25a0,crag_task_1_and_2_dev_v5_q_57c43410c98e25a0,confirmatory_test,movie,comparison,static,greedy_regression_aware_search,greedy_regression_aware_search,/movie/get_movie_info,movie,1,1,0.0,10,1.0,0.95,43.94825641065836,0.9904560517435894,True,True,20260809,533
crag_task_1_and_2_dev_v5_q_8c89ec42d9864ac6,crag_task_1_and_2_dev_v5_q_8c89ec42d9864ac6,confirmatory_test,movie,comparison,static,top_k_low,top_k_low,/movie/get_movie_info,movie,1,1,0.0,10,0.75,0.85,41.34480282664299,0.7414586551971734,True,True,20260809,534
crag_task_1_and_2_dev_v5_q_8c89ec42d9864ac6,crag_task_1_and_2_dev_v5_q_8c89ec42d9864ac6,confirmatory_test,movie,comparison,static,greedy_regression_aware_search,greedy_regression_aware_search,/movie/get_movie_info,movie,1,1,0.0,10,0.75,0.95,46.514504589140415,0.7404534854954109,True,True,20260809,534
crag_task_1_and_2_dev_v5_q_a37dd05be97c79df,crag_task_1_and_2_dev_v5_q_a37dd05be97c79df,confirmatory_test,movie,comparison,static,top_k_low,top_k_low,/movie/get_movie_info,movie,1,1,0.0,10,0.8541666666666666,0.85,36.13829426467419,0.845630528372402,True,True,20260809,535
crag_task_1_and_2_dev_v5_q_a37dd05be97c79df,crag_task_1_and_2_dev_v5_q_a37dd05be97c79df,confirmatory_test,movie,comparison,static,greedy_regression_aware_search,greedy_regression_aware_search,/movie/get_movie_info,movie,1,1,0.0,10,0.8541666666666666,0.95,43.69325563311577,0.8446229734110335,True,True,20260809,535
crag_task_1_and_2_dev_v5_q_d709bf9c4789cf02,crag_task_1_and_2_dev_v5_q_d709bf9c4789cf02,confirmatory_test,movie,comparison,static,top_k_low,top_k_low,/movie/get_movie_info,movie,1,1,0.0,10,0.75,0.85,38.04642520844936,0.7414619535747916,True,True,20260809,536
crag_task_1_and_2_dev_v5_q_d709bf9c4789cf02,crag_task_1_and_2_dev_v5_q_d709bf9c4789cf02,confirmatory_test,movie,comparison,static,greedy_regression_aware_search,greedy_regression_aware_search,/movie/get_movie_info,movie,1,1,0.0,10,0.75,0.95,42.40718856453896,0.7404575928114355,True,True,20260809,536
crag_task_1_and_2_dev_v5_q_e2ba0331d7f85015,crag_task_1_and_2_dev_v5_q_e2ba0331d7f85015,confirmatory_test,movie,comparison,static,top_k_low,top_k_low,/movie/get_movie_info,movie,1,1,0.0,10,0.875,0.85,39.50062021613121,0.8664604993797839,True,True,20260809,537
crag_task_1_and_2_dev_v5_q_e2ba0331d7f85015,crag_task_1_and_2_dev_v5_q_e2ba0331d7f85015,confirmatory_test,movie,comparison,static,greedy_regression_aware_search,greedy_regression_aware_search,/movie/get_movie_info,movie,1,1,0.0,10,0.875,0.95,47.44359571486712,0.8654525564042852,True,True,20260809,537
crag_task_1_and_2_dev_v5_q_f93281f9862d6168,crag_task_1_and_2_dev_v5_q_f93281f9862d6168,confirmatory_test,movie,comparison,slow-changing,top_k_low,top_k_low,/movie/get_movie_info,movie,1,1,0.0,10,0.875,0.85,36.63669712841511,0.8664633633028717,True,True,20260809,538
crag_task_1_and_2_dev_v5_q_f93281f9862d6168,crag_task_1_and_2_dev_v5_q_f93281f9862d6168,confirmatory_test,movie,comparison,slow-changing,greedy_regression_aware_search,greedy_regression_aware_search,/movie/get_movie_info,movie,1,1,0.0,10,0.875,0.95,43.25075913220644,0.8654567492408678,True,True,20260809,538
crag_task_1_and_2_dev_v5_q_020902e080c9fe62,crag_task_1_and_2_dev_v5_q_020902e080c9fe62,confirmatory_test,movie,false_premise,static,top_k_low,top_k_low,/movie/get_movie_info,movie,1,1,0.0,10,0.75,0.85,39.13719393312931,0.7414608628060669,True,True,20260809,539
crag_task_1_and_2_dev_v5_q_020902e080c9fe62,crag_task_1_and_2_dev_v5_q_020902e080c9fe62,confirmatory_test,movie,false_premise,static,greedy_regression_aware_search,greedy_regression_aware_search,/movie/get_movie_info,movie,1,1,0.0,10,0.75,0.95,47.44026064872742,0.7404525597393513,True,True,20260809,539
crag_task_1_and_2_dev_v5_q_30fd57a97c2d4478,crag_task_1_and_2_dev_v5_q_30fd57a97c2d4478,confirmatory_test,movie,false_premise,static,top_k_low,top_k_low,/movie/get_movie_info,movie,1,1,0.0,10,0.75,0.85,44.95665989816189,0.7414550433401019,True,True,20260809,540
crag_task_1_and_2_dev_v5_q_30fd57a97c2d4478,crag_task_1_and_2_dev_v5_q_30fd57a97c2d4478,confirmatory_test,movie,false_premise,static,greedy_regression_aware_search,greedy_regression_aware_search,/movie/get_movie_info,movie,1,1,0.0,10,0.75,0.95,50.83051882684231,0.7404491694811732,True,True,20260809,540
crag_task_1_and_2_dev_v5_q_392661d6619c7dd2,crag_task_1_and_2_dev_v5_q_392661d6619c7dd2,confirmatory_test,movie,false_premise,static,top_k_low,top_k_low,/movie/get_movie_info,movie,1,1,0.0,10,0.75,0.85,48.04518725723028,0.7414519548127428,True,True,20260809,541
crag_task_1_and_2_dev_v5_q_392661d6619c7dd2,crag_task_1_and_2_dev_v5_q_392661d6619c7dd2,confirmatory_test,movie,false_premise,static,greedy_regression_aware_search,greedy_regression_aware_search,/movie/get_movie_info,movie,1,1,0.0,10,0.75,0.95,51.41912028193474,0.7404485808797181,True,True,20260809,541
crag_task_1_and_2_dev_v5_q_3c96f0acbdfd48d1,crag_task_1_and_2_dev_v5_q_3c96f0acbdfd48d1,confirmatory_test,movie,false_premise,static,top_k_low,top_k_low,/movie/get_movie_info,movie,1,1,0.0,10,0.75,0.85,37.58487943559885,0.7414624151205644,True,True,20260809,542
crag_task_1_and_2_dev_v5_q_3c96f0acbdfd48d1,crag_task_1_and_2_dev_v5_q_3c96f0acbdfd48d1,confirmatory_test,movie,false_premise,static,greedy_regression_aware_search,greedy_regression_aware_search,/movie/get_movie_info,movie,1,1,0.0,10,0.75,0.95,45.62984965741634,0.7404543701503427,True,True,20260809,542
crag_task_1_and_2_dev_v5_q_8845f38d085321ce,crag_task_1_and_2_dev_v5_q_8845f38d085321ce,confirmatory_test,movie,false_premise,static,top_k_low,top_k_low,/movie/get_movie_info,movie,1,1,0.0,10,0.75,0.85,35.85156612098217,0.7414641484338791,True,True,20260809,543
crag_task_1_and_2_dev_v5_q_8845f38d085321ce,crag_task_1_and_2_dev_v5_q_8845f38d085321ce,confirmatory_test,movie,false_premise,static,greedy_regression_aware_search,greedy_regression_aware_search,/movie/get_movie_info,movie,1,1,0.0,10,0.75,0.95,41.28467105329037,0.7404587153289468,True,True,20260809,543
crag_task_1_and_2_dev_v5_q_ce3d25d69a116b2f,crag_task_1_and_2_dev_v5_q_ce3d25d69a116b2f,confirmatory_test,movie,false_premise,static,top_k_low,top_k_low,/movie/get_movie_info,movie,1,1,0.0,10,0.75,0.85,30.8231795206666,0.7414691768204794,True,True,20260809,544
crag_task_1_and_2_dev_v5_q_ce3d25d69a116b2f,crag_task_1_and_2_dev_v5_q_ce3d25d69a116b2f,confirmatory_test,movie,false_premise,static,greedy_regression_aware_search,greedy_regression_aware_search,/movie/get_movie_info,movie,1,1,0.0,10,0.75,0.95,38.01957331597805,0.7404619804266841,True,True,20260809,544
crag_task_1_and_2_dev_v5_q_e20a0031270de6ce,crag_task_1_and_2_dev_v5_q_e20a0031270de6ce,confirmatory_test,movie,false_premise,static,top_k_low,top_k_low,/movie/get_movie_info,movie,1,1,0.0,10,0.75,0.85,39.1909359022975,0.7414608090640977,True,True,20260809,545
crag_task_1_and_2_dev_v5_q_e20a0031270de6ce,crag_task_1_and_2_dev_v5_q_e20a0031270de6ce,confirmatory_test,movie,false_premise,static,greedy_regression_aware_search,greedy_regression_aware_search,/movie/get_movie_info,movie,1,1,0.0,10,0.75,0.95,46.22788541018963,0.7404537721145898,True,True,20260809,545
crag_task_1_and_2_dev_v5_q_edc80192bcbd48d2,crag_task_1_and_2_dev_v5_q_edc80192bcbd48d2,confirmatory_test,movie,false_premise,static,top_k_low,top_k_low,/movie/get_movie_info,movie,1,1,0.0,10,0.75,0.85,39.61973264813423,0.741460380267352,True,True,20260809,546
crag_task_1_and_2_dev_v5_q_edc80192bcbd48d2,crag_task_1_and_2_dev_v5_q_edc80192bcbd48d2,confirmatory_test,movie,false_premise,static,greedy_regression_aware_search,greedy_regression_aware_search,/movie/get_movie_info,movie,1,1,0.0,10,0.75,0.95,46.78330477327109,0.7404532166952268,True,True,20260809,546
crag_task_1_and_2_dev_v5_q_22c951367822aee3,crag_task_1_and_2_dev_v5_q_22c951367822aee3,confirmatory_test,movie,multi-hop,slow-changing,top_k_low,top_k_low,/movie/get_movie_info,movie,1,1,0.0,10,0.82,0.85,38.47753535956144,0.8114615224646404,True,True,20260809,547
crag_task_1_and_2_dev_v5_q_22c951367822aee3,crag_task_1_and_2_dev_v5_q_22c951367822aee3,confirmatory_test,movie,multi-hop,slow-changing,greedy_regression_aware_search,greedy_regression_aware_search,/movie/get_movie_info,movie,1,1,0.0,10,0.82,0.95,46.80731240659952,0.8104531926875934,True,True,20260809,547
crag_task_1_and_2_dev_v5_q_24dd8e9bad6cbadc,crag_task_1_and_2_dev_v5_q_24dd8e9bad6cbadc,confirmatory_test,movie,multi-hop,static,top_k_low,top_k_low,/movie/get_movie_info,movie,1,1,0.0,10,0.75,0.85,36.79515980184078,0.7414632048401982,True,True,20260809,548
crag_task_1_and_2_dev_v5_q_24dd8e9bad6cbadc,crag_task_1_and_2_dev_v5_q_24dd8e9bad6cbadc,confirmatory_test,movie,multi-hop,static,greedy_regression_aware_search,greedy_regression_aware_search,/movie/get_movie_info,movie,1,1,0.0,10,0.75,0.95,43.57410408556461,0.7404564258959144,True,True,20260809,548
crag_task_1_and_2_dev_v5_q_328032b80727fedb,crag_task_1_and_2_dev_v5_q_328032b80727fedb,confirmatory_test,movie,multi-hop,static,top_k_low,top_k_low,/movie/get_movie_info,movie,1,1,0.0,10,0.78125,0.85,39.77985866367817,0.7727102201413364,True,True,20260809,549
crag_task_1_and_2_dev_v5_q_328032b80727fedb,crag_task_1_and_2_dev_v5_q_328032b80727fedb,confirmatory_test,movie,multi-hop,static,greedy_regression_aware_search,greedy_regression_aware_search,/movie/get_movie_info,movie,1,1,0.0,10,0.78125,0.95,45.71523144841194,0.7717042847685517,True,True,20260809,549
crag_task_1_and_2_dev_v5_q_40957e16cec49acf,crag_task_1_and_2_dev_v5_q_40957e16cec49acf,confirmatory_test,movie,multi-hop,static,top_k_low,top_k_low,/movie/get_movie_info,movie,1,1,0.0,10,0.75,0.85,36.85056511312723,0.7414631494348869,True,True,20260809,550
crag_task_1_and_2_dev_v5_q_40957e16cec49acf,crag_task_1_and_2_dev_v5_q_40957e16cec49acf,confirmatory_test,movie,multi-hop,static,greedy_regression_aware_search,greedy_regression_aware_search,/movie/get_movie_info,movie,1,1,0.0,10,0.75,0.95,44.66626513749361,0.7404553337348626,True,True,20260809,550
crag_task_1_and_2_dev_v5_q_63d6eeba83cc875b,crag_task_1_and_2_dev_v5_q_63d6eeba83cc875b,confirmatory_test,movie,multi-hop,static,top_k_low,top_k_low,/movie/get_movie_info,movie,1,1,0.0,10,0.75,0.85,39.33962341398001,0.7414606603765861,True,True,20260809,551
crag_task_1_and_2_dev_v5_q_63d6eeba83cc875b,crag_task_1_and_2_dev_v5_q_63d6eeba83cc875b,confirmatory_test,movie,multi-hop,static,greedy_regression_aware_search,greedy_regression_aware_search,/movie/get_movie_info,movie,1,1,0.0,10,0.75,0.95,46.80574964731932,0.7404531942503527,True,True,20260809,551
crag_task_1_and_2_dev_v5_q_790f437320afcf84,crag_task_1_and_2_dev_v5_q_790f437320afcf84,confirmatory_test,movie,multi-hop,static,top_k_low,top_k_low,/movie/get_movie_info,movie,1,1,0.0,10,0.8333333333333334,0.85,33.4376310929656,0.8247998957022404,True,True,20260809,552
crag_task_1_and_2_dev_v5_q_790f437320afcf84,crag_task_1_and_2_dev_v5_q_790f437320afcf84,confirmatory_test,movie,multi-hop,static,greedy_regression_aware_search,greedy_regression_aware_search,/movie/get_movie_info,movie,1,1,0.0,10,0.8333333333333334,0.95,38.839999586343765,0.8237944933337471,True,True,20260809,552
crag_task_1_and_2_dev_v5_q_b2e85d2a2a4567d2,crag_task_1_and_2_dev_v5_q_b2e85d2a2a4567d2,confirmatory_test,movie,multi-hop,static,top_k_low,top_k_low,/movie/get_movie_info,movie,1,1,0.0,10,0.7857142857142857,0.85,38.47562149167061,0.7771758100927941,True,True,20260809,553
crag_task_1_and_2_dev_v5_q_b2e85d2a2a4567d2,crag_task_1_and_2_dev_v5_q_b2e85d2a2a4567d2,confirmatory_test,movie,multi-hop,static,greedy_regression_aware_search,greedy_regression_aware_search,/movie/get_movie_info,movie,1,1,0.0,10,0.7857142857142857,0.95,46.08561750501394,0.7761682000967808,True,True,20260809,553
crag_task_1_and_2_dev_v5_q_b64e4260a2f55f15,crag_task_1_and_2_dev_v5_q_b64e4260a2f55f15,confirmatory_test,movie,multi-hop,slow-changing,top_k_low,top_k_low,/movie/get_movie_info,movie,1,1,0.0,10,0.7934782608695652,0.85,38.0546385422349,0.784940206231023,True,True,20260809,554
crag_task_1_and_2_dev_v5_q_b64e4260a2f55f15,crag_task_1_and_2_dev_v5_q_b64e4260a2f55f15,confirmatory_test,movie,multi-hop,slow-changing,greedy_regression_aware_search,greedy_regression_aware_search,/movie/get_movie_info,movie,1,1,0.0,10,0.7934782608695652,0.95,44.27437670528889,0.78393398649286,True,True,20260809,554
crag_task_1_and_2_dev_v5_q_b93e45aba85473f5,crag_task_1_and_2_dev_v5_q_b93e45aba85473f5,confirmatory_test,movie,multi-hop,slow-changing,top_k_low,top_k_low,/movie/get_movie_info,movie,1,1,0.0,10,0.7678571428571429,0.85,33.5554014891386,0.7593235874556538,True,True,20260809,555
crag_task_1_and_2_dev_v5_q_b93e45aba85473f5,crag_task_1_and_2_dev_v5_q_b93e45aba85473f5,confirmatory_test,movie,multi-hop,slow-changing,greedy_regression_aware_search,greedy_regression_aware_search,/movie/get_movie_info,movie,1,1,0.0,10,0.7678571428571429,0.95,40.62073491513729,0.7583165221222278,True,True,20260809,555
crag_task_1_and_2_dev_v5_q_e2b8c2b80048680b,crag_task_1_and_2_dev_v5_q_e2b8c2b80048680b,confirmatory_test,movie,multi-hop,static,top_k_low,top_k_low,/movie/get_movie_info,movie,1,1,0.0,10,0.75,0.85,35.76762694865465,0.7414642323730514,True,True,20260809,556
crag_task_1_and_2_dev_v5_q_e2b8c2b80048680b,crag_task_1_and_2_dev_v5_q_e2b8c2b80048680b,confirmatory_test,movie,multi-hop,static,greedy_regression_aware_search,greedy_regression_aware_search,/movie/get_movie_info,movie,1,1,0.0,10,0.75,0.95,43.22199430316687,0.7404567780056969,True,True,20260809,556
crag_task_1_and_2_dev_v5_q_ebec932327b7ce14,crag_task_1_and_2_dev_v5_q_ebec932327b7ce14,confirmatory_test,movie,multi-hop,static,top_k_low,top_k_low,/movie/get_movie_info,movie,1,1,0.0,10,0.75,0.85,37.778714671731,0.7414622212853283,True,True,20260809,557
crag_task_1_and_2_dev_v5_q_ebec932327b7ce14,crag_task_1_and_2_dev_v5_q_ebec932327b7ce14,confirmatory_test,movie,multi-hop,static,greedy_regression_aware_search,greedy_regression_aware_search,/movie/get_movie_info,movie,1,1,0.0,10,0.75,0.95,47.42635879665613,0.7404525736412034,True,True,20260809,557
crag_task_1_and_2_dev_v5_q_f75b30f169eb6e14,crag_task_1_and_2_dev_v5_q_f75b30f169eb6e14,confirmatory_test,movie,multi-hop,static,top_k_low,top_k_low,/movie/get_movie_info,movie,1,1,0.0,10,0.75,0.85,39.53528217971325,0.7414604647178203,True,True,20260809,558
crag_task_1_and_2_dev_v5_q_f75b30f169eb6e14,crag_task_1_and_2_dev_v5_q_f75b30f169eb6e14,confirmatory_test,movie,multi-hop,static,greedy_regression_aware_search,greedy_regression_aware_search,/movie/get_movie_info,movie,1,1,0.0,10,0.75,0.95,43.94991975277662,0.7404560500802473,True,True,20260809,558
crag_task_1_and_2_dev_v5_q_6a3b3553ebb1c47c,crag_task_1_and_2_dev_v5_q_6a3b3553ebb1c47c,confirmatory_test,movie,post-processing,static,top_k_low,top_k_low,/movie/get_movie_info,movie,1,1,0.0,10,0.8181818181818182,0.85,39.51750509440899,0.8096423006767238,True,True,20260809,559
crag_task_1_and_2_dev_v5_q_6a3b3553ebb1c47c,crag_task_1_and_2_dev_v5_q_6a3b3553ebb1c47c,confirmatory_test,movie,post-processing,static,greedy_regression_aware_search,greedy_regression_aware_search,/movie/get_movie_info,movie,1,1,0.0,10,0.8181818181818182,0.95,48.01516141742468,0.8086338030204009,True,True,20260809,559
crag_task_1_and_2_dev_v5_q_0c59970ea47cb219,crag_task_1_and_2_dev_v5_q_0c59970ea47cb219,confirmatory_test,movie,set,slow-changing,top_k_low,top_k_low,/movie/get_movie_info,movie,1,1,0.0,10,0.775,0.85,39.40399270504713,0.766460596007295,True,True,20260809,560
crag_task_1_and_2_dev_v5_q_0c59970ea47cb219,crag_task_1_and_2_dev_v5_q_0c59970ea47cb219,confirmatory_test,movie,set,slow-changing,greedy_regression_aware_search,greedy_regression_aware_search,/movie/get_movie_info,movie,1,1,0.0,10,0.775,0.95,45.85445392876864,0.7654541455460713,True,True,20260809,560
crag_task_1_and_2_dev_v5_q_1a7613522a80730e,crag_task_1_and_2_dev_v5_q_1a7613522a80730e,confirmatory_test,movie,set,static,top_k_low,top_k_low,/movie/get_movie_info,movie,1,1,0.0,10,1.0,0.85,30.320432037115097,0.991469679567963,True,True,20260809,561
crag_task_1_and_2_dev_v5_q_1a7613522a80730e,crag_task_1_and_2_dev_v5_q_1a7613522a80730e,confirmatory_test,movie,set,static,greedy_regression_aware_search,greedy_regression_aware_search,/movie/get_movie_info,movie,1,1,0.0,10,1.0,0.95,36.296156235039234,0.990463703843765,True,True,20260809,561
crag_task_1_and_2_dev_v5_q_29afa195d324bf71,crag_task_1_and_2_dev_v5_q_29afa195d324bf71,confirmatory_test,movie,set,static,top_k_low,top_k_low,/movie/get_movie_info,movie,1,1,0.0,10,0.7708333333333334,0.85,42.16003976762295,0.7622911732935658,True,True,20260809,562
crag_task_1_and_2_dev_v5_q_29afa195d324bf71,crag_task_1_and_2_dev_v5_q_29afa195d324bf71,confirmatory_test,movie,set,static,greedy_regression_aware_search,greedy_regression_aware_search,/movie/get_movie_info,movie,1,1,0.0,10,0.7708333333333334,0.95,49.081613309681416,0.7612842517200238,True,True,20260809,562
crag_task_1_and_2_dev_v5_q_3669e2a5e67259d3,crag_task_1_and_2_dev_v5_q_3669e2a5e67259d3,confirmatory_test,movie,set,slow-changing,top_k_low,top_k_low,/movie/get_movie_info,movie,1,1,0.0,10,0.796875,0.85,26.312246918678284,0.7883486877530814,True,True,20260809,563
crag_task_1_and_2_dev_v5_q_3669e2a5e67259d3,crag_task_1_and_2_dev_v5_q_3669e2a5e67259d3,confirmatory_test,movie,set,slow-changing,greedy_regression_aware_search,greedy_regression_aware_search,/movie/get_movie_info,movie,1,1,0.0,10,0.796875,0.95,32.68135525286198,0.7873423186447471,True,True,20260809,563
crag_task_1_and_2_dev_v5_q_37dcfab6eefa582e,crag_task_1_and_2_dev_v5_q_37dcfab6eefa582e,confirmatory_test,movie,set,slow-changing,top_k_low,top_k_low,/movie/get_movie_info,movie,1,1,0.0,10,0.8194444444444444,0.85,42.4256669357419,0.8109020187775087,True,True,20260809,564
crag_task_1_and_2_dev_v5_q_37dcfab6eefa582e,crag_task_1_and_2_dev_v5_q_37dcfab6eefa582e,confirmatory_test,movie,set,slow-changing,greedy_regression_aware_search,greedy_regression_aware_search,/movie/get_movie_info,movie,1,1,0.0,10,0.8194444444444444,0.95,49.41307101398706,0.8098950313734304,True,True,20260809,564
crag_task_1_and_2_dev_v5_q_4ef096ff2d026117,crag_task_1_and_2_dev_v5_q_4ef096ff2d026117,confirmatory_test,movie,set,static,top_k_low,top_k_low,/movie/get_movie_info,movie,1,1,0.0,10,0.890625,0.85,39.50994554907084,0.882085490054451,True,True,20260809,565
crag_task_1_and_2_dev_v5_q_4ef096ff2d026117,crag_task_1_and_2_dev_v5_q_4ef096ff2d026117,confirmatory_test,movie,set,static,greedy_regression_aware_search,greedy_regression_aware_search,/movie/get_movie_info,movie,1,1,0.0,10,0.890625,0.95,46.36589717119932,0.8810786341028288,True,True,20260809,565
crag_task_1_and_2_dev_v5_q_8366bc168afb1e4d,crag_task_1_and_2_dev_v5_q_8366bc168afb1e4d,confirmatory_test,movie,set,slow-changing,top_k_low,top_k_low,/movie/get_movie_info,movie,1,1,0.0,10,0.8125,0.85,45.46153265982866,0.8039545384673402,True,True,20260809,566
crag_task_1_and_2_dev_v5_q_8366bc168afb1e4d,crag_task_1_and_2_dev_v5_q_8366bc168afb1e4d,confirmatory_test,movie,set,slow-changing,greedy_regression_aware_search,greedy_regression_aware_search,/movie/get_movie_info,movie,1,1,0.0,10,0.8125,0.95,49.70526695251465,0.8029502947330476,True,True,20260809,566
crag_task_1_and_2_dev_v5_q_9d796dbe7b16e7e0,crag_task_1_and_2_dev_v5_q_9d796dbe7b16e7e0,confirmatory_test,movie,set,static,top_k_low,top_k_low,/movie/get_movie_info,movie,1,1,0.0,10,0.75,0.85,35.80342326313257,0.7414641965767369,True,True,20260809,567
crag_task_1_and_2_dev_v5_q_9d796dbe7b16e7e0,crag_task_1_and_2_dev_v5_q_9d796dbe7b16e7e0,confirmatory_test,movie,set,static,greedy_regression_aware_search,greedy_regression_aware_search,/movie/get_movie_info,movie,1,1,0.0,10,0.75,0.95,42.96870809048414,0.7404570312919095,True,True,20260809,567
crag_task_1_and_2_dev_v5_q_ae62c01cb557db53,crag_task_1_and_2_dev_v5_q_ae62c01cb557db53,confirmatory_test,movie,set,slow-changing,top_k_low,top_k_low,/movie/get_movie_info,movie,1,1,0.0,10,0.7692307692307693,0.85,30.318278819322583,0.76070045095195,True,True,20260809,568
crag_task_1_and_2_dev_v5_q_ae62c01cb557db53,crag_task_1_and_2_dev_v5_q_ae62c01cb557db53,confirmatory_test,movie,set,slow-changing,greedy_regression_aware_search,greedy_regression_aware_search,/movie/get_movie_info,movie,1,1,0.0,10,0.7692307692307693,0.95,36.51975933462381,0.7596942494714347,True,True,20260809,568
crag_task_1_and_2_dev_v5_q_b8bee21baef6340a,crag_task_1_and_2_dev_v5_q_b8bee21baef6340a,confirmatory_test,movie,set,slow-changing,top_k_low,top_k_low,/movie/get_movie_info,movie,1,1,0.0,10,0.7941176470588235,0.85,37.40918077528477,0.7855802378780482,True,True,20260809,569
crag_task_1_and_2_dev_v5_q_b8bee21baef6340a,crag_task_1_and_2_dev_v5_q_b8bee21baef6340a,confirmatory_test,movie,set,slow-changing,greedy_regression_aware_search,greedy_regression_aware_search,/movie/get_movie_info,movie,1,1,0.0,10,0.7941176470588235,0.95,44.69324741512537,0.7845729538114085,True,True,20260809,569
crag_task_1_and_2_dev_v5_q_d51e19cc022e819d,crag_task_1_and_2_dev_v5_q_d51e19cc022e819d,confirmatory_test,movie,set,static,top_k_low,top_k_low,/movie/get_movie_info,movie,1,1,0.0,10,0.95,0.85,32.31335058808327,0.941467686649412,True,True,20260809,570
crag_task_1_and_2_dev_v5_q_d51e19cc022e819d,crag_task_1_and_2_dev_v5_q_d51e19cc022e819d,confirmatory_test,movie,set,static,greedy_regression_aware_search,greedy_regression_aware_search,/movie/get_movie_info,movie,1,1,0.0,10,0.95,0.95,38.50606922060251,0.9404614939307796,True,True,20260809,570
crag_task_1_and_2_dev_v5_q_db9d511ca659f415,crag_task_1_and_2_dev_v5_q_db9d511ca659f415,confirmatory_test,movie,set,slow-changing,top_k_low,top_k_low,/movie/get_movie_info,movie,1,1,0.0,10,0.7916666666666666,0.85,25.877141393721104,0.783140789525273,True,True,20260809,571
crag_task_1_and_2_dev_v5_q_db9d511ca659f415,crag_task_1_and_2_dev_v5_q_db9d511ca659f415,confirmatory_test,movie,set,slow-changing,greedy_regression_aware_search,greedy_regression_aware_search,/movie/get_movie_info,movie,1,1,0.0,10,0.7916666666666666,0.95,32.2826849296689,0.782134383981737,True,True,20260809,571
crag_task_1_and_2_dev_v5_q_ec3d4ca1c41b043b,crag_task_1_and_2_dev_v5_q_ec3d4ca1c41b043b,confirmatory_test,movie,set,static,top_k_low,top_k_low,/movie/get_movie_info,movie,1,1,0.0,10,0.7678571428571429,0.85,44.013386592268944,0.7593131294705506,True,True,20260809,572
crag_task_1_and_2_dev_v5_q_ec3d4ca1c41b043b,crag_task_1_and_2_dev_v5_q_ec3d4ca1c41b043b,confirmatory_test,movie,set,static,greedy_regression_aware_search,greedy_regression_aware_search,/movie/get_movie_info,movie,1,1,0.0,10,0.7678571428571429,0.95,41.85927100479603,0.7583152835861382,True,True,20260809,572
crag_task_1_and_2_dev_v5_q_00b121ab4aaf75a1,crag_task_1_and_2_dev_v5_q_00b121ab4aaf75a1,confirmatory_test,movie,simple,static,top_k_low,top_k_low,/movie/get_movie_info,movie,1,1,0.0,10,0.75,0.85,36.14295180886984,0.7414638570481912,True,True,20260809,573
crag_task_1_and_2_dev_v5_q_00b121ab4aaf75a1,crag_task_1_and_2_dev_v5_q_00b121ab4aaf75a1,confirmatory_test,movie,simple,static,greedy_regression_aware_search,greedy_regression_aware_search,/movie/get_movie_info,movie,1,1,0.0,10,0.75,0.95,44.81905046850443,0.7404551809495316,True,True,20260809,573
crag_task_1_and_2_dev_v5_q_028c054e6db920c2,crag_task_1_and_2_dev_v5_q_028c054e6db920c2,confirmatory_test,movie,simple,static,top_k_low,top_k_low,/movie/get_movie_info,movie,1,1,0.0,10,0.75,0.85,35.54722014814615,0.741464452779852,True,True,20260809,574
crag_task_1_and_2_dev_v5_q_028c054e6db920c2,crag_task_1_and_2_dev_v5_q_028c054e6db920c2,confirmatory_test,movie,simple,static,greedy_regression_aware_search,greedy_regression_aware_search,/movie/get_movie_info,movie,1,1,0.0,10,0.75,0.95,43.12950372695923,0.7404568704962731,True,True,20260809,574
crag_task_1_and_2_dev_v5_q_05fbff0ec410a019,crag_task_1_and_2_dev_v5_q_05fbff0ec410a019,confirmatory_test,movie,simple,static,top_k_low,top_k_low,/movie/get_movie_info,movie,1,1,0.0,10,0.75,0.85,34.41446740180254,0.7414655855325982,True,True,20260809,575
crag_task_1_and_2_dev_v5_q_05fbff0ec410a019,crag_task_1_and_2_dev_v5_q_05fbff0ec410a019,confirmatory_test,movie,simple,static,greedy_regression_aware_search,greedy_regression_aware_search,/movie/get_movie_info,movie,1,1,0.0,10,0.75,0.95,39.68991059809923,0.7404603100894019,True,True,20260809,575
crag_task_1_and_2_dev_v5_q_06841883225b7886,crag_task_1_and_2_dev_v5_q_06841883225b7886,confirmatory_test,movie,simple,static,top_k_low,top_k_low,/movie/get_movie_info,movie,1,1,0.0,10,0.75,0.85,37.78869099915028,0.7414622113090009,True,True,20260809,576
crag_task_1_and_2_dev_v5_q_06841883225b7886,crag_task_1_and_2_dev_v5_q_06841883225b7886,confirmatory_test,movie,simple,static,greedy_regression_aware_search,greedy_regression_aware_search,/movie/get_movie_info,movie,1,1,0.0,10,0.75,0.95,43.57416555285454,0.7404564258344472,True,True,20260809,576
crag_task_1_and_2_dev_v5_q_0724ab22d9bf9e69,crag_task_1_and_2_dev_v5_q_0724ab22d9bf9e69,confirmatory_test,movie,simple,static,top_k_low,top_k_low,/movie/get_movie_info,movie,1,1,0.0,10,0.75,0.85,29.83521856367588,0.7414701647814363,True,True,20260809,577
crag_task_1_and_2_dev_v5_q_0724ab22d9bf9e69,crag_task_1_and_2_dev_v5_q_0724ab22d9bf9e69,confirmatory_test,movie,simple,static,greedy_regression_aware_search,greedy_regression_aware_search,/movie/get_movie_info,movie,1,1,0.0,10,0.75,0.95,37.30640187859535,0.7404626935981214,True,True,20260809,577
crag_task_1_and_2_dev_v5_q_09068d746919127b,crag_task_1_and_2_dev_v5_q_09068d746919127b,confirmatory_test,movie,simple,static,top_k_low,top_k_low,/movie/get_movie_info,movie,1,1,0.0,10,0.75,0.85,35.91110743582249,0.7414640888925642,True,True,20260809,578
crag_task_1_and_2_dev_v5_q_09068d746919127b,crag_task_1_and_2_dev_v5_q_09068d746919127b,confirmatory_test,movie,simple,static,greedy_regression_aware_search,greedy_regression_aware_search,/movie/get_movie_info,movie,1,1,0.0,10,0.75,0.95,43.238690122962,0.740456761309877,True,True,20260809,578
crag_task_1_and_2_dev_v5_q_115c73b2f4dfb8cb,crag_task_1_and_2_dev_v5_q_115c73b2f4dfb8cb,confirmatory_test,movie,simple,static,top_k_low,top_k_low,/movie/get_movie_info,movie,1,1,0.0,10,0.75,0.85,34.99412443488836,0.7414650058755652,True,True,20260809,579
crag_task_1_and_2_dev_v5_q_115c73b2f4dfb8cb,crag_task_1_and_2_dev_v5_q_115c73b2f4dfb8cb,confirmatory_test,movie,simple,static,greedy_regression_aware_search,greedy_regression_aware_search,/movie/get_movie_info,movie,1,1,0.0,10,0.75,0.95,42.70877130329609,0.7404572912286967,True,True,20260809,579
crag_task_1_and_2_dev_v5_q_1265575a388fbf23,crag_task_1_and_2_dev_v5_q_1265575a388fbf23,confirmatory_test,movie,simple,static,top_k_low,top_k_low,/movie/get_movie_info,movie,1,1,0.0,10,0.875,0.85,36.85056418180466,0.8664631494358183,True,True,20260809,580
crag_task_1_and_2_dev_v5_q_1265575a388fbf23,crag_task_1_and_2_dev_v5_q_1265575a388fbf23,confirmatory_test,movie,simple,static,greedy_regression_aware_search,greedy_regression_aware_search,/movie/get_movie_info,movie,1,1,0.0,10,0.875,0.95,45.79499363899231,0.865454205006361,True,True,20260809,580
crag_task_1_and_2_dev_v5_q_1299317ed50bdaaf,crag_task_1_and_2_dev_v5_q_1299317ed50bdaaf,confirmatory_test,movie,simple,static,top_k_low,top_k_low,/movie/get_movie_info,movie,1,1,0.0,10,0.875,0.85,38.0680076777935,0.8664619319923222,True,True,20260809,581
crag_task_1_and_2_dev_v5_q_1299317ed50bdaaf,crag_task_1_and_2_dev_v5_q_1299317ed50bdaaf,confirmatory_test,movie,simple,static,greedy_regression_aware_search,greedy_regression_aware_search,/movie/get_movie_info,movie,1,1,0.0,10,0.875,0.95,44.18384842574597,0.8654558161515743,True,True,20260809,581
crag_task_1_and_2_dev_v5_q_19628073efc810f8,crag_task_1_and_2_dev_v5_q_19628073efc810f8,confirmatory_test,movie,simple,static,top_k_low,top_k_low,/movie/get_movie_info,movie,1,1,0.0,10,0.875,0.85,38.06128818541765,0.8664619387118146,True,True,20260809,582
crag_task_1_and_2_dev_v5_q_19628073efc810f8,crag_task_1_and_2_dev_v5_q_19628073efc810f8,confirmatory_test,movie,simple,static,greedy_regression_aware_search,greedy_regression_aware_search,/movie/get_movie_info,movie,1,1,0.0,10,0.875,0.95,46.21303267776966,0.8654537869673222,True,True,20260809,582
crag_task_1_and_2_dev_v5_q_1a5a4609b16603f7,crag_task_1_and_2_dev_v5_q_1a5a4609b16603f7,confirmatory_test,movie,simple,static,top_k_low,top_k_low,/movie/get_movie_info,movie,1,1,0.0,10,0.75,0.85,36.53953969478607,0.7414634604603053,True,True,20260809,583
crag_task_1_and_2_dev_v5_q_1a5a4609b16603f7,crag_task_1_and_2_dev_v5_q_1a5a4609b16603f7,confirmatory_test,movie,simple,static,greedy_regression_aware_search,greedy_regression_aware_search,/movie/get_movie_info,movie,1,1,0.0,10,0.75,0.95,45.25040928274393,0.7404547495907173,True,True,20260809,583
crag_task_1_and_2_dev_v5_q_1b0d20089d20716f,crag_task_1_and_2_dev_v5_q_1b0d20089d20716f,confirmatory_test,movie,simple,static,top_k_low,top_k_low,/movie/get_movie_info,movie,1,1,0.0,10,0.875,0.85,38.554953411221504,0.8664614450465888,True,True,20260809,584
crag_task_1_and_2_dev_v5_q_1b0d20089d20716f,crag_task_1_and_2_dev_v5_q_1b0d20089d20716f,confirmatory_test,movie,simple,static,greedy_regression_aware_search,greedy_regression_aware_search,/movie/get_movie_info,movie,1,1,0.0,10,0.875,0.95,45.84579076617956,0.8654541542092339,True,True,20260809,584
crag_task_1_and_2_dev_v5_q_1b1d6873df02f9de,crag_task_1_and_2_dev_v5_q_1b1d6873df02f9de,confirmatory_test,movie,simple,static,top_k_low,top_k_low,/movie/get_movie_info,movie,1,1,0.0,10,0.75,0.85,37.18429617583752,0.7414628157038242,True,True,20260809,585
crag_task_1_and_2_dev_v5_q_1b1d6873df02f9de,crag_task_1_and_2_dev_v5_q_1b1d6873df02f9de,confirmatory_test,movie,simple,static,greedy_regression_aware_search,greedy_regression_aware_search,/movie/get_movie_info,movie,1,1,0.0,10,0.75,0.95,44.37533114105463,0.740455624668859,True,True,20260809,585
crag_task_1_and_2_dev_v5_q_1b78d1a605de60ea,crag_task_1_and_2_dev_v5_q_1b78d1a605de60ea,confirmatory_test,movie,simple,static,top_k_low,top_k_low,/movie/get_movie_info,movie,1,1,0.0,10,1.0,0.85,37.24632132798433,0.991462753678672,True,True,20260809,586
crag_task_1_and_2_dev_v5_q_1b78d1a605de60ea,crag_task_1_and_2_dev_v5_q_1b78d1a605de60ea,confirmatory_test,movie,simple,static,greedy_regression_aware_search,greedy_regression_aware_search,/movie/get_movie_info,movie,1,1,0.0,10,1.0,0.95,45.95694225281477,0.9904540430577472,True,True,20260809,586
crag_task_1_and_2_dev_v5_q_1be9cdf8dd774372,crag_task_1_and_2_dev_v5_q_1be9cdf8dd774372,confirmatory_test,movie,simple,static,top_k_low,top_k_low,/movie/get_movie_info,movie,1,1,0.0,10,0.75,0.85,35.55249888449907,0.7414644475011155,True,True,20260809,587
crag_task_1_and_2_dev_v5_q_1be9cdf8dd774372,crag_task_1_and_2_dev_v5_q_1be9cdf8dd774372,confirmatory_test,movie,simple,static,greedy_regression_aware_search,greedy_regression_aware_search,/movie/get_movie_info,movie,1,1,0.0,10,0.75,0.95,43.27685013413429,0.7404567231498659,True,True,20260809,587
crag_task_1_and_2_dev_v5_q_1c8118d9727606c7,crag_task_1_and_2_dev_v5_q_1c8118d9727606c7,confirmatory_test,movie,simple,static,top_k_low,top_k_low,/movie/get_movie_info,movie,1,1,0.0,10,0.95,0.85,29.8993568867445,0.9414701006431132,True,True,20260809,588
crag_task_1_and_2_dev_v5_q_1c8118d9727606c7,crag_task_1_and_2_dev_v5_q_1c8118d9727606c7,confirmatory_test,movie,simple,static,greedy_regression_aware_search,greedy_regression_aware_search,/movie/get_movie_info,movie,1,1,0.0,10,0.95,0.95,36.80957295000553,0.94046319042705,True,True,20260809,588
crag_task_1_and_2_dev_v5_q_1eec06d5395b85ca,crag_task_1_and_2_dev_v5_q_1eec06d5395b85ca,confirmatory_test,movie,simple,static,top_k_low,top_k_low,/movie/get_movie_info,movie,1,1,0.0,10,0.75,0.85,40.23377317935228,0.7414597662268207,True,True,20260809,589
crag_task_1_and_2_dev_v5_q_1eec06d5395b85ca,crag_task_1_and_2_dev_v5_q_1eec06d5395b85ca,confirmatory_test,movie,simple,static,greedy_regression_aware_search,greedy_regression_aware_search,/movie/get_movie_info,movie,1,1,0.0,10,0.75,0.95,48.02393447607756,0.7404519760655239,True,True,20260809,589
crag_task_1_and_2_dev_v5_q_1f7d1168bb53bfeb,crag_task_1_and_2_dev_v5_q_1f7d1168bb53bfeb,confirmatory_test,movie,simple,static,top_k_low,top_k_low,/movie/get_movie_info,movie,1,1,0.0,10,0.75,0.85,34.76607520133257,0.7414652339247987,True,True,20260809,590
crag_task_1_and_2_dev_v5_q_1f7d1168bb53bfeb,crag_task_1_and_2_dev_v5_q_1f7d1168bb53bfeb,confirmatory_test,movie,simple,static,greedy_regression_aware_search,greedy_regression_aware_search,/movie/get_movie_info,movie,1,1,0.0,10,0.75,0.95,41.64644330739975,0.7404583535566926,True,True,20260809,590
crag_task_1_and_2_dev_v5_q_217256bcc3a2bb24,crag_task_1_and_2_dev_v5_q_217256bcc3a2bb24,confirmatory_test,movie,simple,static,top_k_low,top_k_low,/movie/get_movie_info,movie,1,1,0.0,10,0.75,0.85,31.26539848744869,0.7414687346015126,True,True,20260809,591
crag_task_1_and_2_dev_v5_q_217256bcc3a2bb24,crag_task_1_and_2_dev_v5_q_217256bcc3a2bb24,confirmatory_test,movie,simple,static,greedy_regression_aware_search,greedy_regression_aware_search,/movie/get_movie_info,movie,1,1,0.0,10,0.75,0.95,38.53167872875929,0.7404614683212712,True,True,20260809,591
crag_task_1_and_2_dev_v5_q_218ae1b1996dcab8,crag_task_1_and_2_dev_v5_q_218ae1b1996dcab8,confirmatory_test,movie,simple,static,top_k_low,top_k_low,/movie/get_movie_info,movie,1,1,0.0,10,0.75,0.85,35.07809340953827,0.7414649219065905,True,True,20260809,592
crag_task_1_and_2_dev_v5_q_218ae1b1996dcab8,crag_task_1_and_2_dev_v5_q_218ae1b1996dcab8,confirmatory_test,movie,simple,static,greedy_regression_aware_search,greedy_regression_aware_search,/movie/get_movie_info,movie,1,1,0.0,10,0.75,0.95,42.30776708573103,0.7404576922329144,True,True,20260809,592
crag_task_1_and_2_dev_v5_q_21f1f21edfeab42a,crag_task_1_and_2_dev_v5_q_21f1f21edfeab42a,confirmatory_test,movie,simple,static,top_k_low,top_k_low,/movie/get_movie_info,movie,1,1,0.0,10,0.75,0.85,38.99868298321962,0.7414610013170169,True,True,20260809,593
crag_task_1_and_2_dev_v5_q_21f1f21edfeab42a,crag_task_1_and_2_dev_v5_q_21f1f21edfeab42a,confirmatory_test,movie,simple,static,greedy_regression_aware_search,greedy_regression_aware_search,/movie/get_movie_info,movie,1,1,0.0,10,0.75,0.95,46.09045572578907,0.7404539095442743,True,True,20260809,593
crag_task_1_and_2_dev_v5_q_2427ca7e234e13cb,crag_task_1_and_2_dev_v5_q_2427ca7e234e13cb,confirmatory_test,movie,simple,static,top_k_low,top_k_low,/movie/get_movie_info,movie,1,1,0.0,10,0.75,0.85,35.87411064654589,0.7414641258893535,True,True,20260809,594
crag_task_1_and_2_dev_v5_q_2427ca7e234e13cb,crag_task_1_and_2_dev_v5_q_2427ca7e234e13cb,confirmatory_test,movie,simple,static,greedy_regression_aware_search,greedy_regression_aware_search,/movie/get_movie_info,movie,1,1,0.0,10,0.75,0.95,44.65627111494541,0.7404553437288851,True,True,20260809,594
crag_task_1_and_2_dev_v5_q_25406c2ca5d00291,crag_task_1_and_2_dev_v5_q_25406c2ca5d00291,confirmatory_test,movie,simple,static,top_k_low,top_k_low,/movie/get_movie_info,movie,1,1,0.0,10,0.75,0.85,36.45430877804756,0.741463545691222,True,True,20260809,595
crag_task_1_and_2_dev_v5_q_25406c2ca5d00291,crag_task_1_and_2_dev_v5_q_25406c2ca5d00291,confirmatory_test,movie,simple,static,greedy_regression_aware_search,greedy_regression_aware_search,/movie/get_movie_info,movie,1,1,0.0,10,0.75,0.95,44.69910636544228,0.7404553008936346,True,True,20260809,595
crag_task_1_and_2_dev_v5_q_260353cc37245787,crag_task_1_and_2_dev_v5_q_260353cc37245787,confirmatory_test,movie,simple,static,top_k_low,top_k_low,/movie/get_movie_info,movie,1,1,0.0,10,0.85,0.85,36.39908414334059,0.8414636009158567,True,True,20260809,596
crag_task_1_and_2_dev_v5_q_260353cc37245787,crag_task_1_and_2_dev_v5_q_260353cc37245787,confirmatory_test,movie,simple,static,greedy_regression_aware_search,greedy_regression_aware_search,/movie/get_movie_info,movie,1,1,0.0,10,0.85,0.95,42.270549573004246,0.8404577294504271,True,True,20260809,596
crag_task_1_and_2_dev_v5_q_26d4db526c8c864e,crag_task_1_and_2_dev_v5_q_26d4db526c8c864e,confirmatory_test,movie,simple,static,top_k_low,top_k_low,/movie/get_movie_info,movie,1,1,0.0,10,0.75,0.85,36.29607707262039,0.7414637039229274,True,True,20260809,597
crag_task_1_and_2_dev_v5_q_26d4db526c8c864e,crag_task_1_and_2_dev_v5_q_26d4db526c8c864e,confirmatory_test,movie,simple,static,greedy_regression_aware_search,greedy_regression_aware_search,/movie/get_movie_info,movie,1,1,0.0,10,0.75,0.95,43.72563585639,0.7404562743641436,True,True,20260809,597
crag_task_1_and_2_dev_v5_q_26e2cc71713e2e98,crag_task_1_and_2_dev_v5_q_26e2cc71713e2e98,confirmatory_test,movie,simple,static,top_k_low,top_k_low,/movie/get_movie_info,movie,1,1,0.0,10,0.875,0.85,40.14456644654274,0.8664598554335535,True,True,20260809,598
crag_task_1_and_2_dev_v5_q_26e2cc71713e2e98,crag_task_1_and_2_dev_v5_q_26e2cc71713e2e98,confirmatory_test,movie,simple,static,greedy_regression_aware_search,greedy_regression_aware_search,/movie/get_movie_info,movie,1,1,0.0,10,0.875,0.95,45.74491735547781,0.8654542550826446,True,True,20260809,598
crag_task_1_and_2_dev_v5_q_2834f4d384f61866,crag_task_1_and_2_dev_v5_q_2834f4d384f61866,confirmatory_test,movie,simple,static,top_k_low,top_k_low,/movie/get_movie_info,movie,1,1,0.0,10,0.75,0.85,38.913813419640064,0.7414610861865804,True,True,20260809,599
crag_task_1_and_2_dev_v5_q_2834f4d384f61866,crag_task_1_and_2_dev_v5_q_2834f4d384f61866,confirmatory_test,movie,simple,static,greedy_regression_aware_search,greedy_regression_aware_search,/movie/get_movie_info,movie,1,1,0.0,10,0.75,0.95,48.07773698121309,0.7404519222630188,True,True,20260809,599
crag_task_1_and_2_dev_v5_q_312c1d007b4852fb,crag_task_1_and_2_dev_v5_q_312c1d007b4852fb,confirmatory_test,movie,simple,static,top_k_low,top_k_low,/movie/get_movie_info,movie,1,1,0.0,10,0.75,0.85,37.379744462668896,0.7414626202555373,True,True,20260809,600
crag_task_1_and_2_dev_v5_q_312c1d007b4852fb,crag_task_1_and_2_dev_v5_q_312c1d007b4852fb,confirmatory_test,movie,simple,static,greedy_regression_aware_search,greedy_regression_aware_search,/movie/get_movie_info,movie,1,1,0.0,10,0.75,0.95,44.05658319592476,0.7404559434168041,True,True,20260809,600
crag_task_1_and_2_dev_v5_q_321010aeead302e9,crag_task_1_and_2_dev_v5_q_321010aeead302e9,confirmatory_test,movie,simple,static,top_k_low,top_k_low,/movie/get_movie_info,movie,1,1,0.0,10,0.7916666666666666,0.85,34.91088654845953,0.7831317557801182,True,True,20260809,601
crag_task_1_and_2_dev_v5_q_321010aeead302e9,crag_task_1_and_2_dev_v5_q_321010aeead302e9,confirmatory_test,movie,simple,static,greedy_regression_aware_search,greedy_regression_aware_search,/movie/get_movie_info,movie,1,1,0.0,10,0.7916666666666666,0.95,42.814161628484726,0.7821238525050382,True,True,20260809,601
crag_task_1_and_2_dev_v5_q_37120156aea22dd4,crag_task_1_and_2_dev_v5_q_37120156aea22dd4,confirmatory_test,movie,simple,static,top_k_low,top_k_low,/movie/get_movie_info,movie,1,1,0.0,10,0.75,0.85,37.62490954250097,0.7414623750904575,True,True,20260809,602
crag_task_1_and_2_dev_v5_q_37120156aea22dd4,crag_task_1_and_2_dev_v5_q_37120156aea22dd4,confirmatory_test,movie,simple,static,greedy_regression_aware_search,greedy_regression_aware_search,/movie/get_movie_info,movie,1,1,0.0,10,0.75,0.95,44.60733663290739,0.7404553926633671,True,True,20260809,602
crag_task_1_and_2_dev_v5_q_378453545c9d4d52,crag_task_1_and_2_dev_v5_q_378453545c9d4d52,confirmatory_test,movie,simple,static,top_k_low,top_k_low,/movie/get_movie_info,movie,1,1,0.0,10,0.75,0.85,36.83627303689718,0.7414631637269632,True,True,20260809,603
crag_task_1_and_2_dev_v5_q_378453545c9d4d52,crag_task_1_and_2_dev_v5_q_378453545c9d4d52,confirmatory_test,movie,simple,static,greedy_regression_aware_search,greedy_regression_aware_search,/movie/get_movie_info,movie,1,1,0.0,10,0.75,0.95,45.86264677345753,0.7404541373532266,True,True,20260809,603
crag_task_1_and_2_dev_v5_q_3794d1762d2b84a2,crag_task_1_and_2_dev_v5_q_3794d1762d2b84a2,confirmatory_test,movie,simple,static,top_k_low,top_k_low,/movie/get_movie_info,movie,1,1,0.0,10,0.75,0.85,35.50740052014589,0.7414644925994799,True,True,20260809,604
crag_task_1_and_2_dev_v5_q_3794d1762d2b84a2,crag_task_1_and_2_dev_v5_q_3794d1762d2b84a2,confirmatory_test,movie,simple,static,greedy_regression_aware_search,greedy_regression_aware_search,/movie/get_movie_info,movie,1,1,0.0,10,0.75,0.95,43.24719402939081,0.7404567528059707,True,True,20260809,604
crag_task_1_and_2_dev_v5_q_38d55d83300cafed,crag_task_1_and_2_dev_v5_q_38d55d83300cafed,confirmatory_test,movie,simple,static,top_k_low,top_k_low,/movie/get_movie_info,movie,1,1,0.0,10,0.75,0.85,36.84013057500124,0.741463159869425,True,True,20260809,605
crag_task_1_and_2_dev_v5_q_38d55d83300cafed,crag_task_1_and_2_dev_v5_q_38d55d83300cafed,confirmatory_test,movie,simple,static,greedy_regression_aware_search,greedy_regression_aware_search,/movie/get_movie_info,movie,1,1,0.0,10,0.75,0.95,43.733579106628895,0.7404562664208935,True,True,20260809,605
crag_task_1_and_2_dev_v5_q_38edab481a139d05,crag_task_1_and_2_dev_v5_q_38edab481a139d05,confirmatory_test,movie,simple,static,top_k_low,top_k_low,/movie/get_movie_info,movie,1,1,0.0,10,0.75,0.85,37.20444720238447,0.7414627955527977,True,True,20260809,606
crag_task_1_and_2_dev_v5_q_38edab481a139d05,crag_task_1_and_2_dev_v5_q_38edab481a139d05,confirmatory_test,movie,simple,static,greedy_regression_aware_search,greedy_regression_aware_search,/movie/get_movie_info,movie,1,1,0.0,10,0.75,0.95,44.01944670826197,0.7404559805532918,True,True,20260809,606
crag_task_1_and_2_dev_v5_q_3963063040b22910,crag_task_1_and_2_dev_v5_q_3963063040b22910,confirmatory_test,movie,simple,static,top_k_low,top_k_low,/movie/get_movie_info,movie,1,1,0.0,10,0.75,0.85,35.86232289671898,0.7414641376771033,True,True,20260809,607
crag_task_1_and_2_dev_v5_q_3963063040b22910,crag_task_1_and_2_dev_v5_q_3963063040b22910,confirmatory_test,movie,simple,static,greedy_regression_aware_search,greedy_regression_aware_search,/movie/get_movie_info,movie,1,1,0.0,10,0.75,0.95,43.687378987669945,0.7404563126210124,True,True,20260809,607
crag_task_1_and_2_dev_v5_q_3b36343dfc5c3286,crag_task_1_and_2_dev_v5_q_3b36343dfc5c3286,confirmatory_test,movie,simple,static,top_k_low,top_k_low,/movie/get_movie_info,movie,1,1,0.0,10,0.75,0.85,38.444303907454014,0.7414615556960926,True,True,20260809,608
crag_task_1_and_2_dev_v5_q_3b36343dfc5c3286,crag_task_1_and_2_dev_v5_q_3b36343dfc5c3286,confirmatory_test,movie,simple,static,greedy_regression_aware_search,greedy_regression_aware_search,/movie/get_movie_info,movie,1,1,0.0,10,0.75,0.95,47.29079268872738,0.7404527092073113,True,True,20260809,608
crag_task_1_and_2_dev_v5_q_3d10fcc269cdcb43,crag_task_1_and_2_dev_v5_q_3d10fcc269cdcb43,confirmatory_test,movie,simple,static,top_k_low,top_k_low,/movie/get_movie_info,movie,1,1,0.0,10,0.875,0.85,36.80335264652968,0.8664631966473535,True,True,20260809,609
crag_task_1_and_2_dev_v5_q_3d10fcc269cdcb43,crag_task_1_and_2_dev_v5_q_3d10fcc269cdcb43,confirmatory_test,movie,simple,static,greedy_regression_aware_search,greedy_regression_aware_search,/movie/get_movie_info,movie,1,1,0.0,10,0.875,0.95,42.944432236254215,0.8654570555677638,True,True,20260809,609
crag_task_1_and_2_dev_v5_q_3ed26963b5f92228,crag_task_1_and_2_dev_v5_q_3ed26963b5f92228,confirmatory_test,movie,simple,static,top_k_low,top_k_low,/movie/get_movie_info,movie,1,1,0.0,10,0.75,0.85,37.99578826874495,0.7414620042117313,True,True,20260809,610
crag_task_1_and_2_dev_v5_q_3ed26963b5f92228,crag_task_1_and_2_dev_v5_q_3ed26963b5f92228,confirmatory_test,movie,simple,static,greedy_regression_aware_search,greedy_regression_aware_search,/movie/get_movie_info,movie,1,1,0.0,10,0.75,0.95,45.83764914423227,0.7404541623508558,True,True,20260809,610
crag_task_1_and_2_dev_v5_q_41249ab650cf5476,crag_task_1_and_2_dev_v5_q_41249ab650cf5476,confirmatory_test,movie,simple,static,top_k_low,top_k_low,/movie/get_movie_info,movie,1,1,0.0,10,0.75,0.85,39.05894514173269,0.7414609410548583,True,True,20260809,611
crag_task_1_and_2_dev_v5_q_41249ab650cf5476,crag_task_1_and_2_dev_v5_q_41249ab650cf5476,confirmatory_test,movie,simple,static,greedy_regression_aware_search,greedy_regression_aware_search,/movie/get_movie_info,movie,1,1,0.0,10,0.75,0.95,46.94176930934191,0.7404530582306907,True,True,20260809,611
crag_task_1_and_2_dev_v5_q_41a04b701eeabc55,crag_task_1_and_2_dev_v5_q_41a04b701eeabc55,confirmatory_test,movie,simple,static,top_k_low,top_k_low,/movie/get_movie_info,movie,1,1,0.0,10,0.875,0.85,38.40604517608881,0.8664615939548239,True,True,20260809,612
crag_task_1_and_2_dev_v5_q_41a04b701eeabc55,crag_task_1_and_2_dev_v5_q_41a04b701eeabc55,confirmatory_test,movie,simple,static,greedy_regression_aware_search,greedy_regression_aware_search,/movie/get_movie_info,movie,1,1,0.0,10,0.875,0.95,44.73352897912264,0.8654552664710209,True,True,20260809,612
crag_task_1_and_2_dev_v5_q_452e67d5c7b4a98e,crag_task_1_and_2_dev_v5_q_452e67d5c7b4a98e,confirmatory_test,movie,simple,static,top_k_low,top_k_low,/movie/get_movie_info,movie,1,1,0.0,10,0.75,0.85,34.61072780191898,0.7414653892721982,True,True,20260809,613
crag_task_1_and_2_dev_v5_q_452e67d5c7b4a98e,crag_task_1_and_2_dev_v5_q_452e67d5c7b4a98e,confirmatory_test,movie,simple,static,greedy_regression_aware_search,greedy_regression_aware_search,/movie/get_movie_info,movie,1,1,0.0,10,0.75,0.95,40.38730822503567,0.740459612691775,True,True,20260809,613
crag_task_1_and_2_dev_v5_q_456b46670a49d869,crag_task_1_and_2_dev_v5_q_456b46670a49d869,confirmatory_test,movie,simple,static,top_k_low,top_k_low,/movie/get_movie_info,movie,1,1,0.0,10,0.75,0.85,37.41265553981066,0.7414625873444602,True,True,20260809,614
crag_task_1_and_2_dev_v5_q_456b46670a49d869,crag_task_1_and_2_dev_v5_q_456b46670a49d869,confirmatory_test,movie,simple,static,greedy_regression_aware_search,greedy_regression_aware_search,/movie/get_movie_info,movie,1,1,0.0,10,0.75,0.95,44.08934433013201,0.74045591065567,True,True,20260809,614
crag_task_1_and_2_dev_v5_q_45b2c3237481436c,crag_task_1_and_2_dev_v5_q_45b2c3237481436c,confirmatory_test,movie,simple,static,top_k_low,top_k_low,/movie/get_movie_info,movie,1,1,0.0,10,0.75,0.85,37.352483719587326,0.7414626475162804,True,True,20260809,615
crag_task_1_and_2_dev_v5_q_45b2c3237481436c,crag_task_1_and_2_dev_v5_q_45b2c3237481436c,confirmatory_test,movie,simple,static,greedy_regression_aware_search,greedy_regression_aware_search,/movie/get_movie_info,movie,1,1,0.0,10,0.75,0.95,43.762654066085815,0.7404562373459339,True,True,20260809,615
crag_task_1_and_2_dev_v5_q_4dab75f6b219b4b5,crag_task_1_and_2_dev_v5_q_4dab75f6b219b4b5,confirmatory_test,movie,simple,static,top_k_low,top_k_low,/movie/get_movie_info,movie,1,1,0.0,10,0.75,0.85,39.48233369737864,0.7414605176663027,True,True,20260809,616
crag_task_1_and_2_dev_v5_q_4dab75f6b219b4b5,crag_task_1_and_2_dev_v5_q_4dab75f6b219b4b5,confirmatory_test,movie,simple,static,greedy_regression_aware_search,greedy_regression_aware_search,/movie/get_movie_info,movie,1,1,0.0,10,0.75,0.95,47.82973788678646,0.7404521702621133,True,True,20260809,616
crag_task_1_and_2_dev_v5_q_4e25291494f437a0,crag_task_1_and_2_dev_v5_q_4e25291494f437a0,confirmatory_test,movie,simple,static,top_k_low,top_k_low,/movie/get_movie_info,movie,1,1,0.0,10,0.75,0.85,39.220803417265415,0.7414607791965828,True,True,20260809,617
crag_task_1_and_2_dev_v5_q_4e25291494f437a0,crag_task_1_and_2_dev_v5_q_4e25291494f437a0,confirmatory_test,movie,simple,static,greedy_regression_aware_search,greedy_regression_aware_search,/movie/get_movie_info,movie,1,1,0.0,10,0.75,0.95,45.31737230718136,0.7404546826276929,True,True,20260809,617
crag_task_1_and_2_dev_v5_q_53453fce871e94a2,crag_task_1_and_2_dev_v5_q_53453fce871e94a2,confirmatory_test,movie,simple,static,top_k_low,top_k_low,/movie/get_movie_info,movie,1,1,0.0,10,0.75,0.85,31.86962194740772,0.7414681303780526,True,True,20260809,618
crag_task_1_and_2_dev_v5_q_53453fce871e94a2,crag_task_1_and_2_dev_v5_q_53453fce871e94a2,confirmatory_test,movie,simple,static,greedy_regression_aware_search,greedy_regression_aware_search,/movie/get_movie_info,movie,1,1,0.0,10,0.75,0.95,37.469894625246525,0.7404625301053748,True,True,20260809,618
crag_task_1_and_2_dev_v5_q_5389f2a75f7c3a07,crag_task_1_and_2_dev_v5_q_5389f2a75f7c3a07,confirmatory_test,movie,simple,static,top_k_low,top_k_low,/movie/get_movie_info,movie,1,1,0.0,10,0.75,0.85,36.62898577749729,0.7414633710142225,True,True,20260809,619
crag_task_1_and_2_dev_v5_q_5389f2a75f7c3a07,crag_task_1_and_2_dev_v5_q_5389f2a75f7c3a07,confirmatory_test,movie,simple,static,greedy_regression_aware_search,greedy_regression_aware_search,/movie/get_movie_info,movie,1,1,0.0,10,0.75,0.95,43.99308655411005,0.7404560069134459,True,True,20260809,619
crag_task_1_and_2_dev_v5_q_5452bd726ebe27f5,crag_task_1_and_2_dev_v5_q_5452bd726ebe27f5,confirmatory_test,movie,simple,static,top_k_low,top_k_low,/movie/get_movie_info,movie,1,1,0.0,10,0.75,0.85,37.67207358032465,0.7414623279264198,True,True,20260809,620
crag_task_1_and_2_dev_v5_q_5452bd726ebe27f5,crag_task_1_and_2_dev_v5_q_5452bd726ebe27f5,confirmatory_test,movie,simple,static,greedy_regression_aware_search,greedy_regression_aware_search,/movie/get_movie_info,movie,1,1,0.0,10,0.75,0.95,45.04998400807381,0.7404549500159919,True,True,20260809,620
crag_task_1_and_2_dev_v5_q_54b38562511a4de1,crag_task_1_and_2_dev_v5_q_54b38562511a4de1,confirmatory_test,movie,simple,static,top_k_low,top_k_low,/movie/get_movie_info,movie,1,1,0.0,10,0.75,0.85,37.9797937348485,0.7414620202062652,True,True,20260809,621
crag_task_1_and_2_dev_v5_q_54b38562511a4de1,crag_task_1_and_2_dev_v5_q_54b38562511a4de1,confirmatory_test,movie,simple,static,greedy_regression_aware_search,greedy_regression_aware_search,/movie/get_movie_info,movie,1,1,0.0,10,0.75,0.95,45.5078249797225,0.7404544921750204,True,True,20260809,621
crag_task_1_and_2_dev_v5_q_559568e28e3e7cf4,crag_task_1_and_2_dev_v5_q_559568e28e3e7cf4,confirmatory_test,movie,simple,static,top_k_low,top_k_low,/movie/get_movie_info,movie,1,1,0.0,10,0.75,0.85,35.65701935440302,0.7414643429806457,True,True,20260809,622
crag_task_1_and_2_dev_v5_q_559568e28e3e7cf4,crag_task_1_and_2_dev_v5_q_559568e28e3e7cf4,confirmatory_test,movie,simple,static,greedy_regression_aware_search,greedy_regression_aware_search,/movie/get_movie_info,movie,1,1,0.0,10,0.75,0.95,44.09793764352799,0.7404559020623566,True,True,20260809,622
crag_task_1_and_2_dev_v5_q_5717fdefeab7bcd3,crag_task_1_and_2_dev_v5_q_5717fdefeab7bcd3,confirmatory_test,movie,simple,static,top_k_low,top_k_low,/movie/get_movie_info,movie,1,1,0.0,10,0.75,0.85,35.47385893762112,0.7414645261410624,True,True,20260809,623
crag_task_1_and_2_dev_v5_q_5717fdefeab7bcd3,crag_task_1_and_2_dev_v5_q_5717fdefeab7bcd3,confirmatory_test,movie,simple,static,greedy_regression_aware_search,greedy_regression_aware_search,/movie/get_movie_info,movie,1,1,0.0,10,0.75,0.95,44.02772057801485,0.7404559722794221,True,True,20260809,623
crag_task_1_and_2_dev_v5_q_577307f737e81185,crag_task_1_and_2_dev_v5_q_577307f737e81185,confirmatory_test,movie,simple,static,top_k_low,top_k_low,/movie/get_movie_info,movie,1,1,0.0,10,0.75,0.85,37.46933303773403,0.7414625306669623,True,True,20260809,624
crag_task_1_and_2_dev_v5_q_577307f737e81185,crag_task_1_and_2_dev_v5_q_577307f737e81185,confirmatory_test,movie,simple,static,greedy_regression_aware_search,greedy_regression_aware_search,/movie/get_movie_info,movie,1,1,0.0,10,0.75,0.95,43.93182322382927,0.7404560681767762,True,True,20260809,624
crag_task_1_and_2_dev_v5_q_5b8acd05b05f21dd,crag_task_1_and_2_dev_v5_q_5b8acd05b05f21dd,confirmatory_test,movie,simple,slow-changing,top_k_low,top_k_low,/movie/get_movie_info,movie,1,1,0.0,10,0.8125,0.85,37.68432233482599,0.8039623156776652,True,True,20260809,625
crag_task_1_and_2_dev_v5_q_5b8acd05b05f21dd,crag_task_1_and_2_dev_v5_q_5b8acd05b05f21dd,confirmatory_test,movie,simple,slow-changing,greedy_regression_aware_search,greedy_regression_aware_search,/movie/get_movie_info,movie,1,1,0.0,10,0.8125,0.95,45.59855442494154,0.8029544014455751,True,True,20260809,625
crag_task_1_and_2_dev_v5_q_5b94f5992f19dda6,crag_task_1_and_2_dev_v5_q_5b94f5992f19dda6,confirmatory_test,movie,simple,static,top_k_low,top_k_low,/movie/get_movie_info,movie,1,1,0.0,10,0.75,0.85,39.11499120295048,0.7414608850087971,True,True,20260809,626
crag_task_1_and_2_dev_v5_q_5b94f5992f19dda6,crag_task_1_and_2_dev_v5_q_5b94f5992f19dda6,confirmatory_test,movie,simple,static,greedy_regression_aware_search,greedy_regression_aware_search,/movie/get_movie_info,movie,1,1,0.0,10,0.75,0.95,46.84470035135746,0.7404531552996487,True,True,20260809,626
crag_task_1_and_2_dev_v5_q_5de6dd34a2c1b3ca,crag_task_1_and_2_dev_v5_q_5de6dd34a2c1b3ca,confirmatory_test,movie,simple,static,top_k_low,top_k_low,/movie/get_movie_info,movie,1,1,0.0,10,0.75,0.85,38.5794211179018,0.7414614205788821,True,True,20260809,627
crag_task_1_and_2_dev_v5_q_5de6dd34a2c1b3ca,crag_task_1_and_2_dev_v5_q_5de6dd34a2c1b3ca,confirmatory_test,movie,simple,static,greedy_regression_aware_search,greedy_regression_aware_search,/movie/get_movie_info,movie,1,1,0.0,10,0.75,0.95,46.73284851014614,0.7404532671514898,True,True,20260809,627
crag_task_1_and_2_dev_v5_q_5fa85dd2d89f4769,crag_task_1_and_2_dev_v5_q_5fa85dd2d89f4769,confirmatory_test,movie,simple,static,top_k_low,top_k_low,/movie/get_movie_info,movie,1,1,0.0,10,0.7916666666666666,0.85,38.33231423050165,0.7831283343524362,True,True,20260809,628
crag_task_1_and_2_dev_v5_q_5fa85dd2d89f4769,crag_task_1_and_2_dev_v5_q_5fa85dd2d89f4769,confirmatory_test,movie,simple,static,greedy_regression_aware_search,greedy_regression_aware_search,/movie/get_movie_info,movie,1,1,0.0,10,0.7916666666666666,0.95,46.3430630043149,0.7821203236036623,True,True,20260809,628
crag_task_1_and_2_dev_v5_q_6130f463c5d18097,crag_task_1_and_2_dev_v5_q_6130f463c5d18097,confirmatory_test,movie,simple,static,top_k_low,top_k_low,/movie/get_movie_info,movie,1,1,0.0,10,0.8333333333333334,0.85,37.35857270658016,0.8247959747606268,True,True,20260809,629
crag_task_1_and_2_dev_v5_q_6130f463c5d18097,crag_task_1_and_2_dev_v5_q_6130f463c5d18097,confirmatory_test,movie,simple,static,greedy_regression_aware_search,greedy_regression_aware_search,/movie/get_movie_info,movie,1,1,0.0,10,0.8333333333333334,0.95,45.52993830293417,0.8237878033950304,True,True,20260809,629
crag_task_1_and_2_dev_v5_q_61ba152bb842f18a,crag_task_1_and_2_dev_v5_q_61ba152bb842f18a,confirmatory_test,movie,simple,static,top_k_low,top_k_low,/movie/get_movie_info,movie,1,1,0.0,10,0.75,0.85,37.274954840540886,0.7414627250451595,True,True,20260809,630
crag_task_1_and_2_dev_v5_q_61ba152bb842f18a,crag_task_1_and_2_dev_v5_q_61ba152bb842f18a,confirmatory_test,movie,simple,static,greedy_regression_aware_search,greedy_regression_aware_search,/movie/get_movie_info,movie,1,1,0.0,10,0.75,0.95,44.61906477808952,0.740455380935222,True,True,20260809,630
crag_task_1_and_2_dev_v5_q_61bfc4d71ff8789a,crag_task_1_and_2_dev_v5_q_61bfc4d71ff8789a,confirmatory_test,movie,simple,static,top_k_low,top_k_low,/movie/get_movie_info,movie,1,1,0.0,10,0.75,0.85,32.151284627616405,0.7414678487153724,True,True,20260809,631
crag_task_1_and_2_dev_v5_q_61bfc4d71ff8789a,crag_task_1_and_2_dev_v5_q_61bfc4d71ff8789a,confirmatory_test,movie,simple,static,greedy_regression_aware_search,greedy_regression_aware_search,/movie/get_movie_info,movie,1,1,0.0,10,0.75,0.95,40.57308193296194,0.7404594269180671,True,True,20260809,631
crag_task_1_and_2_dev_v5_q_6273c3e4b8b008ff,crag_task_1_and_2_dev_v5_q_6273c3e4b8b008ff,confirmatory_test,movie,simple,static,top_k_low,top_k_low,/movie/get_movie_info,movie,1,1,0.0,10,0.75,0.85,38.07202447205782,0.741461927975528,True,True,20260809,632
crag_task_1_and_2_dev_v5_q_6273c3e4b8b008ff,crag_task_1_and_2_dev_v5_q_6273c3e4b8b008ff,confirmatory_test,movie,simple,static,greedy_regression_aware_search,greedy_regression_aware_search,/movie/get_movie_info,movie,1,1,0.0,10,0.75,0.95,45.46418786048889,0.7404545358121396,True,True,20260809,632
crag_task_1_and_2_dev_v5_q_6589455e6664cd23,crag_task_1_and_2_dev_v5_q_6589455e6664cd23,confirmatory_test,movie,simple,static,top_k_low,top_k_low,/movie/get_movie_info,movie,1,1,0.0,10,0.75,0.85,36.646042950451374,0.7414633539570495,True,True,20260809,633
crag_task_1_and_2_dev_v5_q_6589455e6664cd23,crag_task_1_and_2_dev_v5_q_6589455e6664cd23,confirmatory_test,movie,simple,static,greedy_regression_aware_search,greedy_regression_aware_search,/movie/get_movie_info,movie,1,1,0.0,10,0.75,0.95,45.15600576996803,0.7404548439942301,True,True,20260809,633
crag_task_1_and_2_dev_v5_q_698c31c07ea3c222,crag_task_1_and_2_dev_v5_q_698c31c07ea3c222,confirmatory_test,movie,simple,static,top_k_low,top_k_low,/movie/get_movie_info,movie,1,1,0.0,10,0.75,0.85,37.71305643022061,0.7414622869435699,True,True,20260809,634
crag_task_1_and_2_dev_v5_q_698c31c07ea3c222,crag_task_1_and_2_dev_v5_q_698c31c07ea3c222,confirmatory_test,movie,simple,static,greedy_regression_aware_search,greedy_regression_aware_search,/movie/get_movie_info,movie,1,1,0.0,10,0.75,0.95,46.5137641876936,0.7404534862358123,True,True,20260809,634
crag_task_1_and_2_dev_v5_q_6d86c484acf8633f,crag_task_1_and_2_dev_v5_q_6d86c484acf8633f,confirmatory_test,movie,simple,static,top_k_low,top_k_low,/movie/get_movie_info,movie,1,1,0.0,10,0.75,0.85,40.20592104643583,0.7414597940789536,True,True,20260809,635
crag_task_1_and_2_dev_v5_q_6d86c484acf8633f,crag_task_1_and_2_dev_v5_q_6d86c484acf8633f,confirmatory_test,movie,simple,static,greedy_regression_aware_search,greedy_regression_aware_search,/movie/get_movie_info,movie,1,1,0.0,10,0.75,0.95,47.41567466408014,0.740452584325336,True,True,20260809,635
crag_task_1_and_2_dev_v5_q_6f2dd05030bf4cde,crag_task_1_and_2_dev_v5_q_6f2dd05030bf4cde,confirmatory_test,movie,simple,static,top_k_low,top_k_low,/movie/get_movie_info,movie,1,1,0.0,10,1.0,0.85,41.53228085488081,0.9914584677191453,True,True,20260809,636
crag_task_1_and_2_dev_v5_q_6f2dd05030bf4cde,crag_task_1_and_2_dev_v5_q_6f2dd05030bf4cde,confirmatory_test,movie,simple,static,greedy_regression_aware_search,greedy_regression_aware_search,/movie/get_movie_info,movie,1,1,0.0,10,1.0,0.95,49.506534822285175,0.9904504934651778,True,True,20260809,636
crag_task_1_and_2_dev_v5_q_720d314d7c1772d7,crag_task_1_and_2_dev_v5_q_720d314d7c1772d7,confirmatory_test,movie,simple,static,top_k_low,top_k_low,/movie/get_movie_info,movie,1,1,0.0,10,0.8333333333333334,0.85,36.182123236358166,0.8247971512100971,True,True,20260809,637
crag_task_1_and_2_dev_v5_q_720d314d7c1772d7,crag_task_1_and_2_dev_v5_q_720d314d7c1772d7,confirmatory_test,movie,simple,static,greedy_regression_aware_search,greedy_regression_aware_search,/movie/get_movie_info,movie,1,1,0.0,10,0.8333333333333334,0.95,45.64339201897383,0.8237876899413145,True,True,20260809,637
crag_task_1_and_2_dev_v5_q_72dd7b39f577e442,crag_task_1_and_2_dev_v5_q_72dd7b39f577e442,confirmatory_test,movie,simple,static,top_k_low,top_k_low,/movie/get_movie_info,movie,1,1,0.0,10,0.75,0.85,37.90279570966959,0.7414620972042903,True,True,20260809,638
crag_task_1_and_2_dev_v5_q_72dd7b39f577e442,crag_task_1_and_2_dev_v5_q_72dd7b39f577e442,confirmatory_test,movie,simple,static,greedy_regression_aware_search,greedy_regression_aware_search,/movie/get_movie_info,movie,1,1,0.0,10,0.75,0.95,47.313918359577656,0.7404526860816405,True,True,20260809,638
crag_task_1_and_2_dev_v5_q_72e507af9a6be812,crag_task_1_and_2_dev_v5_q_72e507af9a6be812,confirmatory_test,movie,simple,static,top_k_low,top_k_low,/movie/get_movie_info,movie,1,1,0.0,10,0.75,0.85,37.47451957315207,0.7414625254804269,True,True,20260809,639
crag_task_1_and_2_dev_v5_q_72e507af9a6be812,crag_task_1_and_2_dev_v5_q_72e507af9a6be812,confirmatory_test,movie,simple,static,greedy_regression_aware_search,greedy_regression_aware_search,/movie/get_movie_info,movie,1,1,0.0,10,0.75,0.95,43.91365498304367,0.740456086345017,True,True,20260809,639
crag_task_1_and_2_dev_v5_q_7372c86ce06c2f5f,crag_task_1_and_2_dev_v5_q_7372c86ce06c2f5f,confirmatory_test,movie,simple,static,top_k_low,top_k_low,/movie/get_movie_info,movie,1,1,0.0,10,0.875,0.85,39.45765551179648,0.8664605423444882,True,True,20260809,640
crag_task_1_and_2_dev_v5_q_7372c86ce06c2f5f,crag_task_1_and_2_dev_v5_q_7372c86ce06c2f5f,confirmatory_test,movie,simple,static,greedy_regression_aware_search,greedy_regression_aware_search,/movie/get_movie_info,movie,1,1,0.0,10,0.875,0.95,46.95098381489515,0.8654530490161851,True,True,20260809,640
crag_task_1_and_2_dev_v5_q_75f848bc33c09e27,crag_task_1_and_2_dev_v5_q_75f848bc33c09e27,confirmatory_test,movie,simple,static,top_k_low,top_k_low,/movie/get_movie_info,movie,1,1,0.0,10,0.75,0.85,32.279619947075844,0.7414677203800529,True,True,20260809,641
crag_task_1_and_2_dev_v5_q_75f848bc33c09e27,crag_task_1_and_2_dev_v5_q_75f848bc33c09e27,confirmatory_test,movie,simple,static,greedy_regression_aware_search,greedy_regression_aware_search,/movie/get_movie_info,movie,1,1,0.0,10,0.75,0.95,37.54869475960732,0.7404624513052405,True,True,20260809,641
crag_task_1_and_2_dev_v5_q_76308c85796eb949,crag_task_1_and_2_dev_v5_q_76308c85796eb949,confirmatory_test,movie,simple,slow-changing,top_k_low,top_k_low,/movie/get_movie_info,movie,1,1,0.0,10,0.875,0.85,27.636544778943065,0.866472363455221,True,True,20260809,642
crag_task_1_and_2_dev_v5_q_76308c85796eb949,crag_task_1_and_2_dev_v5_q_76308c85796eb949,confirmatory_test,movie,simple,slow-changing,greedy_regression_aware_search,greedy_regression_aware_search,/movie/get_movie_info,movie,1,1,0.0,10,0.875,0.95,33.69720000773668,0.8654663027999923,True,True,20260809,642
crag_task_1_and_2_dev_v5_q_7da642fb9295298e,crag_task_1_and_2_dev_v5_q_7da642fb9295298e,confirmatory_test,movie,simple,static,top_k_low,top_k_low,/movie/get_movie_info,movie,1,1,0.0,10,1.0,0.85,36.59358248114586,0.991463406417519,True,True,20260809,643
crag_task_1_and_2_dev_v5_q_7da642fb9295298e,crag_task_1_and_2_dev_v5_q_7da642fb9295298e,confirmatory_test,movie,simple,static,greedy_regression_aware_search,greedy_regression_aware_search,/movie/get_movie_info,movie,1,1,0.0,10,1.0,0.95,44.3970849737525,0.9904556029150264,True,True,20260809,643
crag_task_1_and_2_dev_v5_q_8234d635561f140c,crag_task_1_and_2_dev_v5_q_8234d635561f140c,confirmatory_test,movie,simple,static,top_k_low,top_k_low,/movie/get_movie_info,movie,1,1,0.0,10,0.75,0.85,38.40755857527256,0.7414615924414247,True,True,20260809,644
crag_task_1_and_2_dev_v5_q_8234d635561f140c,crag_task_1_and_2_dev_v5_q_8234d635561f140c,confirmatory_test,movie,simple,static,greedy_regression_aware_search,greedy_regression_aware_search,/movie/get_movie_info,movie,1,1,0.0,10,0.75,0.95,45.56149709969759,0.7404544385029004,True,True,20260809,644
crag_task_1_and_2_dev_v5_q_824f0fa1cbbf8119,crag_task_1_and_2_dev_v5_q_824f0fa1cbbf8119,confirmatory_test,movie,simple,static,top_k_low,top_k_low,/movie/get_movie_info,movie,1,1,0.0,10,0.75,0.85,37.36138716340065,0.7414626386128367,True,True,20260809,645
crag_task_1_and_2_dev_v5_q_824f0fa1cbbf8119,crag_task_1_and_2_dev_v5_q_824f0fa1cbbf8119,confirmatory_test,movie,simple,static,greedy_regression_aware_search,greedy_regression_aware_search,/movie/get_movie_info,movie,1,1,0.0,10,0.75,0.95,44.64053828269243,0.7404553594617174,True,True,20260809,645
crag_task_1_and_2_dev_v5_q_8ca8025d04541f96,crag_task_1_and_2_dev_v5_q_8ca8025d04541f96,confirmatory_test,movie,simple,static,top_k_low,top_k_low,/movie/get_movie_info,movie,1,1,0.0,10,0.875,0.85,25.47869179397821,0.8664745213082061,True,True,20260809,646
crag_task_1_and_2_dev_v5_q_8ca8025d04541f96,crag_task_1_and_2_dev_v5_q_8ca8025d04541f96,confirmatory_test,movie,simple,static,greedy_regression_aware_search,greedy_regression_aware_search,/movie/get_movie_info,movie,1,1,0.0,10,0.875,0.95,31.01983293890953,0.8654689801670611,True,True,20260809,646
crag_task_1_and_2_dev_v5_q_8cdf0a4e6f701c3a,crag_task_1_and_2_dev_v5_q_8cdf0a4e6f701c3a,confirmatory_test,movie,simple,static,top_k_low,top_k_low,/movie/get_movie_info,movie,1,1,0.0,10,0.75,0.85,37.3808778822422,0.7414626191221179,True,True,20260809,647
crag_task_1_and_2_dev_v5_q_8cdf0a4e6f701c3a,crag_task_1_and_2_dev_v5_q_8cdf0a4e6f701c3a,confirmatory_test,movie,simple,static,greedy_regression_aware_search,greedy_regression_aware_search,/movie/get_movie_info,movie,1,1,0.0,10,0.75,0.95,42.72139072418213,0.7404572786092759,True,True,20260809,647
crag_task_1_and_2_dev_v5_q_8d6d6be31c79ba05,crag_task_1_and_2_dev_v5_q_8d6d6be31c79ba05,confirmatory_test,movie,simple,static,top_k_low,top_k_low,/movie/get_movie_info,movie,1,1,0.0,10,1.0,0.85,36.02758701890707,0.9914639724129812,True,True,20260809,648
crag_task_1_and_2_dev_v5_q_8d6d6be31c79ba05,crag_task_1_and_2_dev_v5_q_8d6d6be31c79ba05,confirmatory_test,movie,simple,static,greedy_regression_aware_search,greedy_regression_aware_search,/movie/get_movie_info,movie,1,1,0.0,10,1.0,0.95,41.198890656232834,0.9904588011093438,True,True,20260809,648
crag_task_1_and_2_dev_v5_q_8db4fd4a406c659d,crag_task_1_and_2_dev_v5_q_8db4fd4a406c659d,confirmatory_test,movie,simple,static,top_k_low,top_k_low,/movie/get_movie_info,movie,1,1,0.0,10,0.75,0.85,35.79386882483959,0.7414642061311753,True,True,20260809,649
crag_task_1_and_2_dev_v5_q_8db4fd4a406c659d,crag_task_1_and_2_dev_v5_q_8db4fd4a406c659d,confirmatory_test,movie,simple,static,greedy_regression_aware_search,greedy_regression_aware_search,/movie/get_movie_info,movie,1,1,0.0,10,0.75,0.95,44.64880097657442,0.7404553511990235,True,True,20260809,649
crag_task_1_and_2_dev_v5_q_8e19180259e18453,crag_task_1_and_2_dev_v5_q_8e19180259e18453,confirmatory_test,movie,simple,static,top_k_low,top_k_low,/movie/get_movie_info,movie,1,1,0.0,10,0.75,0.85,40.38179013878107,0.7414596182098613,True,True,20260809,650
crag_task_1_and_2_dev_v5_q_8e19180259e18453,crag_task_1_and_2_dev_v5_q_8e19180259e18453,confirmatory_test,movie,simple,static,greedy_regression_aware_search,greedy_regression_aware_search,/movie/get_movie_info,movie,1,1,0.0,10,0.75,0.95,47.00285289436579,0.7404529971471057,True,True,20260809,650
crag_task_1_and_2_dev_v5_q_8f530022d00b06df,crag_task_1_and_2_dev_v5_q_8f530022d00b06df,confirmatory_test,movie,simple,static,top_k_low,top_k_low,/movie/get_movie_info,movie,1,1,0.0,10,0.75,0.85,37.87978086620569,0.7414621202191338,True,True,20260809,651
crag_task_1_and_2_dev_v5_q_8f530022d00b06df,crag_task_1_and_2_dev_v5_q_8f530022d00b06df,confirmatory_test,movie,simple,static,greedy_regression_aware_search,greedy_regression_aware_search,/movie/get_movie_info,movie,1,1,0.0,10,0.75,0.95,45.72272393852472,0.7404542772760615,True,True,20260809,651
crag_task_1_and_2_dev_v5_q_992a8828d12819af,crag_task_1_and_2_dev_v5_q_992a8828d12819af,confirmatory_test,movie,simple,static,top_k_low,top_k_low,/movie/get_movie_info,movie,1,1,0.0,10,0.75,0.85,37.02124673873186,0.7414629787532613,True,True,20260809,652
crag_task_1_and_2_dev_v5_q_992a8828d12819af,crag_task_1_and_2_dev_v5_q_992a8828d12819af,confirmatory_test,movie,simple,static,greedy_regression_aware_search,greedy_regression_aware_search,/movie/get_movie_info,movie,1,1,0.0,10,0.75,0.95,44.115944765508175,0.7404558840552345,True,True,20260809,652
crag_task_1_and_2_dev_v5_q_9a8c80cdb1610006,crag_task_1_and_2_dev_v5_q_9a8c80cdb1610006,confirmatory_test,movie,simple,static,top_k_low,top_k_low,/movie/get_movie_info,movie,1,1,0.0,10,1.0,0.85,33.15703384578228,0.9914668429661544,True,True,20260809,653
crag_task_1_and_2_dev_v5_q_9a8c80cdb1610006,crag_task_1_and_2_dev_v5_q_9a8c80cdb1610006,confirmatory_test,movie,simple,static,greedy_regression_aware_search,greedy_regression_aware_search,/movie/get_movie_info,movie,1,1,0.0,10,1.0,0.95,39.33459799736738,0.9904606654020028,True,True,20260809,653
crag_task_1_and_2_dev_v5_q_9d355f0c8ff79a43,crag_task_1_and_2_dev_v5_q_9d355f0c8ff79a43,confirmatory_test,movie,simple,static,top_k_low,top_k_low,/movie/get_movie_info,movie,1,1,0.0,10,0.75,0.85,39.45634327828884,0.7414605436567218,True,True,20260809,654
crag_task_1_and_2_dev_v5_q_9d355f0c8ff79a43,crag_task_1_and_2_dev_v5_q_9d355f0c8ff79a43,confirmatory_test,movie,simple,static,greedy_regression_aware_search,greedy_regression_aware_search,/movie/get_movie_info,movie,1,1,0.0,10,0.75,0.95,46.424368396401405,0.7404535756316036,True,True,20260809,654
crag_task_1_and_2_dev_v5_q_9f5921f89861e962,crag_task_1_and_2_dev_v5_q_9f5921f89861e962,confirmatory_test,movie,simple,static,top_k_low,top_k_low,/movie/get_movie_info,movie,1,1,0.0,10,0.75,0.85,37.7427414059639,0.741462257258594,True,True,20260809,655
crag_task_1_and_2_dev_v5_q_9f5921f89861e962,crag_task_1_and_2_dev_v5_q_9f5921f89861e962,confirmatory_test,movie,simple,static,greedy_regression_aware_search,greedy_regression_aware_search,/movie/get_movie_info,movie,1,1,0.0,10,0.75,0.95,44.60167791694403,0.7404553983220831,True,True,20260809,655
crag_task_1_and_2_dev_v5_q_9f727fe17ef00be8,crag_task_1_and_2_dev_v5_q_9f727fe17ef00be8,confirmatory_test,movie,simple,static,top_k_low,top_k_low,/movie/get_movie_info,movie,1,1,0.0,10,0.75,0.85,39.316670037806034,0.7414606833299623,True,True,20260809,656
crag_task_1_and_2_dev_v5_q_9f727fe17ef00be8,crag_task_1_and_2_dev_v5_q_9f727fe17ef00be8,confirmatory_test,movie,simple,static,greedy_regression_aware_search,greedy_regression_aware_search,/movie/get_movie_info,movie,1,1,0.0,10,0.75,0.95,45.15728820115328,0.7404548427117988,True,True,20260809,656
crag_task_1_and_2_dev_v5_q_a32261cebba8ce32,crag_task_1_and_2_dev_v5_q_a32261cebba8ce32,confirmatory_test,movie,simple,static,top_k_low,top_k_low,/movie/get_movie_info,movie,1,1,0.0,10,0.75,0.85,23.51740002632141,0.7414764825999737,True,True,20260809,657
crag_task_1_and_2_dev_v5_q_a32261cebba8ce32,crag_task_1_and_2_dev_v5_q_a32261cebba8ce32,confirmatory_test,movie,simple,static,greedy_regression_aware_search,greedy_regression_aware_search,/movie/get_movie_info,movie,1,1,0.0,10,0.75,0.95,30.794798396527767,0.7404692052016035,True,True,20260809,657
crag_task_1_and_2_dev_v5_q_a342b6a65f189e22,crag_task_1_and_2_dev_v5_q_a342b6a65f189e22,confirmatory_test,movie,simple,static,top_k_low,top_k_low,/movie/get_movie_info,movie,1,1,0.0,10,0.75,0.85,38.18182274699211,0.7414618181772531,True,True,20260809,658
crag_task_1_and_2_dev_v5_q_a342b6a65f189e22,crag_task_1_and_2_dev_v5_q_a342b6a65f189e22,confirmatory_test,movie,simple,static,greedy_regression_aware_search,greedy_regression_aware_search,/movie/get_movie_info,movie,1,1,0.0,10,0.75,0.95,44.37020421028137,0.7404556297957897,True,True,20260809,658
crag_task_1_and_2_dev_v5_q_a452caf5b4927b12,crag_task_1_and_2_dev_v5_q_a452caf5b4927b12,confirmatory_test,movie,simple,static,top_k_low,top_k_low,/movie/get_movie_info,movie,1,1,0.0,10,1.0,0.85,39.4567446783185,0.9914605432553216,True,True,20260809,659
crag_task_1_and_2_dev_v5_q_a452caf5b4927b12,crag_task_1_and_2_dev_v5_q_a452caf5b4927b12,confirmatory_test,movie,simple,static,greedy_regression_aware_search,greedy_regression_aware_search,/movie/get_movie_info,movie,1,1,0.0,10,1.0,0.95,47.05631360411644,0.990452943686396,True,True,20260809,659
crag_task_1_and_2_dev_v5_q_a4664440a733120c,crag_task_1_and_2_dev_v5_q_a4664440a733120c,confirmatory_test,movie,simple,static,top_k_low,top_k_low,/movie/get_movie_info,movie,1,1,0.0,10,0.75,0.85,35.451184026896954,0.7414645488159731,True,True,20260809,660
crag_task_1_and_2_dev_v5_q_a4664440a733120c,crag_task_1_and_2_dev_v5_q_a4664440a733120c,confirmatory_test,movie,simple,static,greedy_regression_aware_search,greedy_regression_aware_search,/movie/get_movie_info,movie,1,1,0.0,10,0.75,0.95,42.38574672490358,0.7404576142532752,True,True,20260809,660
crag_task_1_and_2_dev_v5_q_a4888d97598fd901,crag_task_1_and_2_dev_v5_q_a4888d97598fd901,confirmatory_test,movie,simple,static,top_k_low,top_k_low,/movie/get_movie_info,movie,1,1,0.0,10,0.875,0.85,37.11925819516182,0.8664628807418049,True,True,20260809,661
crag_task_1_and_2_dev_v5_q_a4888d97598fd901,crag_task_1_and_2_dev_v5_q_a4888d97598fd901,confirmatory_test,movie,simple,static,greedy_regression_aware_search,greedy_regression_aware_search,/movie/get_movie_info,movie,1,1,0.0,10,0.875,0.95,44.19821035116911,0.8654558017896489,True,True,20260809,661
crag_task_1_and_2_dev_v5_q_a4b6252918d893b5,crag_task_1_and_2_dev_v5_q_a4b6252918d893b5,confirmatory_test,movie,simple,static,top_k_low,top_k_low,/movie/get_movie_info,movie,1,1,0.0,10,0.8333333333333334,0.85,36.14657837897539,0.8247971867549544,True,True,20260809,662
crag_task_1_and_2_dev_v5_q_a4b6252918d893b5,crag_task_1_and_2_dev_v5_q_a4b6252918d893b5,confirmatory_test,movie,simple,static,greedy_regression_aware_search,greedy_regression_aware_search,/movie/get_movie_info,movie,1,1,0.0,10,0.8333333333333334,0.95,43.78917533904314,0.8237895441579943,True,True,20260809,662
crag_task_1_and_2_dev_v5_q_a5663d912d60d353,crag_task_1_and_2_dev_v5_q_a5663d912d60d353,confirmatory_test,movie,simple,static,top_k_low,top_k_low,/movie/get_movie_info,movie,1,1,0.0,10,0.75,0.85,38.2301164790988,0.741461769883521,True,True,20260809,663
crag_task_1_and_2_dev_v5_q_a5663d912d60d353,crag_task_1_and_2_dev_v5_q_a5663d912d60d353,confirmatory_test,movie,simple,static,greedy_regression_aware_search,greedy_regression_aware_search,/movie/get_movie_info,movie,1,1,0.0,10,0.75,0.95,44.65217608958483,0.7404553478239104,True,True,20260809,663
crag_task_1_and_2_dev_v5_q_a5d6205cb764ca0a,crag_task_1_and_2_dev_v5_q_a5d6205cb764ca0a,confirmatory_test,movie,simple,static,top_k_low,top_k_low,/movie/get_movie_info,movie,1,1,0.0,10,0.875,0.85,35.70771776139736,0.8664642922822386,True,True,20260809,664
crag_task_1_and_2_dev_v5_q_a5d6205cb764ca0a,crag_task_1_and_2_dev_v5_q_a5d6205cb764ca0a,confirmatory_test,movie,simple,static,greedy_regression_aware_search,greedy_regression_aware_search,/movie/get_movie_info,movie,1,1,0.0,10,0.875,0.95,43.08808222413063,0.865456911917776,True,True,20260809,664
crag_task_1_and_2_dev_v5_q_aaa43cffca66e985,crag_task_1_and_2_dev_v5_q_aaa43cffca66e985,confirmatory_test,movie,simple,static,top_k_low,top_k_low,/movie/get_movie_info,movie,1,1,0.0,10,0.75,0.85,36.60059347748757,0.7414633994065225,True,True,20260809,665
crag_task_1_and_2_dev_v5_q_aaa43cffca66e985,crag_task_1_and_2_dev_v5_q_aaa43cffca66e985,confirmatory_test,movie,simple,static,greedy_regression_aware_search,greedy_regression_aware_search,/movie/get_movie_info,movie,1,1,0.0,10,0.75,0.95,45.20342964679003,0.7404547965703533,True,True,20260809,665
crag_task_1_and_2_dev_v5_q_ab7abf61cd5d71c4,crag_task_1_and_2_dev_v5_q_ab7abf61cd5d71c4,confirmatory_test,movie,simple,static,top_k_low,top_k_low,/movie/get_movie_info,movie,1,1,0.0,10,0.7916666666666666,0.85,38.05706277489662,0.7831286096038917,True,True,20260809,666
crag_task_1_and_2_dev_v5_q_ab7abf61cd5d71c4,crag_task_1_and_2_dev_v5_q_ab7abf61cd5d71c4,confirmatory_test,movie,simple,static,greedy_regression_aware_search,greedy_regression_aware_search,/movie/get_movie_info,movie,1,1,0.0,10,0.7916666666666666,0.95,45.22144608199597,0.7821214452205847,True,True,20260809,666
crag_task_1_and_2_dev_v5_q_ada252bc6c930a63,crag_task_1_and_2_dev_v5_q_ada252bc6c930a63,confirmatory_test,movie,simple,static,top_k_low,top_k_low,/movie/get_movie_info,movie,1,1,0.0,10,0.75,0.85,38.33056148141623,0.7414616694385187,True,True,20260809,667
crag_task_1_and_2_dev_v5_q_ada252bc6c930a63,crag_task_1_and_2_dev_v5_q_ada252bc6c930a63,confirmatory_test,movie,simple,static,greedy_regression_aware_search,greedy_regression_aware_search,/movie/get_movie_info,movie,1,1,0.0,10,0.75,0.95,46.42567038536072,0.7404535743296147,True,True,20260809,667
crag_task_1_and_2_dev_v5_q_ae55f51896182b64,crag_task_1_and_2_dev_v5_q_ae55f51896182b64,confirmatory_test,movie,simple,static,top_k_low,top_k_low,/movie/get_movie_info,movie,1,1,0.0,10,0.7777777777777778,0.85,39.74564652889967,0.769238032131249,True,True,20260809,668
crag_task_1_and_2_dev_v5_q_ae55f51896182b64,crag_task_1_and_2_dev_v5_q_ae55f51896182b64,confirmatory_test,movie,simple,static,greedy_regression_aware_search,greedy_regression_aware_search,/movie/get_movie_info,movie,1,1,0.0,10,0.7777777777777778,0.95,47.06800356507301,0.7682307097742128,True,True,20260809,668
crag_task_1_and_2_dev_v5_q_afedad6688d6911e,crag_task_1_and_2_dev_v5_q_afedad6688d6911e,confirmatory_test,movie,simple,static,top_k_low,top_k_low,/movie/get_movie_info,movie,1,1,0.0,10,0.75,0.85,36.6050498560071,0.741463394950144,True,True,20260809,669
crag_task_1_and_2_dev_v5_q_afedad6688d6911e,crag_task_1_and_2_dev_v5_q_afedad6688d6911e,confirmatory_test,movie,simple,static,greedy_regression_aware_search,greedy_regression_aware_search,/movie/get_movie_info,movie,1,1,0.0,10,0.75,0.95,43.29582955688238,0.7404567041704432,True,True,20260809,669
crag_task_1_and_2_dev_v5_q_b48771204ec04849,crag_task_1_and_2_dev_v5_q_b48771204ec04849,confirmatory_test,movie,simple,static,top_k_low,top_k_low,/movie/get_movie_info,movie,1,1,0.0,10,0.875,0.85,37.09770459681749,0.8664629022954032,True,True,20260809,670
crag_task_1_and_2_dev_v5_q_b48771204ec04849,crag_task_1_and_2_dev_v5_q_b48771204ec04849,confirmatory_test,movie,simple,static,greedy_regression_aware_search,greedy_regression_aware_search,/movie/get_movie_info,movie,1,1,0.0,10,0.875,0.95,43.89669932425022,0.8654561033006758,True,True,20260809,670
crag_task_1_and_2_dev_v5_q_b77efe5cfe42e917,crag_task_1_and_2_dev_v5_q_b77efe5cfe42e917,confirmatory_test,movie,simple,static,top_k_low,top_k_low,/movie/get_movie_info,movie,1,1,0.0,10,0.75,0.85,35.53015552461147,0.7414644698444754,True,True,20260809,671
crag_task_1_and_2_dev_v5_q_b77efe5cfe42e917,crag_task_1_and_2_dev_v5_q_b77efe5cfe42e917,confirmatory_test,movie,simple,static,greedy_regression_aware_search,greedy_regression_aware_search,/movie/get_movie_info,movie,1,1,0.0,10,0.75,0.95,42.48886462301016,0.7404575111353771,True,True,20260809,671
crag_task_1_and_2_dev_v5_q_b78a1dd7fbe2c817,crag_task_1_and_2_dev_v5_q_b78a1dd7fbe2c817,confirmatory_test,movie,simple,static,top_k_low,top_k_low,/movie/get_movie_info,movie,1,1,0.0,10,0.75,0.85,37.79559209942818,0.7414622044079007,True,True,20260809,672
crag_task_1_and_2_dev_v5_q_b78a1dd7fbe2c817,crag_task_1_and_2_dev_v5_q_b78a1dd7fbe2c817,confirmatory_test,movie,simple,static,greedy_regression_aware_search,greedy_regression_aware_search,/movie/get_movie_info,movie,1,1,0.0,10,0.75,0.95,43.48028264939785,0.7404565197173506,True,True,20260809,672
crag_task_1_and_2_dev_v5_q_b7e41945ada1085e,crag_task_1_and_2_dev_v5_q_b7e41945ada1085e,confirmatory_test,movie,simple,static,top_k_low,top_k_low,/movie/get_movie_info,movie,1,1,0.0,10,0.75,0.85,34.71708111464977,0.7414652829188854,True,True,20260809,673
crag_task_1_and_2_dev_v5_q_b7e41945ada1085e,crag_task_1_and_2_dev_v5_q_b7e41945ada1085e,confirmatory_test,movie,simple,static,greedy_regression_aware_search,greedy_regression_aware_search,/movie/get_movie_info,movie,1,1,0.0,10,0.75,0.95,43.28549467027187,0.7404567145053298,True,True,20260809,673
crag_task_1_and_2_dev_v5_q_b98b53b5cbf23fd8,crag_task_1_and_2_dev_v5_q_b98b53b5cbf23fd8,confirmatory_test,movie,simple,static,top_k_low,top_k_low,/movie/get_movie_info,movie,1,1,0.0,10,0.875,0.85,34.959372133016586,0.866465040627867,True,True,20260809,674
crag_task_1_and_2_dev_v5_q_b98b53b5cbf23fd8,crag_task_1_and_2_dev_v5_q_b98b53b5cbf23fd8,confirmatory_test,movie,simple,static,greedy_regression_aware_search,greedy_regression_aware_search,/movie/get_movie_info,movie,1,1,0.0,10,0.875,0.95,41.64138808846474,0.8654583586119116,True,True,20260809,674
crag_task_1_and_2_dev_v5_q_bbea66e8446aa45f,crag_task_1_and_2_dev_v5_q_bbea66e8446aa45f,confirmatory_test,movie,simple,static,top_k_low,top_k_low,/movie/get_movie_info,movie,1,1,0.0,10,1.0,0.85,39.07618205994368,0.9914609238179402,True,True,20260809,675
crag_task_1_and_2_dev_v5_q_bbea66e8446aa45f,crag_task_1_and_2_dev_v5_q_bbea66e8446aa45f,confirmatory_test,movie,simple,static,greedy_regression_aware_search,greedy_regression_aware_search,/movie/get_movie_info,movie,1,1,0.0,10,1.0,0.95,45.81022821366787,0.9904541897717865,True,True,20260809,675
crag_task_1_and_2_dev_v5_q_c1bbb845c62b0be1,crag_task_1_and_2_dev_v5_q_c1bbb845c62b0be1,confirmatory_test,movie,simple,static,top_k_low,top_k_low,/movie/get_movie_info,movie,1,1,0.0,10,0.75,0.85,36.540111526846886,0.7414634598884732,True,True,20260809,676
crag_task_1_and_2_dev_v5_q_c1bbb845c62b0be1,crag_task_1_and_2_dev_v5_q_c1bbb845c62b0be1,confirmatory_test,movie,simple,static,greedy_regression_aware_search,greedy_regression_aware_search,/movie/get_movie_info,movie,1,1,0.0,10,0.75,0.95,44.00665778666735,0.7404559933422133,True,True,20260809,676
crag_task_1_and_2_dev_v5_q_c265ff30ccb338f3,crag_task_1_and_2_dev_v5_q_c265ff30ccb338f3,confirmatory_test,movie,simple,static,top_k_low,top_k_low,/movie/get_movie_info,movie,1,1,0.0,10,0.75,0.85,39.43649400025606,0.7414605635059998,True,True,20260809,677
crag_task_1_and_2_dev_v5_q_c265ff30ccb338f3,crag_task_1_and_2_dev_v5_q_c265ff30ccb338f3,confirmatory_test,movie,simple,static,greedy_regression_aware_search,greedy_regression_aware_search,/movie/get_movie_info,movie,1,1,0.0,10,0.75,0.95,47.40641079843044,0.7404525935892016,True,True,20260809,677
crag_task_1_and_2_dev_v5_q_c3654f6443225a00,crag_task_1_and_2_dev_v5_q_c3654f6443225a00,confirmatory_test,movie,simple,static,top_k_low,top_k_low,/movie/get_movie_info,movie,1,1,0.0,10,0.75,0.85,35.32356023788452,0.7414646764397622,True,True,20260809,678
crag_task_1_and_2_dev_v5_q_c3654f6443225a00,crag_task_1_and_2_dev_v5_q_c3654f6443225a00,confirmatory_test,movie,simple,static,greedy_regression_aware_search,greedy_regression_aware_search,/movie/get_movie_info,movie,1,1,0.0,10,0.75,0.95,43.87762118130922,0.7404561223788187,True,True,20260809,678
crag_task_1_and_2_dev_v5_q_c6f4fa03a85f94e5,crag_task_1_and_2_dev_v5_q_c6f4fa03a85f94e5,confirmatory_test,movie,simple,static,top_k_low,top_k_low,/movie/get_movie_info,movie,1,1,0.0,10,0.75,0.85,35.07870528846979,0.7414649212947115,True,True,20260809,679
crag_task_1_and_2_dev_v5_q_c6f4fa03a85f94e5,crag_task_1_and_2_dev_v5_q_c6f4fa03a85f94e5,confirmatory_test,movie,simple,static,greedy_regression_aware_search,greedy_regression_aware_search,/movie/get_movie_info,movie,1,1,0.0,10,0.75,0.95,41.98821913450956,0.7404580117808656,True,True,20260809,679
crag_task_1_and_2_dev_v5_q_c742594c0bddc52d,crag_task_1_and_2_dev_v5_q_c742594c0bddc52d,confirmatory_test,movie,simple,static,top_k_low,top_k_low,/movie/get_movie_info,movie,1,1,0.0,10,0.8333333333333334,0.85,38.15605398267508,0.8247951772793507,True,True,20260809,680
crag_task_1_and_2_dev_v5_q_c742594c0bddc52d,crag_task_1_and_2_dev_v5_q_c742594c0bddc52d,confirmatory_test,movie,simple,static,greedy_regression_aware_search,greedy_regression_aware_search,/movie/get_movie_info,movie,1,1,0.0,10,0.8333333333333334,0.95,43.16066391766071,0.8237901726694158,True,True,20260809,680
crag_task_1_and_2_dev_v5_q_cafe8a3bb1da68d9,crag_task_1_and_2_dev_v5_q_cafe8a3bb1da68d9,confirmatory_test,movie,simple,static,top_k_low,top_k_low,/movie/get_movie_info,movie,1,1,0.0,10,0.75,0.85,39.34071771800518,0.741460659282282,True,True,20260809,681
crag_task_1_and_2_dev_v5_q_cafe8a3bb1da68d9,crag_task_1_and_2_dev_v5_q_cafe8a3bb1da68d9,confirmatory_test,movie,simple,static,greedy_regression_aware_search,greedy_regression_aware_search,/movie/get_movie_info,movie,1,1,0.0,10,0.75,0.95,47.3595391958952,0.7404526404608042,True,True,20260809,681
crag_task_1_and_2_dev_v5_q_ccba941cc47ae837,crag_task_1_and_2_dev_v5_q_ccba941cc47ae837,confirmatory_test,movie,simple,static,top_k_low,top_k_low,/movie/get_movie_info,movie,1,1,0.0,10,1.0,0.85,37.46539633721113,0.9914625346036628,True,True,20260809,682
crag_task_1_and_2_dev_v5_q_ccba941cc47ae837,crag_task_1_and_2_dev_v5_q_ccba941cc47ae837,confirmatory_test,movie,simple,static,greedy_regression_aware_search,greedy_regression_aware_search,/movie/get_movie_info,movie,1,1,0.0,10,1.0,0.95,44.77783758193255,0.990455222162418,True,True,20260809,682
crag_task_1_and_2_dev_v5_q_cd5b4943d3addf4c,crag_task_1_and_2_dev_v5_q_cd5b4943d3addf4c,confirmatory_test,movie,simple,static,top_k_low,top_k_low,/movie/get_movie_info,movie,1,1,0.0,10,0.75,0.85,37.9328727722168,0.7414620671272278,True,True,20260809,683
crag_task_1_and_2_dev_v5_q_cd5b4943d3addf4c,crag_task_1_and_2_dev_v5_q_cd5b4943d3addf4c,confirmatory_test,movie,simple,static,greedy_regression_aware_search,greedy_regression_aware_search,/movie/get_movie_info,movie,1,1,0.0,10,0.75,0.95,46.68093100190163,0.7404533190689981,True,True,20260809,683
crag_task_1_and_2_dev_v5_q_ce33d312767764cb,crag_task_1_and_2_dev_v5_q_ce33d312767764cb,confirmatory_test,movie,simple,static,top_k_low,top_k_low,/movie/get_movie_info,movie,1,1,0.0,10,0.75,0.85,34.74279027432203,0.7414652572097258,True,True,20260809,684
crag_task_1_and_2_dev_v5_q_ce33d312767764cb,crag_task_1_and_2_dev_v5_q_ce33d312767764cb,confirmatory_test,movie,simple,static,greedy_regression_aware_search,greedy_regression_aware_search,/movie/get_movie_info,movie,1,1,0.0,10,0.75,0.95,42.28085558861494,0.7404577191444114,True,True,20260809,684
crag_task_1_and_2_dev_v5_q_d05b3794e92b4050,crag_task_1_and_2_dev_v5_q_d05b3794e92b4050,confirmatory_test,movie,simple,static,top_k_low,top_k_low,/movie/get_movie_info,movie,1,1,0.0,10,0.75,0.85,37.544517777860165,0.7414624554822222,True,True,20260809,685
crag_task_1_and_2_dev_v5_q_d05b3794e92b4050,crag_task_1_and_2_dev_v5_q_d05b3794e92b4050,confirmatory_test,movie,simple,static,greedy_regression_aware_search,greedy_regression_aware_search,/movie/get_movie_info,movie,1,1,0.0,10,0.75,0.95,46.394601464271545,0.7404536053985358,True,True,20260809,685
crag_task_1_and_2_dev_v5_q_d3a86c9c8cadcc2c,crag_task_1_and_2_dev_v5_q_d3a86c9c8cadcc2c,confirmatory_test,movie,simple,static,top_k_low,top_k_low,/movie/get_movie_info,movie,1,1,0.0,10,0.75,0.85,46.83757014572621,0.7414531624298544,True,True,20260809,686
crag_task_1_and_2_dev_v5_q_d3a86c9c8cadcc2c,crag_task_1_and_2_dev_v5_q_d3a86c9c8cadcc2c,confirmatory_test,movie,simple,static,greedy_regression_aware_search,greedy_regression_aware_search,/movie/get_movie_info,movie,1,1,0.0,10,0.75,0.95,46.84959910809994,0.740453150400892,True,True,20260809,686
crag_task_1_and_2_dev_v5_q_d475561123a936c9,crag_task_1_and_2_dev_v5_q_d475561123a936c9,confirmatory_test,movie,simple,static,top_k_low,top_k_low,/movie/get_movie_info,movie,1,1,0.0,10,0.8333333333333334,0.85,33.399625681340694,0.824799933707652,True,True,20260809,687
crag_task_1_and_2_dev_v5_q_d475561123a936c9,crag_task_1_and_2_dev_v5_q_d475561123a936c9,confirmatory_test,movie,simple,static,greedy_regression_aware_search,greedy_regression_aware_search,/movie/get_movie_info,movie,1,1,0.0,10,0.8333333333333334,0.95,40.64888879656792,0.8237926844445369,True,True,20260809,687
crag_task_1_and_2_dev_v5_q_d62ce063f5fe0892,crag_task_1_and_2_dev_v5_q_d62ce063f5fe0892,confirmatory_test,movie,simple,static,top_k_low,top_k_low,/movie/get_movie_info,movie,1,1,0.0,10,0.75,0.85,38.849576376378536,0.7414611504236237,True,True,20260809,688
crag_task_1_and_2_dev_v5_q_d62ce063f5fe0892,crag_task_1_and_2_dev_v5_q_d62ce063f5fe0892,confirmatory_test,movie,simple,static,greedy_regression_aware_search,greedy_regression_aware_search,/movie/get_movie_info,movie,1,1,0.0,10,0.75,0.95,43.938834220170975,0.7404560611657799,True,True,20260809,688
crag_task_1_and_2_dev_v5_q_d9eeee43f89eae39,crag_task_1_and_2_dev_v5_q_d9eeee43f89eae39,confirmatory_test,movie,simple,static,top_k_low,top_k_low,/movie/get_movie_info,movie,1,1,0.0,10,0.875,0.85,39.62458111345768,0.8664603754188865,True,True,20260809,689
crag_task_1_and_2_dev_v5_q_d9eeee43f89eae39,crag_task_1_and_2_dev_v5_q_d9eeee43f89eae39,confirmatory_test,movie,simple,static,greedy_regression_aware_search,greedy_regression_aware_search,/movie/get_movie_info,movie,1,1,0.0,10,0.875,0.95,46.95678316056728,0.8654530432168395,True,True,20260809,689
crag_task_1_and_2_dev_v5_q_e0424a7c076404cd,crag_task_1_and_2_dev_v5_q_e0424a7c076404cd,confirmatory_test,movie,simple,static,top_k_low,top_k_low,/movie/get_movie_info,movie,1,1,0.0,10,0.875,0.85,38.34790829569101,0.8664616520917043,True,True,20260809,690
crag_task_1_and_2_dev_v5_q_e0424a7c076404cd,crag_task_1_and_2_dev_v5_q_e0424a7c076404cd,confirmatory_test,movie,simple,static,greedy_regression_aware_search,greedy_regression_aware_search,/movie/get_movie_info,movie,1,1,0.0,10,0.875,0.95,45.99812626838684,0.8654540018737317,True,True,20260809,690
crag_task_1_and_2_dev_v5_q_e1693778243281c0,crag_task_1_and_2_dev_v5_q_e1693778243281c0,confirmatory_test,movie,simple,static,top_k_low,top_k_low,/movie/get_movie_info,movie,1,1,0.0,10,0.75,0.85,25.019961409270763,0.7414749800385908,True,True,20260809,691
crag_task_1_and_2_dev_v5_q_e1693778243281c0,crag_task_1_and_2_dev_v5_q_e1693778243281c0,confirmatory_test,movie,simple,static,greedy_regression_aware_search,greedy_regression_aware_search,/movie/get_movie_info,movie,1,1,0.0,10,0.75,0.95,31.21369984000921,0.74046878630016,True,True,20260809,691
crag_task_1_and_2_dev_v5_q_e42872efa6ba4a36,crag_task_1_and_2_dev_v5_q_e42872efa6ba4a36,confirmatory_test,movie,simple,static,top_k_low,top_k_low,/movie/get_movie_info,movie,1,1,0.0,10,0.75,0.85,35.113267600536346,0.7414648867323995,True,True,20260809,692
crag_task_1_and_2_dev_v5_q_e42872efa6ba4a36,crag_task_1_and_2_dev_v5_q_e42872efa6ba4a36,confirmatory_test,movie,simple,static,greedy_regression_aware_search,greedy_regression_aware_search,/movie/get_movie_info,movie,1,1,0.0,10,0.75,0.95,42.33790468424559,0.7404576620953158,True,True,20260809,692
crag_task_1_and_2_dev_v5_q_e45fc5e55abe44fc,crag_task_1_and_2_dev_v5_q_e45fc5e55abe44fc,confirmatory_test,movie,simple,static,top_k_low,top_k_low,/movie/get_movie_info,movie,1,1,0.0,10,0.75,0.85,37.07626182585955,0.7414629237381742,True,True,20260809,693
crag_task_1_and_2_dev_v5_q_e45fc5e55abe44fc,crag_task_1_and_2_dev_v5_q_e45fc5e55abe44fc,confirmatory_test,movie,simple,static,greedy_regression_aware_search,greedy_regression_aware_search,/movie/get_movie_info,movie,1,1,0.0,10,0.75,0.95,43.57792157679796,0.7404564220784232,True,True,20260809,693
crag_task_1_and_2_dev_v5_q_e7b6c99661a8b2f7,crag_task_1_and_2_dev_v5_q_e7b6c99661a8b2f7,confirmatory_test,movie,simple,static,top_k_low,top_k_low,/movie/get_movie_info,movie,1,1,0.0,10,1.0,0.85,32.44995139539242,0.9914675500486048,True,True,20260809,694
crag_task_1_and_2_dev_v5_q_e7b6c99661a8b2f7,crag_task_1_and_2_dev_v5_q_e7b6c99661a8b2f7,confirmatory_test,movie,simple,static,greedy_regression_aware_search,greedy_regression_aware_search,/movie/get_movie_info,movie,1,1,0.0,10,1.0,0.95,38.707138039171696,0.9904612928619608,True,True,20260809,694
crag_task_1_and_2_dev_v5_q_e9b0408a2eb6fed5,crag_task_1_and_2_dev_v5_q_e9b0408a2eb6fed5,confirmatory_test,movie,simple,static,top_k_low,top_k_low,/movie/get_movie_info,movie,1,1,0.0,10,0.75,0.85,37.16918360441923,0.7414628308163956,True,True,20260809,695
crag_task_1_and_2_dev_v5_q_e9b0408a2eb6fed5,crag_task_1_and_2_dev_v5_q_e9b0408a2eb6fed5,confirmatory_test,movie,simple,static,greedy_regression_aware_search,greedy_regression_aware_search,/movie/get_movie_info,movie,1,1,0.0,10,0.75,0.95,43.03969815373421,0.7404569603018463,True,True,20260809,695
crag_task_1_and_2_dev_v5_q_ea43efe067e20ca7,crag_task_1_and_2_dev_v5_q_ea43efe067e20ca7,confirmatory_test,movie,simple,static,top_k_low,top_k_low,/movie/get_movie_info,movie,1,1,0.0,10,0.75,0.85,34.58159416913986,0.7414654184058309,True,True,20260809,696
crag_task_1_and_2_dev_v5_q_ea43efe067e20ca7,crag_task_1_and_2_dev_v5_q_ea43efe067e20ca7,confirmatory_test,movie,simple,static,greedy_regression_aware_search,greedy_regression_aware_search,/movie/get_movie_info,movie,1,1,0.0,10,0.75,0.95,42.33748372644186,0.7404576625162737,True,True,20260809,696
crag_task_1_and_2_dev_v5_q_eb4d21388231038b,crag_task_1_and_2_dev_v5_q_eb4d21388231038b,confirmatory_test,movie,simple,static,top_k_low,top_k_low,/movie/get_movie_info,movie,1,1,0.0,10,0.75,0.85,37.8606328740716,0.741462139367126,True,True,20260809,697
crag_task_1_and_2_dev_v5_q_eb4d21388231038b,crag_task_1_and_2_dev_v5_q_eb4d21388231038b,confirmatory_test,movie,simple,static,greedy_regression_aware_search,greedy_regression_aware_search,/movie/get_movie_info,movie,1,1,0.0,10,0.75,0.95,45.43813783675432,0.7404545618621633,True,True,20260809,697
crag_task_1_and_2_dev_v5_q_eb55883cf6c2b753,crag_task_1_and_2_dev_v5_q_eb55883cf6c2b753,confirmatory_test,movie,simple,static,top_k_low,top_k_low,/movie/get_movie_info,movie,1,1,0.0,10,0.75,0.85,37.39043325185776,0.7414626095667481,True,True,20260809,698
crag_task_1_and_2_dev_v5_q_eb55883cf6c2b753,crag_task_1_and_2_dev_v5_q_eb55883cf6c2b753,confirmatory_test,movie,simple,static,greedy_regression_aware_search,greedy_regression_aware_search,/movie/get_movie_info,movie,1,1,0.0,10,0.75,0.95,46.61329835653305,0.7404533867016435,True,True,20260809,698
crag_task_1_and_2_dev_v5_q_ec153cdf1863448f,crag_task_1_and_2_dev_v5_q_ec153cdf1863448f,confirmatory_test,movie,simple,slow-changing,top_k_low,top_k_low,/movie/get_movie_info,movie,1,1,0.0,10,0.888888888888889,0.85,36.88787296414375,0.8803520010159248,True,True,20260809,699
crag_task_1_and_2_dev_v5_q_ec153cdf1863448f,crag_task_1_and_2_dev_v5_q_ec153cdf1863448f,confirmatory_test,movie,simple,slow-changing,greedy_regression_aware_search,greedy_regression_aware_search,/movie/get_movie_info,movie,1,1,0.0,10,0.888888888888889,0.95,45.440372079610825,0.8793434485168093,True,True,20260809,699
crag_task_1_and_2_dev_v5_q_ec484e91d2637c51,crag_task_1_and_2_dev_v5_q_ec484e91d2637c51,confirmatory_test,movie,simple,static,top_k_low,top_k_low,/movie/get_movie_info,movie,1,1,0.0,10,0.75,0.85,37.69445791840553,0.7414623055420816,True,True,20260809,700
crag_task_1_and_2_dev_v5_q_ec484e91d2637c51,crag_task_1_and_2_dev_v5_q_ec484e91d2637c51,confirmatory_test,movie,simple,static,greedy_regression_aware_search,greedy_regression_aware_search,/movie/get_movie_info,movie,1,1,0.0,10,0.75,0.95,44.38751097768545,0.7404556124890224,True,True,20260809,700
crag_task_1_and_2_dev_v5_q_ecb5623426c5ce88,crag_task_1_and_2_dev_v5_q_ecb5623426c5ce88,confirmatory_test,movie,simple,static,top_k_low,top_k_low,/movie/get_movie_info,movie,1,1,0.0,10,0.75,0.85,37.68348135054112,0.7414623165186495,True,True,20260809,701
crag_task_1_and_2_dev_v5_q_ecb5623426c5ce88,crag_task_1_and_2_dev_v5_q_ecb5623426c5ce88,confirmatory_test,movie,simple,static,greedy_regression_aware_search,greedy_regression_aware_search,/movie/get_movie_info,movie,1,1,0.0,10,0.75,0.95,44.610291719436646,0.7404553897082806,True,True,20260809,701
crag_task_1_and_2_dev_v5_q_f1e142bd4969782a,crag_task_1_and_2_dev_v5_q_f1e142bd4969782a,confirmatory_test,movie,simple,static,top_k_low,top_k_low,/movie/get_movie_info,movie,1,1,0.0,10,0.75,0.85,38.02444320172072,0.7414619755567984,True,True,20260809,702
crag_task_1_and_2_dev_v5_q_f1e142bd4969782a,crag_task_1_and_2_dev_v5_q_f1e142bd4969782a,confirmatory_test,movie,simple,static,greedy_regression_aware_search,greedy_regression_aware_search,/movie/get_movie_info,movie,1,1,0.0,10,0.75,0.95,46.08082305639982,0.7404539191769437,True,True,20260809,702
crag_task_1_and_2_dev_v5_q_f35177af582da966,crag_task_1_and_2_dev_v5_q_f35177af582da966,confirmatory_test,movie,simple,static,top_k_low,top_k_low,/movie/get_movie_info,movie,1,1,0.0,10,0.75,0.85,41.66611656546593,0.7414583338834346,True,True,20260809,703
crag_task_1_and_2_dev_v5_q_f35177af582da966,crag_task_1_and_2_dev_v5_q_f35177af582da966,confirmatory_test,movie,simple,static,greedy_regression_aware_search,greedy_regression_aware_search,/movie/get_movie_info,movie,1,1,0.0,10,0.75,0.95,48.94639831036329,0.7404510536016897,True,True,20260809,703
crag_task_1_and_2_dev_v5_q_f39686047b841db5,crag_task_1_and_2_dev_v5_q_f39686047b841db5,confirmatory_test,movie,simple,static,top_k_low,top_k_low,/movie/get_movie_info,movie,1,1,0.0,10,0.75,0.85,39.339675568044186,0.741460660324432,True,True,20260809,704
crag_task_1_and_2_dev_v5_q_f39686047b841db5,crag_task_1_and_2_dev_v5_q_f39686047b841db5,confirmatory_test,movie,simple,static,greedy_regression_aware_search,greedy_regression_aware_search,/movie/get_movie_info,movie,1,1,0.0,10,0.75,0.95,45.92524468898773,0.7404540747553111,True,True,20260809,704
crag_task_1_and_2_dev_v5_q_f41d13c7e1f6f90b,crag_task_1_and_2_dev_v5_q_f41d13c7e1f6f90b,confirmatory_test,movie,simple,static,top_k_low,top_k_low,/movie/get_movie_info,movie,1,1,0.0,10,0.75,0.85,34.7133157774806,0.7414652866842225,True,True,20260809,705
crag_task_1_and_2_dev_v5_q_f41d13c7e1f6f90b,crag_task_1_and_2_dev_v5_q_f41d13c7e1f6f90b,confirmatory_test,movie,simple,static,greedy_regression_aware_search,greedy_regression_aware_search,/movie/get_movie_info,movie,1,1,0.0,10,0.75,0.95,43.47243066877127,0.7404565275693312,True,True,20260809,705
crag_task_1_and_2_dev_v5_q_f4f2d48965829d14,crag_task_1_and_2_dev_v5_q_f4f2d48965829d14,confirmatory_test,movie,simple,static,top_k_low,top_k_low,/movie/get_movie_info,movie,1,1,0.0,10,0.875,0.85,39.51142821460962,0.8664604885717855,True,True,20260809,706
crag_task_1_and_2_dev_v5_q_f4f2d48965829d14,crag_task_1_and_2_dev_v5_q_f4f2d48965829d14,confirmatory_test,movie,simple,static,greedy_regression_aware_search,greedy_regression_aware_search,/movie/get_movie_info,movie,1,1,0.0,10,0.875,0.95,46.81979399174452,0.8654531802060083,True,True,20260809,706
crag_task_1_and_2_dev_v5_q_f5ff430e71d82909,crag_task_1_and_2_dev_v5_q_f5ff430e71d82909,confirmatory_test,movie,simple,static,top_k_low,top_k_low,/movie/get_movie_info,movie,1,1,0.0,10,0.75,0.85,37.05518878996372,0.7414629448112101,True,True,20260809,707
crag_task_1_and_2_dev_v5_q_f5ff430e71d82909,crag_task_1_and_2_dev_v5_q_f5ff430e71d82909,confirmatory_test,movie,simple,static,greedy_regression_aware_search,greedy_regression_aware_search,/movie/get_movie_info,movie,1,1,0.0,10,0.75,0.95,45.34521698951721,0.7404546547830105,True,True,20260809,707
crag_task_1_and_2_dev_v5_q_f681d5746b271fac,crag_task_1_and_2_dev_v5_q_f681d5746b271fac,confirmatory_test,movie,simple,static,top_k_low,top_k_low,/movie/get_movie_info,movie,1,1,0.0,10,0.75,0.85,30.77429812401533,0.741469225701876,True,True,20260809,708
crag_task_1_and_2_dev_v5_q_f681d5746b271fac,crag_task_1_and_2_dev_v5_q_f681d5746b271fac,confirmatory_test,movie,simple,static,greedy_regression_aware_search,greedy_regression_aware_search,/movie/get_movie_info,movie,1,1,0.0,10,0.75,0.95,38.27252332121134,0.7404617274766788,True,True,20260809,708
crag_task_1_and_2_dev_v5_q_f7870d046812536b,crag_task_1_and_2_dev_v5_q_f7870d046812536b,confirmatory_test,movie,simple,static,top_k_low,top_k_low,/movie/get_movie_info,movie,1,1,0.0,10,1.0,0.85,37.88461908698082,0.9914621153809132,True,True,20260809,709
crag_task_1_and_2_dev_v5_q_f7870d046812536b,crag_task_1_and_2_dev_v5_q_f7870d046812536b,confirmatory_test,movie,simple,static,greedy_regression_aware_search,greedy_regression_aware_search,/movie/get_movie_info,movie,1,1,0.0,10,1.0,0.95,45.23421730846167,0.9904547657826916,True,True,20260809,709
crag_task_1_and_2_dev_v5_q_f7995cb090102f38,crag_task_1_and_2_dev_v5_q_f7995cb090102f38,confirmatory_test,movie,simple,static,top_k_low,top_k_low,/movie/get_movie_info,movie,1,1,0.0,10,0.7916666666666666,0.85,35.430243238806725,0.7831312364234279,True,True,20260809,710
crag_task_1_and_2_dev_v5_q_f7995cb090102f38,crag_task_1_and_2_dev_v5_q_f7995cb090102f38,confirmatory_test,movie,simple,static,greedy_regression_aware_search,greedy_regression_aware_search,/movie/get_movie_info,movie,1,1,0.0,10,0.7916666666666666,0.95,43.65022201091051,0.7821230164446558,True,True,20260809,710
crag_task_1_and_2_dev_v5_q_fb3c7c35bef31fc3,crag_task_1_and_2_dev_v5_q_fb3c7c35bef31fc3,confirmatory_test,movie,simple,slow-changing,top_k_low,top_k_low,/movie/get_movie_info,movie,1,1,0.0,10,0.84375,0.85,24.506806395947933,0.8352254931936041,True,True,20260809,711
crag_task_1_and_2_dev_v5_q_fb3c7c35bef31fc3,crag_task_1_and_2_dev_v5_q_fb3c7c35bef31fc3,confirmatory_test,movie,simple,slow-changing,greedy_regression_aware_search,greedy_regression_aware_search,/movie/get_movie_info,movie,1,1,0.0,10,0.84375,0.95,29.97049689292908,0.8342200295031071,True,True,20260809,711
crag_task_1_and_2_dev_v5_q_fdd0c23acfc8446c,crag_task_1_and_2_dev_v5_q_fdd0c23acfc8446c,confirmatory_test,movie,simple,static,top_k_low,top_k_low,/movie/get_movie_info,movie,1,1,0.0,10,0.75,0.85,36.906532011926174,0.7414630934679881,True,True,20260809,712
crag_task_1_and_2_dev_v5_q_fdd0c23acfc8446c,crag_task_1_and_2_dev_v5_q_fdd0c23acfc8446c,confirmatory_test,movie,simple,static,greedy_regression_aware_search,greedy_regression_aware_search,/movie/get_movie_info,movie,1,1,0.0,10,0.75,0.95,44.02501601725817,0.7404559749839827,True,True,20260809,712
crag_task_1_and_2_dev_v5_q_0338f9a8fb1513f2,crag_task_1_and_2_dev_v5_q_0338f9a8fb1513f2,confirmatory_test,movie,simple_w_condition,slow-changing,top_k_low,top_k_low,/movie/get_movie_info,movie,1,1,0.0,10,0.75,0.85,40.39283841848373,0.7414596071615815,True,True,20260809,713
crag_task_1_and_2_dev_v5_q_0338f9a8fb1513f2,crag_task_1_and_2_dev_v5_q_0338f9a8fb1513f2,confirmatory_test,movie,simple_w_condition,slow-changing,greedy_regression_aware_search,greedy_regression_aware_search,/movie/get_movie_info,movie,1,1,0.0,10,0.75,0.95,48.55312593281269,0.7404514468740673,True,True,20260809,713
crag_task_1_and_2_dev_v5_q_13350dbde0d33d4f,crag_task_1_and_2_dev_v5_q_13350dbde0d33d4f,confirmatory_test,movie,simple_w_condition,static,top_k_low,top_k_low,/movie/get_movie_info,movie,1,1,0.0,10,0.7651515151515151,0.85,38.90215698629618,0.7566126129945289,True,True,20260809,714
crag_task_1_and_2_dev_v5_q_13350dbde0d33d4f,crag_task_1_and_2_dev_v5_q_13350dbde0d33d4f,confirmatory_test,movie,simple_w_condition,static,greedy_regression_aware_search,greedy_regression_aware_search,/movie/get_movie_info,movie,1,1,0.0,10,0.7651515151515151,0.95,47.460975125432014,0.7556040541763898,True,True,20260809,714
crag_task_1_and_2_dev_v5_q_32582c765270ca3c,crag_task_1_and_2_dev_v5_q_32582c765270ca3c,confirmatory_test,movie,simple_w_condition,static,top_k_low,top_k_low,/movie/get_movie_info,movie,1,1,0.0,10,0.8333333333333334,0.85,39.5252900198102,0.8247938080433136,True,True,20260809,715
crag_task_1_and_2_dev_v5_q_32582c765270ca3c,crag_task_1_and_2_dev_v5_q_32582c765270ca3c,confirmatory_test,movie,simple_w_condition,static,greedy_regression_aware_search,greedy_regression_aware_search,/movie/get_movie_info,movie,1,1,0.0,10,0.8333333333333334,0.95,45.88703624904156,0.8237874462970843,True,True,20260809,715
crag_task_1_and_2_dev_v5_q_34a8b54c7bd47fe6,crag_task_1_and_2_dev_v5_q_34a8b54c7bd47fe6,confirmatory_test,movie,simple_w_condition,static,top_k_low,top_k_low,/movie/get_movie_info,movie,1,1,0.0,10,0.75,0.85,38.31395599991083,0.7414616860440001,True,True,20260809,716
crag_task_1_and_2_dev_v5_q_34a8b54c7bd47fe6,crag_task_1_and_2_dev_v5_q_34a8b54c7bd47fe6,confirmatory_test,movie,simple_w_condition,static,greedy_regression_aware_search,greedy_regression_aware_search,/movie/get_movie_info,movie,1,1,0.0,10,0.75,0.95,45.21972499787808,0.7404547802750022,True,True,20260809,716
crag_task_1_and_2_dev_v5_q_4380ae9045d93b52,crag_task_1_and_2_dev_v5_q_4380ae9045d93b52,confirmatory_test,movie,simple_w_condition,static,top_k_low,top_k_low,/movie/get_movie_info,movie,1,1,0.0,10,0.7608695652173914,0.85,39.71001133322716,0.7523298552060582,True,True,20260809,717
crag_task_1_and_2_dev_v5_q_4380ae9045d93b52,crag_task_1_and_2_dev_v5_q_4380ae9045d93b52,confirmatory_test,movie,simple_w_condition,static,greedy_regression_aware_search,greedy_regression_aware_search,/movie/get_movie_info,movie,1,1,0.0,10,0.7608695652173914,0.95,46.20776697993279,0.7513233574504115,True,True,20260809,717
crag_task_1_and_2_dev_v5_q_65e120afd1b794e0,crag_task_1_and_2_dev_v5_q_65e120afd1b794e0,confirmatory_test,movie,simple_w_condition,static,top_k_low,top_k_low,/movie/get_movie_info,movie,1,1,0.0,10,0.85,0.85,39.18964695185423,0.8414608103530482,True,True,20260809,718
crag_task_1_and_2_dev_v5_q_65e120afd1b794e0,crag_task_1_and_2_dev_v5_q_65e120afd1b794e0,confirmatory_test,movie,simple_w_condition,static,greedy_regression_aware_search,greedy_regression_aware_search,/movie/get_movie_info,movie,1,1,0.0,10,0.85,0.95,45.72570975869894,0.8404542742902413,True,True,20260809,718
crag_task_1_and_2_dev_v5_q_76ecd27b55346538,crag_task_1_and_2_dev_v5_q_76ecd27b55346538,confirmatory_test,movie,simple_w_condition,static,top_k_low,top_k_low,/movie/get_movie_info,movie,1,1,0.0,10,0.75,0.85,38.85737806558609,0.7414611426219344,True,True,20260809,719
crag_task_1_and_2_dev_v5_q_76ecd27b55346538,crag_task_1_and_2_dev_v5_q_76ecd27b55346538,confirmatory_test,movie,simple_w_condition,static,greedy_regression_aware_search,greedy_regression_aware_search,/movie/get_movie_info,movie,1,1,0.0,10,0.75,0.95,46.73184920102358,0.740453268150799,True,True,20260809,719
crag_task_1_and_2_dev_v5_q_d3585307f7408f2a,crag_task_1_and_2_dev_v5_q_d3585307f7408f2a,confirmatory_test,movie,simple_w_condition,static,top_k_low,top_k_low,/movie/get_movie_info,movie,1,1,0.0,10,0.7575757575757576,0.85,32.35803171992302,0.7490433995440376,True,True,20260809,720
crag_task_1_and_2_dev_v5_q_d3585307f7408f2a,crag_task_1_and_2_dev_v5_q_d3585307f7408f2a,confirmatory_test,movie,simple_w_condition,static,greedy_regression_aware_search,greedy_regression_aware_search,/movie/get_movie_info,movie,1,1,0.0,10,0.7575757575757576,0.95,38.39749377220869,0.7480373600819854,True,True,20260809,720
crag_task_1_and_2_dev_v5_q_e3f47c4749839b3f,crag_task_1_and_2_dev_v5_q_e3f47c4749839b3f,confirmatory_test,movie,simple_w_condition,static,top_k_low,top_k_low,/movie/get_movie_info,movie,1,1,0.0,10,0.75,0.85,23.23295548558235,0.7414767670445145,True,True,20260809,721
crag_task_1_and_2_dev_v5_q_e3f47c4749839b3f,crag_task_1_and_2_dev_v5_q_e3f47c4749839b3f,confirmatory_test,movie,simple_w_condition,static,greedy_regression_aware_search,greedy_regression_aware_search,/movie/get_movie_info,movie,1,1,0.0,10,0.75,0.95,29.2303953319788,0.7404707696046681,True,True,20260809,721
crag_task_1_and_2_dev_v5_q_109fee29c658c150,crag_task_1_and_2_dev_v5_q_109fee29c658c150,confirmatory_test,music,aggregation,slow-changing,top_k_low,top_k_low,/music/search_artist_entity_by_name,music,1,1,0.0,10,0.8333333333333334,0.85,4.341243766248226,0.8248289920895672,True,True,20260809,722
crag_task_1_and_2_dev_v5_q_109fee29c658c150,crag_task_1_and_2_dev_v5_q_109fee29c658c150,confirmatory_test,music,aggregation,slow-changing,greedy_regression_aware_search,greedy_regression_aware_search,/music/search_artist_entity_by_name,music,1,1,0.0,10,0.8333333333333334,0.95,7.463112473487854,0.82382587022086,True,True,20260809,722
crag_task_1_and_2_dev_v5_q_1ca7516d90fd86c7,crag_task_1_and_2_dev_v5_q_1ca7516d90fd86c7,confirmatory_test,music,aggregation,slow-changing,top_k_low,top_k_low,/music/search_artist_entity_by_name,music,1,1,0.0,10,0.9166666666666666,0.85,3.864223137497902,0.9081628024435292,True,True,20260809,723
crag_task_1_and_2_dev_v5_q_1ca7516d90fd86c7,crag_task_1_and_2_dev_v5_q_1ca7516d90fd86c7,confirmatory_test,music,aggregation,slow-changing,greedy_regression_aware_search,greedy_regression_aware_search,/music/search_artist_entity_by_name,music,1,1,0.0,10,0.9166666666666666,0.95,3.966580145061016,0.9071627000865216,True,True,20260809,723
crag_task_1_and_2_dev_v5_q_2c3dce1caea8422b,crag_task_1_and_2_dev_v5_q_2c3dce1caea8422b,confirmatory_test,music,aggregation,static,top_k_low,top_k_low,/music/search_artist_entity_by_name,music,1,1,0.0,10,0.85,0.85,1.3741031289100647,0.8414986258968711,True,True,20260809,724
crag_task_1_and_2_dev_v5_q_2c3dce1caea8422b,crag_task_1_and_2_dev_v5_q_2c3dce1caea8422b,confirmatory_test,music,aggregation,static,greedy_regression_aware_search,greedy_regression_aware_search,/music/search_artist_entity_by_name,music,1,1,0.0,10,0.85,0.95,1.456158235669136,0.8404985438417644,True,True,20260809,724
crag_task_1_and_2_dev_v5_q_441a145bd0da36ef,crag_task_1_and_2_dev_v5_q_441a145bd0da36ef,confirmatory_test,music,aggregation,static,top_k_low,top_k_low,/music/search_artist_entity_by_name,music,1,1,0.0,10,0.875,0.85,3.3341431990265846,0.8664966658568011,True,True,20260809,725
crag_task_1_and_2_dev_v5_q_441a145bd0da36ef,crag_task_1_and_2_dev_v5_q_441a145bd0da36ef,confirmatory_test,music,aggregation,static,greedy_regression_aware_search,greedy_regression_aware_search,/music/search_artist_entity_by_name,music,1,1,0.0,10,0.875,0.95,3.291056491434574,0.8654967089435086,True,True,20260809,725
crag_task_1_and_2_dev_v5_q_4d7d29e543da4960,crag_task_1_and_2_dev_v5_q_4d7d29e543da4960,confirmatory_test,music,aggregation,slow-changing,top_k_low,top_k_low,/music/search_artist_entity_by_name,music,1,1,0.0,10,1.0,0.85,1.537383534014225,0.991498462616466,True,True,20260809,726
crag_task_1_and_2_dev_v5_q_4d7d29e543da4960,crag_task_1_and_2_dev_v5_q_4d7d29e543da4960,confirmatory_test,music,aggregation,slow-changing,greedy_regression_aware_search,greedy_regression_aware_search,/music/search_artist_entity_by_name,music,1,1,0.0,10,1.0,0.95,1.66278425604105,0.990498337215744,True,True,20260809,726
crag_task_1_and_2_dev_v5_q_6c608654e83b0cec,crag_task_1_and_2_dev_v5_q_6c608654e83b0cec,confirmatory_test,music,aggregation,slow-changing,top_k_low,top_k_low,/music/search_artist_entity_by_name,music,1,1,0.0,10,0.875,0.85,3.366281278431416,0.8664966337187217,True,True,20260809,727
crag_task_1_and_2_dev_v5_q_6c608654e83b0cec,crag_task_1_and_2_dev_v5_q_6c608654e83b0cec,confirmatory_test,music,aggregation,slow-changing,greedy_regression_aware_search,greedy_regression_aware_search,/music/search_artist_entity_by_name,music,1,1,0.0,10,0.875,0.95,3.2916171476244926,0.8654967083828524,True,True,20260809,727
crag_task_1_and_2_dev_v5_q_ae8293d9e5d4cc67,crag_task_1_and_2_dev_v5_q_ae8293d9e5d4cc67,confirmatory_test,music,aggregation,slow-changing,top_k_low,top_k_low,/music/search_artist_entity_by_name,music,1,1,0.0,10,0.8333333333333334,0.85,0.991176813840866,0.8248323421565196,True,True,20260809,728
crag_task_1_and_2_dev_v5_q_ae8293d9e5d4cc67,crag_task_1_and_2_dev_v5_q_ae8293d9e5d4cc67,confirmatory_test,music,aggregation,slow-changing,greedy_regression_aware_search,greedy_regression_aware_search,/music/search_artist_entity_by_name,music,1,1,0.0,10,0.8333333333333334,0.95,1.0177679359912872,0.8238323155653974,True,True,20260809,728
crag_task_1_and_2_dev_v5_q_bbc90c64e38da756,crag_task_1_and_2_dev_v5_q_bbc90c64e38da756,confirmatory_test,music,aggregation,static,top_k_low,top_k_low,/music/search_artist_entity_by_name,music,1,1,0.0,10,0.8461538461538461,0.85,3.6132801324129113,0.8376502328737138,True,True,20260809,729
crag_task_1_and_2_dev_v5_q_bbc90c64e38da756,crag_task_1_and_2_dev_v5_q_bbc90c64e38da756,confirmatory_test,music,aggregation,static,greedy_regression_aware_search,greedy_regression_aware_search,/music/search_artist_entity_by_name,music,1,1,0.0,10,0.8461538461538461,0.95,3.702856600284576,0.836650143297246,True,True,20260809,729
crag_task_1_and_2_dev_v5_q_cb2f56615fc2b385,crag_task_1_and_2_dev_v5_q_cb2f56615fc2b385,confirmatory_test,music,aggregation,slow-changing,top_k_low,top_k_low,/music/search_artist_entity_by_name,music,1,1,0.0,10,0.85,0.85,1.218905672430992,0.8414987810943276,True,True,20260809,730
crag_task_1_and_2_dev_v5_q_cb2f56615fc2b385,crag_task_1_and_2_dev_v5_q_cb2f56615fc2b385,confirmatory_test,music,aggregation,slow-changing,greedy_regression_aware_search,greedy_regression_aware_search,/music/search_artist_entity_by_name,music,1,1,0.0,10,0.85,0.95,1.2519462034106257,0.8404987480537967,True,True,20260809,730
crag_task_1_and_2_dev_v5_q_ccba5c3a510d6321,crag_task_1_and_2_dev_v5_q_ccba5c3a510d6321,confirmatory_test,music,aggregation,slow-changing,top_k_low,top_k_low,/music/search_artist_entity_by_name,music,1,1,0.0,10,0.875,0.85,0.3042146563529968,0.8664996957853437,True,True,20260809,731
crag_task_1_and_2_dev_v5_q_ccba5c3a510d6321,crag_task_1_and_2_dev_v5_q_ccba5c3a510d6321,confirmatory_test,music,aggregation,slow-changing,greedy_regression_aware_search,greedy_regression_aware_search,/music/search_artist_entity_by_name,music,1,1,0.0,10,0.875,0.95,0.302772969007492,0.865499697227031,True,True,20260809,731
crag_task_1_and_2_dev_v5_q_daef149dfe1db867,crag_task_1_and_2_dev_v5_q_daef149dfe1db867,confirmatory_test,music,aggregation,static,top_k_low,top_k_low,/music/search_artist_entity_by_name,music,1,1,0.0,10,0.75,0.85,1.83758232742548,0.7414981624176726,True,True,20260809,732
crag_task_1_and_2_dev_v5_q_daef149dfe1db867,crag_task_1_and_2_dev_v5_q_daef149dfe1db867,confirmatory_test,music,aggregation,static,greedy_regression_aware_search,greedy_regression_aware_search,/music/search_artist_entity_by_name,music,1,1,0.0,10,0.75,0.95,1.8783742561936376,0.7404981216257438,True,True,20260809,732
crag_task_1_and_2_dev_v5_q_eda4333168a82625,crag_task_1_and_2_dev_v5_q_eda4333168a82625,confirmatory_test,music,aggregation,slow-changing,top_k_low,top_k_low,/music/search_artist_entity_by_name,music,1,1,0.0,10,0.85,0.85,1.8280688673257828,0.8414981719311327,True,True,20260809,733
crag_task_1_and_2_dev_v5_q_eda4333168a82625,crag_task_1_and_2_dev_v5_q_eda4333168a82625,confirmatory_test,music,aggregation,slow-changing,greedy_regression_aware_search,greedy_regression_aware_search,/music/search_artist_entity_by_name,music,1,1,0.0,10,0.85,0.95,1.8020281568169596,0.8404981979718432,True,True,20260809,733
crag_task_1_and_2_dev_v5_q_f6dc6e84a7bfe4d5,crag_task_1_and_2_dev_v5_q_f6dc6e84a7bfe4d5,confirmatory_test,music,aggregation,slow-changing,top_k_low,top_k_low,/music/search_artist_entity_by_name,music,1,1,0.0,10,0.8571428571428571,0.85,3.947761841118336,0.848638909381016,True,True,20260809,734
crag_task_1_and_2_dev_v5_q_f6dc6e84a7bfe4d5,crag_task_1_and_2_dev_v5_q_f6dc6e84a7bfe4d5,confirmatory_test,music,aggregation,slow-changing,greedy_regression_aware_search,greedy_regression_aware_search,/music/search_artist_entity_by_name,music,1,1,0.0,10,0.8571428571428571,0.95,3.986370749771595,0.8476388707721074,True,True,20260809,734
crag_task_1_and_2_dev_v5_q_145401be2131446b,crag_task_1_and_2_dev_v5_q_145401be2131446b,confirmatory_test,music,comparison,static,top_k_low,top_k_low,/music/search_artist_entity_by_name,music,1,1,0.0,10,0.75,0.85,1.442357897758484,0.7414985576421023,True,True,20260809,735
crag_task_1_and_2_dev_v5_q_145401be2131446b,crag_task_1_and_2_dev_v5_q_145401be2131446b,confirmatory_test,music,comparison,static,greedy_regression_aware_search,greedy_regression_aware_search,/music/search_artist_entity_by_name,music,1,1,0.0,10,0.75,0.95,1.5333853662014008,0.7404984666146338,True,True,20260809,735
crag_task_1_and_2_dev_v5_q_5bc03322248f5798,crag_task_1_and_2_dev_v5_q_5bc03322248f5798,confirmatory_test,music,comparison,static,top_k_low,top_k_low,/music/search_artist_entity_by_name,music,1,1,0.0,10,0.8333333333333334,0.85,1.5551401302218435,0.8248317781932032,True,True,20260809,736
crag_task_1_and_2_dev_v5_q_5bc03322248f5798,crag_task_1_and_2_dev_v5_q_5bc03322248f5798,confirmatory_test,music,comparison,static,greedy_regression_aware_search,greedy_regression_aware_search,/music/search_artist_entity_by_name,music,1,1,0.0,10,0.8333333333333334,0.95,1.6732104122638702,0.8238316601229212,True,True,20260809,736
crag_task_1_and_2_dev_v5_q_8edb844703eebb08,crag_task_1_and_2_dev_v5_q_8edb844703eebb08,confirmatory_test,music,comparison,slow-changing,top_k_low,top_k_low,/music/search_artist_entity_by_name,music,1,1,0.0,10,0.8235294117647058,0.85,1.0546743869781494,0.815028357090319,True,True,20260809,737
crag_task_1_and_2_dev_v5_q_8edb844703eebb08,crag_task_1_and_2_dev_v5_q_8edb844703eebb08,confirmatory_test,music,comparison,slow-changing,greedy_regression_aware_search,greedy_regression_aware_search,/music/search_artist_entity_by_name,music,1,1,0.0,10,0.8235294117647058,0.95,1.1577922850847244,0.8140282539724208,True,True,20260809,737
crag_task_1_and_2_dev_v5_q_a15181c61f218202,crag_task_1_and_2_dev_v5_q_a15181c61f218202,confirmatory_test,music,comparison,static,top_k_low,top_k_low,/music/search_artist_entity_by_name,music,1,1,0.0,10,1.0,0.85,1.2195352464914322,0.9914987804647536,True,True,20260809,738
crag_task_1_and_2_dev_v5_q_a15181c61f218202,crag_task_1_and_2_dev_v5_q_a15181c61f218202,confirmatory_test,music,comparison,static,greedy_regression_aware_search,greedy_regression_aware_search,/music/search_artist_entity_by_name,music,1,1,0.0,10,1.0,0.95,1.3278517872095108,0.9904986721482129,True,True,20260809,738
crag_task_1_and_2_dev_v5_q_b289dd8b1b421781,crag_task_1_and_2_dev_v5_q_b289dd8b1b421781,confirmatory_test,music,comparison,slow-changing,top_k_low,top_k_low,/music/search_artist_entity_by_name,music,1,1,0.0,10,0.85,0.85,2.4605756625533104,0.8414975394243375,True,True,20260809,739
crag_task_1_and_2_dev_v5_q_b289dd8b1b421781,crag_task_1_and_2_dev_v5_q_b289dd8b1b421781,confirmatory_test,music,comparison,slow-changing,greedy_regression_aware_search,greedy_regression_aware_search,/music/search_artist_entity_by_name,music,1,1,0.0,10,0.85,0.95,2.382696606218815,0.8404976173033938,True,True,20260809,739
crag_task_1_and_2_dev_v5_q_bd1520c4b6af45e1,crag_task_1_and_2_dev_v5_q_bd1520c4b6af45e1,confirmatory_test,music,comparison,slow-changing,top_k_low,top_k_low,/music/search_artist_entity_by_name,music,1,1,0.0,10,0.8461538461538461,0.85,2.2529782727360725,0.8376515931755735,True,True,20260809,740
crag_task_1_and_2_dev_v5_q_bd1520c4b6af45e1,crag_task_1_and_2_dev_v5_q_bd1520c4b6af45e1,confirmatory_test,music,comparison,slow-changing,greedy_regression_aware_search,greedy_regression_aware_search,/music/search_artist_entity_by_name,music,1,1,0.0,10,0.8461538461538461,0.95,2.261691726744175,0.8366515844621194,True,True,20260809,740
crag_task_1_and_2_dev_v5_q_cb520b13b6d0fe95,crag_task_1_and_2_dev_v5_q_cb520b13b6d0fe95,confirmatory_test,music,comparison,static,top_k_low,top_k_low,/music/search_artist_entity_by_name,music,1,1,0.0,10,0.9,0.85,4.480998031795025,0.8914955190019683,True,True,20260809,741
crag_task_1_and_2_dev_v5_q_cb520b13b6d0fe95,crag_task_1_and_2_dev_v5_q_cb520b13b6d0fe95,confirmatory_test,music,comparison,static,greedy_regression_aware_search,greedy_regression_aware_search,/music/search_artist_entity_by_name,music,1,1,0.0,10,0.9,0.95,4.503081552684307,0.8904954969184474,True,True,20260809,741
crag_task_1_and_2_dev_v5_q_d8a222e9f882effb,crag_task_1_and_2_dev_v5_q_d8a222e9f882effb,confirmatory_test,music,comparison,slow-changing,top_k_low,top_k_low,/music/search_artist_entity_by_name,music,1,1,0.0,10,0.8333333333333334,0.85,1.520806923508644,0.8248318125264099,True,True,20260809,742
crag_task_1_and_2_dev_v5_q_d8a222e9f882effb,crag_task_1_and_2_dev_v5_q_d8a222e9f882effb,confirmatory_test,music,comparison,slow-changing,greedy_regression_aware_search,greedy_regression_aware_search,/music/search_artist_entity_by_name,music,1,1,0.0,10,0.8333333333333334,0.95,1.6794400289654732,0.8238316538933045,True,True,20260809,742
crag_task_1_and_2_dev_v5_q_f164e091b7d62bea,crag_task_1_and_2_dev_v5_q_f164e091b7d62bea,confirmatory_test,music,comparison,slow-changing,top_k_low,top_k_low,/music/search_artist_entity_by_name,music,1,1,0.0,10,0.75,0.85,0.4274947568774223,0.7414995725052431,True,True,20260809,743
crag_task_1_and_2_dev_v5_q_f164e091b7d62bea,crag_task_1_and_2_dev_v5_q_f164e091b7d62bea,confirmatory_test,music,comparison,slow-changing,greedy_regression_aware_search,greedy_regression_aware_search,/music/search_artist_entity_by_name,music,1,1,0.0,10,0.75,0.95,0.4853028804063797,0.7404995146971196,True,True,20260809,743
crag_task_1_and_2_dev_v5_q_27299ba117370b79,crag_task_1_and_2_dev_v5_q_27299ba117370b79,confirmatory_test,music,false_premise,static,top_k_low,top_k_low,/music/search_artist_entity_by_name,music,1,1,0.0,10,0.75,0.85,5.880339071154594,0.7414941196609289,True,True,20260809,744
crag_task_1_and_2_dev_v5_q_27299ba117370b79,crag_task_1_and_2_dev_v5_q_27299ba117370b79,confirmatory_test,music,false_premise,static,greedy_regression_aware_search,greedy_regression_aware_search,/music/search_artist_entity_by_name,music,1,1,0.0,10,0.75,0.95,5.621894262731075,0.7404943781057373,True,True,20260809,744
crag_task_1_and_2_dev_v5_q_2e321414e91d89c7,crag_task_1_and_2_dev_v5_q_2e321414e91d89c7,confirmatory_test,music,false_premise,static,top_k_low,top_k_low,/music/search_artist_entity_by_name,music,1,1,0.0,10,0.75,0.85,5.420204252004623,0.7414945797957481,True,True,20260809,745
crag_task_1_and_2_dev_v5_q_2e321414e91d89c7,crag_task_1_and_2_dev_v5_q_2e321414e91d89c7,confirmatory_test,music,false_premise,static,greedy_regression_aware_search,greedy_regression_aware_search,/music/search_artist_entity_by_name,music,1,1,0.0,10,0.75,0.95,5.390649661421776,0.7404946093503386,True,True,20260809,745
crag_task_1_and_2_dev_v5_q_388c326b756abade,crag_task_1_and_2_dev_v5_q_388c326b756abade,confirmatory_test,music,false_premise,static,top_k_low,top_k_low,/music/search_artist_entity_by_name,music,1,1,0.0,10,0.75,0.85,4.25594300031662,0.7414957440569997,True,True,20260809,746
crag_task_1_and_2_dev_v5_q_388c326b756abade,crag_task_1_and_2_dev_v5_q_388c326b756abade,confirmatory_test,music,false_premise,static,greedy_regression_aware_search,greedy_regression_aware_search,/music/search_artist_entity_by_name,music,1,1,0.0,10,0.75,0.95,4.316787235438824,0.7404956832127646,True,True,20260809,746
crag_task_1_and_2_dev_v5_q_3e87c86350ff98e5,crag_task_1_and_2_dev_v5_q_3e87c86350ff98e5,confirmatory_test,music,false_premise,static,top_k_low,top_k_low,/music/search_artist_entity_by_name,music,1,1,0.0,10,0.75,0.85,5.1075369119644165,0.7414948924630881,True,True,20260809,747
crag_task_1_and_2_dev_v5_q_3e87c86350ff98e5,crag_task_1_and_2_dev_v5_q_3e87c86350ff98e5,confirmatory_test,music,false_premise,static,greedy_regression_aware_search,greedy_regression_aware_search,/music/search_artist_entity_by_name,music,1,1,0.0,10,0.75,0.95,5.088778212666512,0.7404949112217873,True,True,20260809,747
crag_task_1_and_2_dev_v5_q_4e896cd107b85a18,crag_task_1_and_2_dev_v5_q_4e896cd107b85a18,confirmatory_test,music,false_premise,static,top_k_low,top_k_low,/music/search_artist_entity_by_name,music,1,1,0.0,10,0.75,0.85,6.81673176586628,0.7414931832682342,True,True,20260809,748
crag_task_1_and_2_dev_v5_q_4e896cd107b85a18,crag_task_1_and_2_dev_v5_q_4e896cd107b85a18,confirmatory_test,music,false_premise,static,greedy_regression_aware_search,greedy_regression_aware_search,/music/search_artist_entity_by_name,music,1,1,0.0,10,0.75,0.95,6.74181804060936,0.7404932581819594,True,True,20260809,748
crag_task_1_and_2_dev_v5_q_69a21d224c3a4970,crag_task_1_and_2_dev_v5_q_69a21d224c3a4970,confirmatory_test,music,false_premise,static,top_k_low,top_k_low,/music/search_artist_entity_by_name,music,1,1,0.0,10,0.75,0.85,0.7437579333782196,0.7414992562420667,True,True,20260809,749
crag_task_1_and_2_dev_v5_q_69a21d224c3a4970,crag_task_1_and_2_dev_v5_q_69a21d224c3a4970,confirmatory_test,music,false_premise,static,greedy_regression_aware_search,greedy_regression_aware_search,/music/search_artist_entity_by_name,music,1,1,0.0,10,0.75,0.95,0.846625305712223,0.7404991533746943,True,True,20260809,749
crag_task_1_and_2_dev_v5_q_a021cfe5a29f1c8f,crag_task_1_and_2_dev_v5_q_a021cfe5a29f1c8f,confirmatory_test,music,false_premise,static,top_k_low,top_k_low,/music/search_artist_entity_by_name,music,1,1,0.0,10,0.75,0.85,4.216683097183704,0.7414957833169029,True,True,20260809,750
crag_task_1_and_2_dev_v5_q_a021cfe5a29f1c8f,crag_task_1_and_2_dev_v5_q_a021cfe5a29f1c8f,confirmatory_test,music,false_premise,static,greedy_regression_aware_search,greedy_regression_aware_search,/music/search_artist_entity_by_name,music,1,1,0.0,10,0.75,0.95,4.147928208112717,0.7404958520717919,True,True,20260809,750
crag_task_1_and_2_dev_v5_q_b8d225d4d58ba96a,crag_task_1_and_2_dev_v5_q_b8d225d4d58ba96a,confirmatory_test,music,false_premise,static,top_k_low,top_k_low,/music/search_artist_entity_by_name,music,1,1,0.0,10,0.75,0.85,0.992809422314167,0.7414990071905777,True,True,20260809,751
crag_task_1_and_2_dev_v5_q_b8d225d4d58ba96a,crag_task_1_and_2_dev_v5_q_b8d225d4d58ba96a,confirmatory_test,music,false_premise,static,greedy_regression_aware_search,greedy_regression_aware_search,/music/search_artist_entity_by_name,music,1,1,0.0,10,0.75,0.95,1.1051706969738009,0.7404988948293031,True,True,20260809,751
crag_task_1_and_2_dev_v5_q_d48864e0613c459e,crag_task_1_and_2_dev_v5_q_d48864e0613c459e,confirmatory_test,music,false_premise,static,top_k_low,top_k_low,/music/search_artist_entity_by_name,music,1,1,0.0,10,0.75,0.85,9.591298177838326,0.7414904087018223,True,True,20260809,752
crag_task_1_and_2_dev_v5_q_d48864e0613c459e,crag_task_1_and_2_dev_v5_q_d48864e0613c459e,confirmatory_test,music,false_premise,static,greedy_regression_aware_search,greedy_regression_aware_search,/music/search_artist_entity_by_name,music,1,1,0.0,10,0.75,0.95,9.54718142747879,0.7404904528185726,True,True,20260809,752
crag_task_1_and_2_dev_v5_q_dab0855848b5abcc,crag_task_1_and_2_dev_v5_q_dab0855848b5abcc,confirmatory_test,music,false_premise,static,top_k_low,top_k_low,/music/search_artist_entity_by_name,music,1,1,0.0,10,0.75,0.85,3.7415465340018272,0.741496258453466,True,True,20260809,753
crag_task_1_and_2_dev_v5_q_dab0855848b5abcc,crag_task_1_and_2_dev_v5_q_dab0855848b5abcc,confirmatory_test,music,false_premise,static,greedy_regression_aware_search,greedy_regression_aware_search,/music/search_artist_entity_by_name,music,1,1,0.0,10,0.75,0.95,3.764069639146328,0.7404962359303608,True,True,20260809,753
crag_task_1_and_2_dev_v5_q_0bc45a7add23d47b,crag_task_1_and_2_dev_v5_q_0bc45a7add23d47b,confirmatory_test,music,multi-hop,static,top_k_low,top_k_low,/music/search_artist_entity_by_name,music,1,1,0.0,10,0.75,0.85,0.950174406170845,0.7414990498255939,True,True,20260809,754
crag_task_1_and_2_dev_v5_q_0bc45a7add23d47b,crag_task_1_and_2_dev_v5_q_0bc45a7add23d47b,confirmatory_test,music,multi-hop,static,greedy_regression_aware_search,greedy_regression_aware_search,/music/search_artist_entity_by_name,music,1,1,0.0,10,0.75,0.95,1.1684689670801165,0.740498831531033,True,True,20260809,754
crag_task_1_and_2_dev_v5_q_26e0d91bc797f3f1,crag_task_1_and_2_dev_v5_q_26e0d91bc797f3f1,confirmatory_test,music,multi-hop,static,top_k_low,top_k_low,/music/search_artist_entity_by_name,music,1,1,0.0,10,0.75,0.85,0.8712131530046463,0.7414991287868471,True,True,20260809,755
crag_task_1_and_2_dev_v5_q_26e0d91bc797f3f1,crag_task_1_and_2_dev_v5_q_26e0d91bc797f3f1,confirmatory_test,music,multi-hop,static,greedy_regression_aware_search,greedy_regression_aware_search,/music/search_artist_entity_by_name,music,1,1,0.0,10,0.75,0.95,1.0021738708019257,0.7404989978261293,True,True,20260809,755
crag_task_1_and_2_dev_v5_q_2914fe6d6cb4ed67,crag_task_1_and_2_dev_v5_q_2914fe6d6cb4ed67,confirmatory_test,music,multi-hop,static,top_k_low,top_k_low,/music/search_artist_entity_by_name,music,1,1,0.0,10,0.85,0.85,0.7004719227552414,0.8414992995280772,True,True,20260809,756
crag_task_1_and_2_dev_v5_q_2914fe6d6cb4ed67,crag_task_1_and_2_dev_v5_q_2914fe6d6cb4ed67,confirmatory_test,music,multi-hop,static,greedy_regression_aware_search,greedy_regression_aware_search,/music/search_artist_entity_by_name,music,1,1,0.0,10,0.85,0.95,0.7434273138642311,0.8404992565726862,True,True,20260809,756
crag_task_1_and_2_dev_v5_q_47e9241c00c08e89,crag_task_1_and_2_dev_v5_q_47e9241c00c08e89,confirmatory_test,music,multi-hop,slow-changing,top_k_low,top_k_low,/music/search_artist_entity_by_name,music,1,1,0.0,10,0.8125,0.85,1.8188422545790672,0.8039981811577455,True,True,20260809,757
crag_task_1_and_2_dev_v5_q_47e9241c00c08e89,crag_task_1_and_2_dev_v5_q_47e9241c00c08e89,confirmatory_test,music,multi-hop,slow-changing,greedy_regression_aware_search,greedy_regression_aware_search,/music/search_artist_entity_by_name,music,1,1,0.0,10,0.8125,0.95,1.7689978703856468,0.8029982310021296,True,True,20260809,757
crag_task_1_and_2_dev_v5_q_623f75276bba938b,crag_task_1_and_2_dev_v5_q_623f75276bba938b,confirmatory_test,music,multi-hop,fast-changing,top_k_low,top_k_low,/music/search_artist_entity_by_name,music,1,1,0.0,10,0.8409090909090909,0.85,0.5542878061532974,0.8324085366212849,True,True,20260809,758
crag_task_1_and_2_dev_v5_q_623f75276bba938b,crag_task_1_and_2_dev_v5_q_623f75276bba938b,confirmatory_test,music,multi-hop,fast-changing,greedy_regression_aware_search,greedy_regression_aware_search,/music/search_artist_entity_by_name,music,1,1,0.0,10,0.8409090909090909,0.95,0.5962923169136047,0.831408494616774,True,True,20260809,758
crag_task_1_and_2_dev_v5_q_a6e0d11f5f507dc8,crag_task_1_and_2_dev_v5_q_a6e0d11f5f507dc8,confirmatory_test,music,multi-hop,fast-changing,top_k_low,top_k_low,/music/search_artist_entity_by_name,music,1,1,0.0,10,0.8333333333333334,0.85,1.0109171271324158,0.8248323224162063,True,True,20260809,759
crag_task_1_and_2_dev_v5_q_a6e0d11f5f507dc8,crag_task_1_and_2_dev_v5_q_a6e0d11f5f507dc8,confirmatory_test,music,multi-hop,fast-changing,greedy_regression_aware_search,greedy_regression_aware_search,/music/search_artist_entity_by_name,music,1,1,0.0,10,0.8333333333333334,0.95,1.1027976870536804,0.8238322305356464,True,True,20260809,759
crag_task_1_and_2_dev_v5_q_c336fd6a8b4d8483,crag_task_1_and_2_dev_v5_q_c336fd6a8b4d8483,confirmatory_test,music,multi-hop,static,top_k_low,top_k_low,/music/search_artist_entity_by_name,music,1,1,0.0,10,0.75,0.85,0.9946925565600396,0.7414990053074435,True,True,20260809,760
crag_task_1_and_2_dev_v5_q_c336fd6a8b4d8483,crag_task_1_and_2_dev_v5_q_c336fd6a8b4d8483,confirmatory_test,music,multi-hop,static,greedy_regression_aware_search,greedy_regression_aware_search,/music/search_artist_entity_by_name,music,1,1,0.0,10,0.75,0.95,1.0467618703842163,0.7404989532381296,True,True,20260809,760
crag_task_1_and_2_dev_v5_q_f8b20130e3f74492,crag_task_1_and_2_dev_v5_q_f8b20130e3f74492,confirmatory_test,music,multi-hop,static,top_k_low,top_k_low,/music/search_artist_entity_by_name,music,1,1,0.0,10,0.8,0.85,1.7558969557285309,0.7914982441030444,True,True,20260809,761
crag_task_1_and_2_dev_v5_q_f8b20130e3f74492,crag_task_1_and_2_dev_v5_q_f8b20130e3f74492,confirmatory_test,music,multi-hop,static,greedy_regression_aware_search,greedy_regression_aware_search,/music/search_artist_entity_by_name,music,1,1,0.0,10,0.8,0.95,2.256113104522228,0.7904977438868955,True,True,20260809,761
crag_task_1_and_2_dev_v5_q_005b7423882a8e50,crag_task_1_and_2_dev_v5_q_005b7423882a8e50,confirmatory_test,music,post-processing,static,top_k_low,top_k_low,/music/search_artist_entity_by_name,music,1,1,0.0,10,0.75,0.85,2.1967822685837746,0.7414978032177315,True,True,20260809,762
crag_task_1_and_2_dev_v5_q_005b7423882a8e50,crag_task_1_and_2_dev_v5_q_005b7423882a8e50,confirmatory_test,music,post-processing,static,greedy_regression_aware_search,greedy_regression_aware_search,/music/search_artist_entity_by_name,music,1,1,0.0,10,0.75,0.95,2.206758596003056,0.7404977932414041,True,True,20260809,762
crag_task_1_and_2_dev_v5_q_08d24a608feaafa5,crag_task_1_and_2_dev_v5_q_08d24a608feaafa5,confirmatory_test,music,set,static,top_k_low,top_k_low,/music/search_artist_entity_by_name,music,1,1,0.0,10,0.75,0.85,8.049558848142624,0.7414919504411519,True,True,20260809,763
crag_task_1_and_2_dev_v5_q_08d24a608feaafa5,crag_task_1_and_2_dev_v5_q_08d24a608feaafa5,confirmatory_test,music,set,static,greedy_regression_aware_search,greedy_regression_aware_search,/music/search_artist_entity_by_name,music,1,1,0.0,10,0.75,0.95,7.748979143798351,0.7404922510208563,True,True,20260809,763
crag_task_1_and_2_dev_v5_q_1438bca72d28aeee,crag_task_1_and_2_dev_v5_q_1438bca72d28aeee,confirmatory_test,music,set,static,top_k_low,top_k_low,/music/search_artist_entity_by_name,music,1,1,0.0,10,0.8214285714285714,0.85,3.3991625532507896,0.8129251722660182,True,True,20260809,764
crag_task_1_and_2_dev_v5_q_1438bca72d28aeee,crag_task_1_and_2_dev_v5_q_1438bca72d28aeee,confirmatory_test,music,set,static,greedy_regression_aware_search,greedy_regression_aware_search,/music/search_artist_entity_by_name,music,1,1,0.0,10,0.8214285714285714,0.95,3.321313299238682,0.8119252501152722,True,True,20260809,764
crag_task_1_and_2_dev_v5_q_1d9f38d5519fdc9d,crag_task_1_and_2_dev_v5_q_1d9f38d5519fdc9d,confirmatory_test,music,set,static,top_k_low,top_k_low,/music/search_artist_entity_by_name,music,1,1,0.0,10,0.78125,0.85,7.660143077373505,0.7727423398569226,True,True,20260809,765
crag_task_1_and_2_dev_v5_q_1d9f38d5519fdc9d,crag_task_1_and_2_dev_v5_q_1d9f38d5519fdc9d,confirmatory_test,music,set,static,greedy_regression_aware_search,greedy_regression_aware_search,/music/search_artist_entity_by_name,music,1,1,0.0,10,0.78125,0.95,7.968314923346043,0.7717420316850767,True,True,20260809,765
crag_task_1_and_2_dev_v5_q_2c649a0f96b6e549,crag_task_1_and_2_dev_v5_q_2c649a0f96b6e549,confirmatory_test,music,set,slow-changing,top_k_low,top_k_low,/music/search_artist_entity_by_name,music,1,1,0.0,10,0.75,0.85,0.8251229301095009,0.74149917487707,True,True,20260809,766
crag_task_1_and_2_dev_v5_q_2c649a0f96b6e549,crag_task_1_and_2_dev_v5_q_2c649a0f96b6e549,confirmatory_test,music,set,slow-changing,greedy_regression_aware_search,greedy_regression_aware_search,/music/search_artist_entity_by_name,music,1,1,0.0,10,0.75,0.95,0.9192870929837228,0.740499080712907,True,True,20260809,766
crag_task_1_and_2_dev_v5_q_33cb54695fb36f4f,crag_task_1_and_2_dev_v5_q_33cb54695fb36f4f,confirmatory_test,music,set,static,top_k_low,top_k_low,/music/search_artist_entity_by_name,music,1,1,0.0,10,0.7941176470588235,0.85,7.770371623337269,0.7856098766872002,True,True,20260809,767
crag_task_1_and_2_dev_v5_q_33cb54695fb36f4f,crag_task_1_and_2_dev_v5_q_33cb54695fb36f4f,confirmatory_test,music,set,static,greedy_regression_aware_search,greedy_regression_aware_search,/music/search_artist_entity_by_name,music,1,1,0.0,10,0.7941176470588235,0.95,7.677889429032803,0.7846099691693945,True,True,20260809,767
crag_task_1_and_2_dev_v5_q_492800ba1d2bff4c,crag_task_1_and_2_dev_v5_q_492800ba1d2bff4c,confirmatory_test,music,set,static,top_k_low,top_k_low,/music/search_artist_entity_by_name,music,1,1,0.0,10,0.8,0.85,1.939447596669197,0.7914980605524035,True,True,20260809,768
crag_task_1_and_2_dev_v5_q_492800ba1d2bff4c,crag_task_1_and_2_dev_v5_q_492800ba1d2bff4c,confirmatory_test,music,set,static,greedy_regression_aware_search,greedy_regression_aware_search,/music/search_artist_entity_by_name,music,1,1,0.0,10,0.8,0.95,1.8666163086891172,0.7904981333836913,True,True,20260809,768
crag_task_1_and_2_dev_v5_q_54d9306e55d51923,crag_task_1_and_2_dev_v5_q_54d9306e55d51923,confirmatory_test,music,set,static,top_k_low,top_k_low,/music/search_artist_entity_by_name,music,1,1,0.0,10,0.75,0.85,0.630904920399189,0.7414993690950796,True,True,20260809,769
crag_task_1_and_2_dev_v5_q_54d9306e55d51923,crag_task_1_and_2_dev_v5_q_54d9306e55d51923,confirmatory_test,music,set,static,greedy_regression_aware_search,greedy_regression_aware_search,/music/search_artist_entity_by_name,music,1,1,0.0,10,0.75,0.95,0.6671315059065819,0.7404993328684941,True,True,20260809,769
crag_task_1_and_2_dev_v5_q_798c2b6349d574b0,crag_task_1_and_2_dev_v5_q_798c2b6349d574b0,confirmatory_test,music,set,static,top_k_low,top_k_low,/music/search_artist_entity_by_name,music,1,1,0.0,10,0.75,0.85,0.750749371945858,0.7414992492506282,True,True,20260809,770
crag_task_1_and_2_dev_v5_q_798c2b6349d574b0,crag_task_1_and_2_dev_v5_q_798c2b6349d574b0,confirmatory_test,music,set,static,greedy_regression_aware_search,greedy_regression_aware_search,/music/search_artist_entity_by_name,music,1,1,0.0,10,0.75,0.95,0.7829973474144936,0.7404992170026526,True,True,20260809,770
crag_task_1_and_2_dev_v5_q_7f52a836b2f1bc8b,crag_task_1_and_2_dev_v5_q_7f52a836b2f1bc8b,confirmatory_test,music,set,static,top_k_low,top_k_low,/music/search_artist_entity_by_name,music,1,1,0.0,10,0.7666666666666667,0.85,4.900078289210796,0.7581617665883775,True,True,20260809,771
crag_task_1_and_2_dev_v5_q_7f52a836b2f1bc8b,crag_task_1_and_2_dev_v5_q_7f52a836b2f1bc8b,confirmatory_test,music,set,static,greedy_regression_aware_search,greedy_regression_aware_search,/music/search_artist_entity_by_name,music,1,1,0.0,10,0.7666666666666667,0.95,5.00410795211792,0.7571616625587146,True,True,20260809,771
crag_task_1_and_2_dev_v5_q_9256b14e04516d68,crag_task_1_and_2_dev_v5_q_9256b14e04516d68,confirmatory_test,music,set,static,top_k_low,top_k_low,/music/search_artist_entity_by_name,music,1,1,0.0,10,0.85,0.85,8.603006601333618,0.8414913969933987,True,True,20260809,772
crag_task_1_and_2_dev_v5_q_9256b14e04516d68,crag_task_1_and_2_dev_v5_q_9256b14e04516d68,confirmatory_test,music,set,static,greedy_regression_aware_search,greedy_regression_aware_search,/music/search_artist_entity_by_name,music,1,1,0.0,10,0.85,0.95,8.657469414174557,0.8404913425305859,True,True,20260809,772
crag_task_1_and_2_dev_v5_q_9974b5eb22662cef,crag_task_1_and_2_dev_v5_q_9974b5eb22662cef,confirmatory_test,music,set,static,top_k_low,top_k_low,/music/search_artist_entity_by_name,music,1,1,0.0,10,0.8125,0.85,7.514740340411663,0.8039924852596596,True,True,20260809,773
crag_task_1_and_2_dev_v5_q_9974b5eb22662cef,crag_task_1_and_2_dev_v5_q_9974b5eb22662cef,confirmatory_test,music,set,static,greedy_regression_aware_search,greedy_regression_aware_search,/music/search_artist_entity_by_name,music,1,1,0.0,10,0.8125,0.95,7.460037246346474,0.8029925399627537,True,True,20260809,773
crag_task_1_and_2_dev_v5_q_a1a4e54d9befe232,crag_task_1_and_2_dev_v5_q_a1a4e54d9befe232,confirmatory_test,music,set,static,top_k_low,top_k_low,/music/search_artist_entity_by_name,music,1,1,0.0,10,0.75,0.85,1.0232264176011086,0.7414989767735825,True,True,20260809,774
crag_task_1_and_2_dev_v5_q_a1a4e54d9befe232,crag_task_1_and_2_dev_v5_q_a1a4e54d9befe232,confirmatory_test,music,set,static,greedy_regression_aware_search,greedy_regression_aware_search,/music/search_artist_entity_by_name,music,1,1,0.0,10,0.75,0.95,1.1320430785417557,0.7404988679569215,True,True,20260809,774
crag_task_1_and_2_dev_v5_q_a229f098ffb16d97,crag_task_1_and_2_dev_v5_q_a229f098ffb16d97,confirmatory_test,music,set,static,top_k_low,top_k_low,/music/search_artist_entity_by_name,music,1,1,0.0,10,0.75,0.85,4.922223277390003,0.7414950777767226,True,True,20260809,775
crag_task_1_and_2_dev_v5_q_a229f098ffb16d97,crag_task_1_and_2_dev_v5_q_a229f098ffb16d97,confirmatory_test,music,set,static,greedy_regression_aware_search,greedy_regression_aware_search,/music/search_artist_entity_by_name,music,1,1,0.0,10,0.75,0.95,5.08887879550457,0.7404949111212046,True,True,20260809,775
crag_task_1_and_2_dev_v5_q_bff693fcf78ab52f,crag_task_1_and_2_dev_v5_q_bff693fcf78ab52f,confirmatory_test,music,set,static,top_k_low,top_k_low,/music/search_artist_entity_by_name,music,1,1,0.0,10,0.7857142857142857,0.85,7.756691426038742,0.7772065290228597,True,True,20260809,776
crag_task_1_and_2_dev_v5_q_bff693fcf78ab52f,crag_task_1_and_2_dev_v5_q_bff693fcf78ab52f,confirmatory_test,music,set,static,greedy_regression_aware_search,greedy_regression_aware_search,/music/search_artist_entity_by_name,music,1,1,0.0,10,0.7857142857142857,0.95,7.737801410257816,0.7762065479128755,True,True,20260809,776
crag_task_1_and_2_dev_v5_q_de475847be705a25,crag_task_1_and_2_dev_v5_q_de475847be705a25,confirmatory_test,music,set,slow-changing,top_k_low,top_k_low,/music/search_artist_entity_by_name,music,1,1,0.0,10,0.75,0.85,4.469100385904312,0.7414955308996142,True,True,20260809,777
crag_task_1_and_2_dev_v5_q_de475847be705a25,crag_task_1_and_2_dev_v5_q_de475847be705a25,confirmatory_test,music,set,slow-changing,greedy_regression_aware_search,greedy_regression_aware_search,/music/search_artist_entity_by_name,music,1,1,0.0,10,0.75,0.95,4.473485983908176,0.7404955265140162,True,True,20260809,777
crag_task_1_and_2_dev_v5_q_003cb02cbd0466d7,crag_task_1_and_2_dev_v5_q_003cb02cbd0466d7,confirmatory_test,music,simple,static,top_k_low,top_k_low,/music/search_artist_entity_by_name,music,1,1,0.0,10,0.78125,0.85,0.8909441530704498,0.7727491090558469,True,True,20260809,778
crag_task_1_and_2_dev_v5_q_003cb02cbd0466d7,crag_task_1_and_2_dev_v5_q_003cb02cbd0466d7,confirmatory_test,music,simple,static,greedy_regression_aware_search,greedy_regression_aware_search,/music/search_artist_entity_by_name,music,1,1,0.0,10,0.78125,0.95,0.9955838322639464,0.7717490044161678,True,True,20260809,778
crag_task_1_and_2_dev_v5_q_02782f9dbd30d409,crag_task_1_and_2_dev_v5_q_02782f9dbd30d409,confirmatory_test,music,simple,slow-changing,top_k_low,top_k_low,/music/search_artist_entity_by_name,music,1,1,0.0,10,0.8214285714285714,0.85,0.2873493358492851,0.8129282840792356,True,True,20260809,779
crag_task_1_and_2_dev_v5_q_02782f9dbd30d409,crag_task_1_and_2_dev_v5_q_02782f9dbd30d409,confirmatory_test,music,simple,slow-changing,greedy_regression_aware_search,greedy_regression_aware_search,/music/search_artist_entity_by_name,music,1,1,0.0,10,0.8214285714285714,0.95,0.2984162420034408,0.8119282730123294,True,True,20260809,779
crag_task_1_and_2_dev_v5_q_3adabeb810da6d58,crag_task_1_and_2_dev_v5_q_3adabeb810da6d58,confirmatory_test,music,simple,static,top_k_low,top_k_low,/music/search_artist_entity_by_name,music,1,1,0.0,10,0.75,0.85,6.401777267456055,0.7414935982227326,True,True,20260809,780
crag_task_1_and_2_dev_v5_q_3adabeb810da6d58,crag_task_1_and_2_dev_v5_q_3adabeb810da6d58,confirmatory_test,music,simple,static,greedy_regression_aware_search,greedy_regression_aware_search,/music/search_artist_entity_by_name,music,1,1,0.0,10,0.75,0.95,6.332189776003361,0.7404936678102241,True,True,20260809,780
crag_task_1_and_2_dev_v5_q_4c7ef267551c330b,crag_task_1_and_2_dev_v5_q_4c7ef267551c330b,confirmatory_test,music,simple,slow-changing,top_k_low,top_k_low,/music/search_artist_entity_by_name,music,1,1,0.0,10,0.84375,0.85,1.1327331885695455,0.8352488672668115,True,True,20260809,781
crag_task_1_and_2_dev_v5_q_4c7ef267551c330b,crag_task_1_and_2_dev_v5_q_4c7ef267551c330b,confirmatory_test,music,simple,slow-changing,greedy_regression_aware_search,greedy_regression_aware_search,/music/search_artist_entity_by_name,music,1,1,0.0,10,0.84375,0.95,1.3044364750385284,0.834248695563525,True,True,20260809,781
crag_task_1_and_2_dev_v5_q_5267f72401a3d306,crag_task_1_and_2_dev_v5_q_5267f72401a3d306,confirmatory_test,music,simple,static,top_k_low,top_k_low,/music/search_artist_entity_by_name,music,1,1,0.0,10,0.78125,0.85,0.2982970327138901,0.7727497017029673,True,True,20260809,782
crag_task_1_and_2_dev_v5_q_5267f72401a3d306,crag_task_1_and_2_dev_v5_q_5267f72401a3d306,confirmatory_test,music,simple,static,greedy_regression_aware_search,greedy_regression_aware_search,/music/search_artist_entity_by_name,music,1,1,0.0,10,0.78125,0.95,0.3051869571208954,0.7717496948130429,True,True,20260809,782
crag_task_1_and_2_dev_v5_q_6734049a862b153f,crag_task_1_and_2_dev_v5_q_6734049a862b153f,confirmatory_test,music,simple,static,top_k_low,top_k_low,/music/search_artist_entity_by_name,music,1,1,0.0,10,0.75,0.85,1.657436601817608,0.7414983425633982,True,True,20260809,783
crag_task_1_and_2_dev_v5_q_6734049a862b153f,crag_task_1_and_2_dev_v5_q_6734049a862b153f,confirmatory_test,music,simple,static,greedy_regression_aware_search,greedy_regression_aware_search,/music/search_artist_entity_by_name,music,1,1,0.0,10,0.75,0.95,1.6457587480545044,0.740498354241252,True,True,20260809,783
crag_task_1_and_2_dev_v5_q_6bb13165fd0bee14,crag_task_1_and_2_dev_v5_q_6bb13165fd0bee14,confirmatory_test,music,simple,static,top_k_low,top_k_low,/music/search_artist_entity_by_name,music,1,1,0.0,10,0.9583333333333334,0.85,0.7904097437858582,0.9498325429235897,True,True,20260809,784
crag_task_1_and_2_dev_v5_q_6bb13165fd0bee14,crag_task_1_and_2_dev_v5_q_6bb13165fd0bee14,confirmatory_test,music,simple,static,greedy_regression_aware_search,greedy_regression_aware_search,/music/search_artist_entity_by_name,music,1,1,0.0,10,0.9583333333333334,0.95,0.8751191198825836,0.9488324582142136,True,True,20260809,784
crag_task_1_and_2_dev_v5_q_74f1779e525239af,crag_task_1_and_2_dev_v5_q_74f1779e525239af,confirmatory_test,music,simple,static,top_k_low,top_k_low,/music/search_artist_entity_by_name,music,1,1,0.0,10,0.8928571428571429,0.85,0.4196716472506523,0.8843567231854957,True,True,20260809,785
crag_task_1_and_2_dev_v5_q_74f1779e525239af,crag_task_1_and_2_dev_v5_q_74f1779e525239af,confirmatory_test,music,simple,static,greedy_regression_aware_search,greedy_regression_aware_search,/music/search_artist_entity_by_name,music,1,1,0.0,10,0.8928571428571429,0.95,0.4720520228147506,0.8833566708051201,True,True,20260809,785
crag_task_1_and_2_dev_v5_q_862e1bc40a4d3717,crag_task_1_and_2_dev_v5_q_862e1bc40a4d3717,confirmatory_test,music,simple,static,top_k_low,top_k_low,/music/search_artist_entity_by_name,music,1,1,0.0,10,0.75,0.85,6.096058525145054,0.7414939039414749,True,True,20260809,786
crag_task_1_and_2_dev_v5_q_862e1bc40a4d3717,crag_task_1_and_2_dev_v5_q_862e1bc40a4d3717,confirmatory_test,music,simple,static,greedy_regression_aware_search,greedy_regression_aware_search,/music/search_artist_entity_by_name,music,1,1,0.0,10,0.75,0.95,5.031519569456577,0.7404949684804306,True,True,20260809,786
crag_task_1_and_2_dev_v5_q_889c877e9ab572cc,crag_task_1_and_2_dev_v5_q_889c877e9ab572cc,confirmatory_test,music,simple,static,top_k_low,top_k_low,/music/search_artist_entity_by_name,music,1,1,0.0,10,0.875,0.85,6.887882016599178,0.8664931121179834,True,True,20260809,787
crag_task_1_and_2_dev_v5_q_889c877e9ab572cc,crag_task_1_and_2_dev_v5_q_889c877e9ab572cc,confirmatory_test,music,simple,static,greedy_regression_aware_search,greedy_regression_aware_search,/music/search_artist_entity_by_name,music,1,1,0.0,10,0.875,0.95,7.566398940980434,0.8654924336010591,True,True,20260809,787
crag_task_1_and_2_dev_v5_q_8e49eabdfcb87d3a,crag_task_1_and_2_dev_v5_q_8e49eabdfcb87d3a,confirmatory_test,music,simple,static,top_k_low,top_k_low,/music/search_artist_entity_by_name,music,1,1,0.0,10,0.8214285714285714,0.85,1.4131329953670502,0.812927158295576,True,True,20260809,788
crag_task_1_and_2_dev_v5_q_8e49eabdfcb87d3a,crag_task_1_and_2_dev_v5_q_8e49eabdfcb87d3a,confirmatory_test,music,simple,static,greedy_regression_aware_search,greedy_regression_aware_search,/music/search_artist_entity_by_name,music,1,1,0.0,10,0.8214285714285714,0.95,1.3467725366353989,0.8119272246560348,True,True,20260809,788
crag_task_1_and_2_dev_v5_q_a0b014732dc373e3,crag_task_1_and_2_dev_v5_q_a0b014732dc373e3,confirmatory_test,music,simple,static,top_k_low,top_k_low,/music/search_artist_entity_by_name,music,1,1,0.0,10,0.7857142857142857,0.85,2.4534156545996666,0.7772118322986311,True,True,20260809,789
crag_task_1_and_2_dev_v5_q_a0b014732dc373e3,crag_task_1_and_2_dev_v5_q_a0b014732dc373e3,confirmatory_test,music,simple,static,greedy_regression_aware_search,greedy_regression_aware_search,/music/search_artist_entity_by_name,music,1,1,0.0,10,0.7857142857142857,0.95,2.569642849266529,0.7762117160714365,True,True,20260809,789
crag_task_1_and_2_dev_v5_q_c661a6feb996c006,crag_task_1_and_2_dev_v5_q_c661a6feb996c006,confirmatory_test,music,simple,slow-changing,top_k_low,top_k_low,/music/search_artist_entity_by_name,music,1,1,0.0,10,0.75,0.85,1.4204541221261024,0.741498579545878,True,True,20260809,790
crag_task_1_and_2_dev_v5_q_c661a6feb996c006,crag_task_1_and_2_dev_v5_q_c661a6feb996c006,confirmatory_test,music,simple,slow-changing,greedy_regression_aware_search,greedy_regression_aware_search,/music/search_artist_entity_by_name,music,1,1,0.0,10,0.75,0.95,1.5306426212191582,0.7404984693573788,True,True,20260809,790
crag_task_1_and_2_dev_v5_q_f5655f07d219c075,crag_task_1_and_2_dev_v5_q_f5655f07d219c075,confirmatory_test,music,simple,static,top_k_low,top_k_low,/music/search_artist_entity_by_name,music,1,1,0.0,10,0.84375,0.85,2.022254280745983,0.8352479777457193,True,True,20260809,791
crag_task_1_and_2_dev_v5_q_f5655f07d219c075,crag_task_1_and_2_dev_v5_q_f5655f07d219c075,confirmatory_test,music,simple,static,greedy_regression_aware_search,greedy_regression_aware_search,/music/search_artist_entity_by_name,music,1,1,0.0,10,0.84375,0.95,2.039671875536442,0.8342479603281245,True,True,20260809,791
crag_task_1_and_2_dev_v5_q_fc2075251584fbb3,crag_task_1_and_2_dev_v5_q_fc2075251584fbb3,confirmatory_test,music,simple,static,top_k_low,top_k_low,/music/search_artist_entity_by_name,music,1,1,0.0,10,0.75,0.85,0.7496187463402748,0.7414992503812537,True,True,20260809,792
crag_task_1_and_2_dev_v5_q_fc2075251584fbb3,crag_task_1_and_2_dev_v5_q_fc2075251584fbb3,confirmatory_test,music,simple,static,greedy_regression_aware_search,greedy_regression_aware_search,/music/search_artist_entity_by_name,music,1,1,0.0,10,0.75,0.95,0.7793121039867401,0.7404992206878961,True,True,20260809,792
crag_task_1_and_2_dev_v5_q_032f295ba92ba6fc,crag_task_1_and_2_dev_v5_q_032f295ba92ba6fc,confirmatory_test,music,simple_w_condition,static,top_k_low,top_k_low,/music/search_artist_entity_by_name,music,1,1,0.0,10,0.75,0.85,5.363508127629757,0.7414946364918724,True,True,20260809,793
crag_task_1_and_2_dev_v5_q_032f295ba92ba6fc,crag_task_1_and_2_dev_v5_q_032f295ba92ba6fc,confirmatory_test,music,simple_w_condition,static,greedy_regression_aware_search,greedy_regression_aware_search,/music/search_artist_entity_by_name,music,1,1,0.0,10,0.75,0.95,5.253239534795284,0.7404947467604652,True,True,20260809,793
crag_task_1_and_2_dev_v5_q_3ed01ec05f3055f8,crag_task_1_and_2_dev_v5_q_3ed01ec05f3055f8,confirmatory_test,music,simple_w_condition,fast-changing,top_k_low,top_k_low,/music/search_artist_entity_by_name,music,1,1,0.0,10,0.7857142857142857,0.85,0.8705230429768562,0.7772134151912428,True,True,20260809,794
crag_task_1_and_2_dev_v5_q_3ed01ec05f3055f8,crag_task_1_and_2_dev_v5_q_3ed01ec05f3055f8,confirmatory_test,music,simple_w_condition,fast-changing,greedy_regression_aware_search,greedy_regression_aware_search,/music/search_artist_entity_by_name,music,1,1,0.0,10,0.7857142857142857,0.95,1.0633673518896103,0.7762132223469339,True,True,20260809,794
crag_task_1_and_2_dev_v5_q_6c8b3237212c7b3a,crag_task_1_and_2_dev_v5_q_6c8b3237212c7b3a,confirmatory_test,music,simple_w_condition,fast-changing,top_k_low,top_k_low,/music/search_artist_entity_by_name,music,1,1,0.0,10,0.875,0.85,1.0400712490081787,0.866498959928751,True,True,20260809,795
crag_task_1_and_2_dev_v5_q_6c8b3237212c7b3a,crag_task_1_and_2_dev_v5_q_6c8b3237212c7b3a,confirmatory_test,music,simple_w_condition,fast-changing,greedy_regression_aware_search,greedy_regression_aware_search,/music/search_artist_entity_by_name,music,1,1,0.0,10,0.875,0.95,1.05398241430521,0.8654989460175857,True,True,20260809,795
crag_task_1_and_2_dev_v5_q_a2eeffa6a2ae3d0e,crag_task_1_and_2_dev_v5_q_a2eeffa6a2ae3d0e,confirmatory_test,music,simple_w_condition,static,top_k_low,top_k_low,/music/search_artist_entity_by_name,music,1,1,0.0,10,0.8333333333333334,0.85,1.7103077843785286,0.824831623025549,True,True,20260809,796
crag_task_1_and_2_dev_v5_q_a2eeffa6a2ae3d0e,crag_task_1_and_2_dev_v5_q_a2eeffa6a2ae3d0e,confirmatory_test,music,simple_w_condition,static,greedy_regression_aware_search,greedy_regression_aware_search,/music/search_artist_entity_by_name,music,1,1,0.0,10,0.8333333333333334,0.95,1.7908206209540367,0.8238315425127125,True,True,20260809,796
crag_task_1_and_2_dev_v5_q_c95973d1393316b9,crag_task_1_and_2_dev_v5_q_c95973d1393316b9,confirmatory_test,music,simple_w_condition,static,top_k_low,top_k_low,/music/search_artist_entity_by_name,music,1,1,0.0,10,0.8529411764705882,0.85,1.6248971223831177,0.8444395515734658,True,True,20260809,797
crag_task_1_and_2_dev_v5_q_c95973d1393316b9,crag_task_1_and_2_dev_v5_q_c95973d1393316b9,confirmatory_test,music,simple_w_condition,static,greedy_regression_aware_search,greedy_regression_aware_search,/music/search_artist_entity_by_name,music,1,1,0.0,10,0.8529411764705882,0.95,1.691088080406189,0.8434394853825078,True,True,20260809,797
crag_task_1_and_2_dev_v5_q_f2d85263f087df16,crag_task_1_and_2_dev_v5_q_f2d85263f087df16,confirmatory_test,music,simple_w_condition,static,top_k_low,top_k_low,/music/search_artist_entity_by_name,music,1,1,0.0,10,0.8333333333333334,0.85,1.5753712505102158,0.8248317579620829,True,True,20260809,798
crag_task_1_and_2_dev_v5_q_f2d85263f087df16,crag_task_1_and_2_dev_v5_q_f2d85263f087df16,confirmatory_test,music,simple_w_condition,static,greedy_regression_aware_search,greedy_regression_aware_search,/music/search_artist_entity_by_name,music,1,1,0.0,10,0.8333333333333334,0.95,1.6519781202077866,0.8238316813552132,True,True,20260809,798
crag_task_1_and_2_dev_v5_q_f79d6f0b60551e7e,crag_task_1_and_2_dev_v5_q_f79d6f0b60551e7e,confirmatory_test,music,simple_w_condition,static,top_k_low,top_k_low,/music/search_artist_entity_by_name,music,1,1,0.0,10,0.888888888888889,0.85,6.047055125236511,0.8803828418337638,True,True,20260809,799
crag_task_1_and_2_dev_v5_q_f79d6f0b60551e7e,crag_task_1_and_2_dev_v5_q_f79d6f0b60551e7e,confirmatory_test,music,simple_w_condition,static,greedy_regression_aware_search,greedy_regression_aware_search,/music/search_artist_entity_by_name,music,1,1,0.0,10,0.888888888888889,0.95,6.025341339409351,0.8793828635475496,True,True,20260809,799
crag_task_1_and_2_dev_v5_q_02be2d9ad846b151,crag_task_1_and_2_dev_v5_q_02be2d9ad846b151,confirmatory_test,open,aggregation,fast-changing,top_k_low,top_k_low,/open/search_entity_by_name,open,1,1,0.0,0,0.5,0.85,0.6165029481053352,0.4914993834970519,True,True,20260809,800
crag_task_1_and_2_dev_v5_q_02be2d9ad846b151,crag_task_1_and_2_dev_v5_q_02be2d9ad846b151,confirmatory_test,open,aggregation,fast-changing,greedy_regression_aware_search,greedy_regression_aware_search,/open/search_entity_by_name,open,1,1,0.0,0,0.5,0.95,0.5707042291760445,0.4904994292957708,True,True,20260809,800
crag_task_1_and_2_dev_v5_q_05b4be38092512ed,crag_task_1_and_2_dev_v5_q_05b4be38092512ed,confirmatory_test,open,aggregation,slow-changing,top_k_low,top_k_low,/open/search_entity_by_name,open,1,1,0.0,2,0.7666666666666667,0.85,1.0598106309771538,0.7581656068560357,True,True,20260809,801
crag_task_1_and_2_dev_v5_q_05b4be38092512ed,crag_task_1_and_2_dev_v5_q_05b4be38092512ed,confirmatory_test,open,aggregation,slow-changing,greedy_regression_aware_search,greedy_regression_aware_search,/open/search_entity_by_name,open,1,1,0.0,2,0.7666666666666667,0.95,1.0736528784036636,0.7571655930137884,True,True,20260809,801
crag_task_1_and_2_dev_v5_q_146df2f730064df0,crag_task_1_and_2_dev_v5_q_146df2f730064df0,confirmatory_test,open,aggregation,slow-changing,top_k_low,top_k_low,/open/search_entity_by_name,open,1,1,0.0,10,0.8095238095238095,0.85,1.7198119312524796,0.8010220897118784,True,True,20260809,802
crag_task_1_and_2_dev_v5_q_146df2f730064df0,crag_task_1_and_2_dev_v5_q_146df2f730064df0,confirmatory_test,open,aggregation,slow-changing,greedy_regression_aware_search,greedy_regression_aware_search,/open/search_entity_by_name,open,1,1,0.0,10,0.8095238095238095,0.95,1.724429428577423,0.800022085094381,True,True,20260809,802
crag_task_1_and_2_dev_v5_q_1999ba147ea8ddab,crag_task_1_and_2_dev_v5_q_1999ba147ea8ddab,confirmatory_test,open,aggregation,slow-changing,top_k_low,top_k_low,/open/search_entity_by_name,open,1,1,0.0,1,0.7857142857142857,0.85,1.081564463675022,0.7772132041498221,True,True,20260809,803
crag_task_1_and_2_dev_v5_q_1999ba147ea8ddab,crag_task_1_and_2_dev_v5_q_1999ba147ea8ddab,confirmatory_test,open,aggregation,slow-changing,greedy_regression_aware_search,greedy_regression_aware_search,/open/search_entity_by_name,open,1,1,0.0,1,0.7857142857142857,0.95,1.036105677485466,0.7762132496086083,True,True,20260809,803
crag_task_1_and_2_dev_v5_q_1f1d841b445cb4fd,crag_task_1_and_2_dev_v5_q_1f1d841b445cb4fd,confirmatory_test,open,aggregation,slow-changing,top_k_low,top_k_low,/open/search_entity_by_name,open,1,1,0.0,10,0.8055555555555556,0.85,1.1971816420555117,0.7970543583739136,True,True,20260809,804
crag_task_1_and_2_dev_v5_q_1f1d841b445cb4fd,crag_task_1_and_2_dev_v5_q_1f1d841b445cb4fd,confirmatory_test,open,aggregation,slow-changing,greedy_regression_aware_search,greedy_regression_aware_search,/open/search_entity_by_name,open,1,1,0.0,10,0.8055555555555556,0.95,1.2796875089406967,0.7960542758680467,True,True,20260809,804
crag_task_1_and_2_dev_v5_q_2ffb46f41c125eca,crag_task_1_and_2_dev_v5_q_2ffb46f41c125eca,confirmatory_test,open,aggregation,slow-changing,top_k_low,top_k_low,/open/search_entity_by_name,open,1,1,0.0,10,0.8125,0.85,1.6779182478785517,0.8039983220817521,True,True,20260809,805
crag_task_1_and_2_dev_v5_q_2ffb46f41c125eca,crag_task_1_and_2_dev_v5_q_2ffb46f41c125eca,confirmatory_test,open,aggregation,slow-changing,greedy_regression_aware_search,greedy_regression_aware_search,/open/search_entity_by_name,open,1,1,0.0,10,0.8125,0.95,1.7291055992245674,0.8029982708944008,True,True,20260809,805
crag_task_1_and_2_dev_v5_q_4998bd0ff71c5adb,crag_task_1_and_2_dev_v5_q_4998bd0ff71c5adb,confirmatory_test,open,aggregation,static,top_k_low,top_k_low,/open/search_entity_by_name,open,1,1,0.0,6,0.75,0.85,1.6564354300498962,0.74149834356457,True,True,20260809,806
crag_task_1_and_2_dev_v5_q_4998bd0ff71c5adb,crag_task_1_and_2_dev_v5_q_4998bd0ff71c5adb,confirmatory_test,open,aggregation,static,greedy_regression_aware_search,greedy_regression_aware_search,/open/search_entity_by_name,open,1,1,0.0,6,0.75,0.95,1.6491226851940155,0.7404983508773149,True,True,20260809,806
crag_task_1_and_2_dev_v5_q_623249114dba74f8,crag_task_1_and_2_dev_v5_q_623249114dba74f8,confirmatory_test,open,aggregation,static,top_k_low,top_k_low,/open/search_entity_by_name,open,1,1,0.0,10,0.7777777777777778,0.85,1.2493720278143885,0.76927652840575,True,True,20260809,807
crag_task_1_and_2_dev_v5_q_623249114dba74f8,crag_task_1_and_2_dev_v5_q_623249114dba74f8,confirmatory_test,open,aggregation,static,greedy_regression_aware_search,greedy_regression_aware_search,/open/search_entity_by_name,open,1,1,0.0,10,0.7777777777777778,0.95,1.231525093317032,0.7682765462526845,True,True,20260809,807
crag_task_1_and_2_dev_v5_q_77f65e038404511d,crag_task_1_and_2_dev_v5_q_77f65e038404511d,confirmatory_test,open,aggregation,slow-changing,top_k_low,top_k_low,/open/search_entity_by_name,open,1,1,0.0,5,0.75,0.85,1.35661568492651,0.7414986433843151,True,True,20260809,808
crag_task_1_and_2_dev_v5_q_77f65e038404511d,crag_task_1_and_2_dev_v5_q_77f65e038404511d,confirmatory_test,open,aggregation,slow-changing,greedy_regression_aware_search,greedy_regression_aware_search,/open/search_entity_by_name,open,1,1,0.0,5,0.75,0.95,1.346491277217865,0.7404986535087228,True,True,20260809,808
crag_task_1_and_2_dev_v5_q_8a8256a370e6b1cd,crag_task_1_and_2_dev_v5_q_8a8256a370e6b1cd,confirmatory_test,open,aggregation,slow-changing,top_k_low,top_k_low,/open/search_entity_by_name,open,1,1,0.0,7,0.8125,0.85,1.2300629168748856,0.8039987699370832,True,True,20260809,809
crag_task_1_and_2_dev_v5_q_8a8256a370e6b1cd,crag_task_1_and_2_dev_v5_q_8a8256a370e6b1cd,confirmatory_test,open,aggregation,slow-changing,greedy_regression_aware_search,greedy_regression_aware_search,/open/search_entity_by_name,open,1,1,0.0,7,0.8125,0.95,1.190250739455223,0.8029988097492606,True,True,20260809,809
crag_task_1_and_2_dev_v5_q_8e9546fa528c1b4e,crag_task_1_and_2_dev_v5_q_8e9546fa528c1b4e,confirmatory_test,open,aggregation,slow-changing,top_k_low,top_k_low,/open/search_entity_by_name,open,1,1,0.0,10,0.75,0.85,1.381504349410534,0.7414986184956507,True,True,20260809,810
crag_task_1_and_2_dev_v5_q_8e9546fa528c1b4e,crag_task_1_and_2_dev_v5_q_8e9546fa528c1b4e,confirmatory_test,open,aggregation,slow-changing,greedy_regression_aware_search,greedy_regression_aware_search,/open/search_entity_by_name,open,1,1,0.0,10,0.75,0.95,1.361914910376072,0.7404986380850896,True,True,20260809,810
crag_task_1_and_2_dev_v5_q_a9d4d03242fdb8bc,crag_task_1_and_2_dev_v5_q_a9d4d03242fdb8bc,confirmatory_test,open,aggregation,slow-changing,top_k_low,top_k_low,/open/search_entity_by_name,open,1,1,0.0,10,0.8026315789473685,0.85,1.737559214234352,0.7941298413881542,True,True,20260809,811
crag_task_1_and_2_dev_v5_q_a9d4d03242fdb8bc,crag_task_1_and_2_dev_v5_q_a9d4d03242fdb8bc,confirmatory_test,open,aggregation,slow-changing,greedy_regression_aware_search,greedy_regression_aware_search,/open/search_entity_by_name,open,1,1,0.0,10,0.8026315789473685,0.95,1.7178794369101524,0.7931298610679316,True,True,20260809,811
crag_task_1_and_2_dev_v5_q_aef688f5699ec991,crag_task_1_and_2_dev_v5_q_aef688f5699ec991,confirmatory_test,open,aggregation,slow-changing,top_k_low,top_k_low,/open/search_entity_by_name,open,1,1,0.0,10,0.8055555555555556,0.85,1.5431521460413933,0.7970540124034096,True,True,20260809,812
crag_task_1_and_2_dev_v5_q_aef688f5699ec991,crag_task_1_and_2_dev_v5_q_aef688f5699ec991,confirmatory_test,open,aggregation,slow-changing,greedy_regression_aware_search,greedy_regression_aware_search,/open/search_entity_by_name,open,1,1,0.0,10,0.8055555555555556,0.95,1.5941997990012169,0.7960539613557567,True,True,20260809,812
crag_task_1_and_2_dev_v5_q_af085bdc17a010b5,crag_task_1_and_2_dev_v5_q_af085bdc17a010b5,confirmatory_test,open,aggregation,slow-changing,top_k_low,top_k_low,/open/search_entity_by_name,open,1,1,0.0,10,0.8166666666666667,0.85,1.8206657841801643,0.8081648460008826,True,True,20260809,813
crag_task_1_and_2_dev_v5_q_af085bdc17a010b5,crag_task_1_and_2_dev_v5_q_af085bdc17a010b5,confirmatory_test,open,aggregation,slow-changing,greedy_regression_aware_search,greedy_regression_aware_search,/open/search_entity_by_name,open,1,1,0.0,10,0.8166666666666667,0.95,1.6740215942263603,0.8071649926450725,True,True,20260809,813
crag_task_1_and_2_dev_v5_q_af1e7ca694aafdf5,crag_task_1_and_2_dev_v5_q_af1e7ca694aafdf5,confirmatory_test,open,aggregation,static,top_k_low,top_k_low,/open/search_entity_by_name,open,1,1,0.0,10,0.75,0.85,0.9403396397829056,0.7414990596603602,True,True,20260809,814
crag_task_1_and_2_dev_v5_q_af1e7ca694aafdf5,crag_task_1_and_2_dev_v5_q_af1e7ca694aafdf5,confirmatory_test,open,aggregation,static,greedy_regression_aware_search,greedy_regression_aware_search,/open/search_entity_by_name,open,1,1,0.0,10,0.75,0.95,0.9168628603219986,0.7404990831371397,True,True,20260809,814
crag_task_1_and_2_dev_v5_q_baa7a0cc149ee9d0,crag_task_1_and_2_dev_v5_q_baa7a0cc149ee9d0,confirmatory_test,open,aggregation,fast-changing,top_k_low,top_k_low,/open/search_entity_by_name,open,1,1,0.0,6,0.7916666666666666,0.85,1.6742618754506111,0.7831649924047912,True,True,20260809,815
crag_task_1_and_2_dev_v5_q_baa7a0cc149ee9d0,crag_task_1_and_2_dev_v5_q_baa7a0cc149ee9d0,confirmatory_test,open,aggregation,fast-changing,greedy_regression_aware_search,greedy_regression_aware_search,/open/search_entity_by_name,open,1,1,0.0,6,0.7916666666666666,0.95,1.6263285651803017,0.7821650403381015,True,True,20260809,815
crag_task_1_and_2_dev_v5_q_ce12d0fd82b83b2d,crag_task_1_and_2_dev_v5_q_ce12d0fd82b83b2d,confirmatory_test,open,aggregation,static,top_k_low,top_k_low,/open/search_entity_by_name,open,1,1,0.0,10,0.75,0.85,1.0581491515040398,0.7414989418508485,True,True,20260809,816
crag_task_1_and_2_dev_v5_q_ce12d0fd82b83b2d,crag_task_1_and_2_dev_v5_q_ce12d0fd82b83b2d,confirmatory_test,open,aggregation,static,greedy_regression_aware_search,greedy_regression_aware_search,/open/search_entity_by_name,open,1,1,0.0,10,0.75,0.95,1.0720910504460337,0.7404989279089496,True,True,20260809,816
crag_task_1_and_2_dev_v5_q_d4b5266d21abd500,crag_task_1_and_2_dev_v5_q_d4b5266d21abd500,confirmatory_test,open,aggregation,slow-changing,top_k_low,top_k_low,/open/search_entity_by_name,open,1,1,0.0,10,0.796875,0.85,1.7803534865379331,0.7883732196465135,True,True,20260809,817
crag_task_1_and_2_dev_v5_q_d4b5266d21abd500,crag_task_1_and_2_dev_v5_q_d4b5266d21abd500,confirmatory_test,open,aggregation,slow-changing,greedy_regression_aware_search,greedy_regression_aware_search,/open/search_entity_by_name,open,1,1,0.0,10,0.796875,0.95,1.6797399148344994,0.7873733202600852,True,True,20260809,817
crag_task_1_and_2_dev_v5_q_f219c38f5230cbd2,crag_task_1_and_2_dev_v5_q_f219c38f5230cbd2,confirmatory_test,open,aggregation,slow-changing,top_k_low,top_k_low,/open/search_entity_by_name,open,1,1,0.0,1,0.7916666666666666,0.85,1.0712184011936188,0.7831655954482655,True,True,20260809,818
crag_task_1_and_2_dev_v5_q_f219c38f5230cbd2,crag_task_1_and_2_dev_v5_q_f219c38f5230cbd2,confirmatory_test,open,aggregation,slow-changing,greedy_regression_aware_search,greedy_regression_aware_search,/open/search_entity_by_name,open,1,1,0.0,1,0.7916666666666666,0.95,1.1207852512598038,0.7821655458814154,True,True,20260809,818
crag_task_1_and_2_dev_v5_q_fed624bffb87dad7,crag_task_1_and_2_dev_v5_q_fed624bffb87dad7,confirmatory_test,open,aggregation,slow-changing,top_k_low,top_k_low,/open/search_entity_by_name,open,1,1,0.0,3,0.7857142857142857,0.85,1.0789409279823303,0.7772132067733578,True,True,20260809,819
crag_task_1_and_2_dev_v5_q_fed624bffb87dad7,crag_task_1_and_2_dev_v5_q_fed624bffb87dad7,confirmatory_test,open,aggregation,slow-changing,greedy_regression_aware_search,greedy_regression_aware_search,/open/search_entity_by_name,open,1,1,0.0,3,0.7857142857142857,0.95,1.0855114087462423,0.776213200202877,True,True,20260809,819
crag_task_1_and_2_dev_v5_q_2dd271b79ba72615,crag_task_1_and_2_dev_v5_q_2dd271b79ba72615,confirmatory_test,open,comparison,static,top_k_low,top_k_low,/open/search_entity_by_name,open,1,1,0.0,10,0.75,0.85,1.805553212761879,0.7414981944467873,True,True,20260809,820
crag_task_1_and_2_dev_v5_q_2dd271b79ba72615,crag_task_1_and_2_dev_v5_q_2dd271b79ba72615,confirmatory_test,open,comparison,static,greedy_regression_aware_search,greedy_regression_aware_search,/open/search_entity_by_name,open,1,1,0.0,10,0.75,0.95,1.664166338741779,0.7404983358336613,True,True,20260809,820
crag_task_1_and_2_dev_v5_q_388cdbe597281fd8,crag_task_1_and_2_dev_v5_q_388cdbe597281fd8,confirmatory_test,open,comparison,static,top_k_low,top_k_low,/open/search_entity_by_name,open,1,1,0.0,10,0.861111111111111,0.85,1.720203086733818,0.8526093909080243,True,True,20260809,821
crag_task_1_and_2_dev_v5_q_388cdbe597281fd8,crag_task_1_and_2_dev_v5_q_388cdbe597281fd8,confirmatory_test,open,comparison,static,greedy_regression_aware_search,greedy_regression_aware_search,/open/search_entity_by_name,open,1,1,0.0,10,0.861111111111111,0.95,1.7014844343066216,0.8516094096266767,True,True,20260809,821
crag_task_1_and_2_dev_v5_q_39eb3b501cde0110,crag_task_1_and_2_dev_v5_q_39eb3b501cde0110,confirmatory_test,open,comparison,static,top_k_low,top_k_low,/open/search_entity_by_name,open,1,1,0.0,10,1.0,0.85,1.6492744907736778,0.9914983507255092,True,True,20260809,822
crag_task_1_and_2_dev_v5_q_39eb3b501cde0110,crag_task_1_and_2_dev_v5_q_39eb3b501cde0110,confirmatory_test,open,comparison,static,greedy_regression_aware_search,greedy_regression_aware_search,/open/search_entity_by_name,open,1,1,0.0,10,1.0,0.95,1.7114700749516487,0.990498288529925,True,True,20260809,822
crag_task_1_and_2_dev_v5_q_538f2999170e5cf5,crag_task_1_and_2_dev_v5_q_538f2999170e5cf5,confirmatory_test,open,comparison,slow-changing,top_k_low,top_k_low,/open/search_entity_by_name,open,1,1,0.0,10,0.7727272727272727,0.85,1.6664313152432442,0.7642256062959575,True,True,20260809,823
crag_task_1_and_2_dev_v5_q_538f2999170e5cf5,crag_task_1_and_2_dev_v5_q_538f2999170e5cf5,confirmatory_test,open,comparison,slow-changing,greedy_regression_aware_search,greedy_regression_aware_search,/open/search_entity_by_name,open,1,1,0.0,10,0.7727272727272727,0.95,1.67916901409626,0.7632255935582587,True,True,20260809,823
crag_task_1_and_2_dev_v5_q_55764f050f006b80,crag_task_1_and_2_dev_v5_q_55764f050f006b80,confirmatory_test,open,comparison,static,top_k_low,top_k_low,/open/search_entity_by_name,open,1,1,0.0,10,0.75,0.85,1.572776585817337,0.7414984272234142,True,True,20260809,824
crag_task_1_and_2_dev_v5_q_55764f050f006b80,crag_task_1_and_2_dev_v5_q_55764f050f006b80,confirmatory_test,open,comparison,static,greedy_regression_aware_search,greedy_regression_aware_search,/open/search_entity_by_name,open,1,1,0.0,10,0.75,0.95,1.505894586443901,0.7404984941054136,True,True,20260809,824
crag_task_1_and_2_dev_v5_q_5ef675f8a38ebc64,crag_task_1_and_2_dev_v5_q_5ef675f8a38ebc64,confirmatory_test,open,comparison,static,top_k_low,top_k_low,/open/search_entity_by_name,open,1,1,0.0,10,0.8125,0.85,1.675354316830635,0.8039983246456832,True,True,20260809,825
crag_task_1_and_2_dev_v5_q_5ef675f8a38ebc64,crag_task_1_and_2_dev_v5_q_5ef675f8a38ebc64,confirmatory_test,open,comparison,static,greedy_regression_aware_search,greedy_regression_aware_search,/open/search_entity_by_name,open,1,1,0.0,10,0.8125,0.95,1.6473112627863884,0.8029983526887373,True,True,20260809,825
crag_task_1_and_2_dev_v5_q_7f8b3cc9e4b44ec7,crag_task_1_and_2_dev_v5_q_7f8b3cc9e4b44ec7,confirmatory_test,open,comparison,slow-changing,top_k_low,top_k_low,/open/search_entity_by_name,open,1,1,0.0,10,0.75625,0.85,1.650276593863964,0.7477483497234062,True,True,20260809,826
crag_task_1_and_2_dev_v5_q_7f8b3cc9e4b44ec7,crag_task_1_and_2_dev_v5_q_7f8b3cc9e4b44ec7,confirmatory_test,open,comparison,slow-changing,greedy_regression_aware_search,greedy_regression_aware_search,/open/search_entity_by_name,open,1,1,0.0,10,0.75625,0.95,1.6261180862784386,0.7467483738819137,True,True,20260809,826
crag_task_1_and_2_dev_v5_q_81ce2d03a02dba68,crag_task_1_and_2_dev_v5_q_81ce2d03a02dba68,confirmatory_test,open,comparison,static,top_k_low,top_k_low,/open/search_entity_by_name,open,1,1,0.0,10,0.75,0.85,1.7233667895197868,0.7414982766332106,True,True,20260809,827
crag_task_1_and_2_dev_v5_q_81ce2d03a02dba68,crag_task_1_and_2_dev_v5_q_81ce2d03a02dba68,confirmatory_test,open,comparison,static,greedy_regression_aware_search,greedy_regression_aware_search,/open/search_entity_by_name,open,1,1,0.0,10,0.75,0.95,1.7074337229132652,0.7404982925662771,True,True,20260809,827
crag_task_1_and_2_dev_v5_q_b52d356142db15c5,crag_task_1_and_2_dev_v5_q_b52d356142db15c5,confirmatory_test,open,comparison,static,top_k_low,top_k_low,/open/search_entity_by_name,open,1,1,0.0,10,0.75,0.85,1.6920501366257668,0.7414983079498634,True,True,20260809,828
crag_task_1_and_2_dev_v5_q_b52d356142db15c5,crag_task_1_and_2_dev_v5_q_b52d356142db15c5,confirmatory_test,open,comparison,static,greedy_regression_aware_search,greedy_regression_aware_search,/open/search_entity_by_name,open,1,1,0.0,10,0.75,0.95,1.6464199870824814,0.7404983535800129,True,True,20260809,828
crag_task_1_and_2_dev_v5_q_b88dcc298f0281dc,crag_task_1_and_2_dev_v5_q_b88dcc298f0281dc,confirmatory_test,open,comparison,static,top_k_low,top_k_low,/open/search_entity_by_name,open,1,1,0.0,3,0.8333333333333334,0.85,1.6812030225992205,0.8248316521303108,True,True,20260809,829
crag_task_1_and_2_dev_v5_q_b88dcc298f0281dc,crag_task_1_and_2_dev_v5_q_b88dcc298f0281dc,confirmatory_test,open,comparison,static,greedy_regression_aware_search,greedy_regression_aware_search,/open/search_entity_by_name,open,1,1,0.0,3,0.8333333333333334,0.95,1.693020574748516,0.8238316403127587,True,True,20260809,829
crag_task_1_and_2_dev_v5_q_c3885c0dd20b1d0d,crag_task_1_and_2_dev_v5_q_c3885c0dd20b1d0d,confirmatory_test,open,comparison,static,top_k_low,top_k_low,/open/search_entity_by_name,open,1,1,0.0,10,0.75,0.85,1.7231879755854609,0.7414982768120245,True,True,20260809,830
crag_task_1_and_2_dev_v5_q_c3885c0dd20b1d0d,crag_task_1_and_2_dev_v5_q_c3885c0dd20b1d0d,confirmatory_test,open,comparison,static,greedy_regression_aware_search,greedy_regression_aware_search,/open/search_entity_by_name,open,1,1,0.0,10,0.75,0.95,1.7275726422667503,0.7404982724273578,True,True,20260809,830
crag_task_1_and_2_dev_v5_q_e08bdb65a3b675b6,crag_task_1_and_2_dev_v5_q_e08bdb65a3b675b6,confirmatory_test,open,comparison,real-time,top_k_low,top_k_low,/open/search_entity_by_name,open,1,1,0.0,3,0.75,0.85,1.6386080533266068,0.7414983613919467,True,True,20260809,831
crag_task_1_and_2_dev_v5_q_e08bdb65a3b675b6,crag_task_1_and_2_dev_v5_q_e08bdb65a3b675b6,confirmatory_test,open,comparison,real-time,greedy_regression_aware_search,greedy_regression_aware_search,/open/search_entity_by_name,open,1,1,0.0,3,0.75,0.95,1.6454271972179413,0.7404983545728028,True,True,20260809,831
crag_task_1_and_2_dev_v5_q_e8b6dfa6de99c21a,crag_task_1_and_2_dev_v5_q_e8b6dfa6de99c21a,confirmatory_test,open,comparison,slow-changing,top_k_low,top_k_low,/open/search_entity_by_name,open,1,1,0.0,2,0.7777777777777778,0.85,1.6362955793738363,0.7692761414821985,True,True,20260809,832
crag_task_1_and_2_dev_v5_q_e8b6dfa6de99c21a,crag_task_1_and_2_dev_v5_q_e8b6dfa6de99c21a,confirmatory_test,open,comparison,slow-changing,greedy_regression_aware_search,greedy_regression_aware_search,/open/search_entity_by_name,open,1,1,0.0,2,0.7777777777777778,0.95,1.7079133540391922,0.7682760698644238,True,True,20260809,832
crag_task_1_and_2_dev_v5_q_ea3a88991f66a279,crag_task_1_and_2_dev_v5_q_ea3a88991f66a279,confirmatory_test,open,comparison,slow-changing,top_k_low,top_k_low,/open/search_entity_by_name,open,1,1,0.0,10,0.875,0.85,1.6621239483356476,0.8664983378760517,True,True,20260809,833
crag_task_1_and_2_dev_v5_q_ea3a88991f66a279,crag_task_1_and_2_dev_v5_q_ea3a88991f66a279,confirmatory_test,open,comparison,slow-changing,greedy_regression_aware_search,greedy_regression_aware_search,/open/search_entity_by_name,open,1,1,0.0,10,0.875,0.95,1.6368748620152471,0.8654983631251381,True,True,20260809,833
crag_task_1_and_2_dev_v5_q_f85c2b8087709848,crag_task_1_and_2_dev_v5_q_f85c2b8087709848,confirmatory_test,open,comparison,slow-changing,top_k_low,top_k_low,/open/search_entity_by_name,open,1,1,0.0,10,1.0,0.85,1.5088394284248352,0.9914984911605716,True,True,20260809,834
crag_task_1_and_2_dev_v5_q_f85c2b8087709848,crag_task_1_and_2_dev_v5_q_f85c2b8087709848,confirmatory_test,open,comparison,slow-changing,greedy_regression_aware_search,greedy_regression_aware_search,/open/search_entity_by_name,open,1,1,0.0,10,1.0,0.95,1.4742864295840263,0.9904985257135704,True,True,20260809,834
crag_task_1_and_2_dev_v5_q_03f9cff72e65e982,crag_task_1_and_2_dev_v5_q_03f9cff72e65e982,confirmatory_test,open,false_premise,static,top_k_low,top_k_low,/open/search_entity_by_name,open,1,1,0.0,10,0.75,0.85,1.6524791717529297,0.7414983475208283,True,True,20260809,835
crag_task_1_and_2_dev_v5_q_03f9cff72e65e982,crag_task_1_and_2_dev_v5_q_03f9cff72e65e982,confirmatory_test,open,false_premise,static,greedy_regression_aware_search,greedy_regression_aware_search,/open/search_entity_by_name,open,1,1,0.0,10,0.75,0.95,1.6618231311440468,0.7404983381768689,True,True,20260809,835
crag_task_1_and_2_dev_v5_q_106b48358192acd6,crag_task_1_and_2_dev_v5_q_106b48358192acd6,confirmatory_test,open,false_premise,static,top_k_low,top_k_low,/open/search_entity_by_name,open,1,1,0.0,10,0.75,0.85,1.6616620123386383,0.7414983383379877,True,True,20260809,836
crag_task_1_and_2_dev_v5_q_106b48358192acd6,crag_task_1_and_2_dev_v5_q_106b48358192acd6,confirmatory_test,open,false_premise,static,greedy_regression_aware_search,greedy_regression_aware_search,/open/search_entity_by_name,open,1,1,0.0,10,0.75,0.95,1.7230063676834106,0.7404982769936324,True,True,20260809,836
crag_task_1_and_2_dev_v5_q_2460b57abdc0aef9,crag_task_1_and_2_dev_v5_q_2460b57abdc0aef9,confirmatory_test,open,false_premise,static,top_k_low,top_k_low,/open/search_entity_by_name,open,1,1,0.0,10,0.75,0.85,1.6506565734744072,0.7414983493434266,True,True,20260809,837
crag_task_1_and_2_dev_v5_q_2460b57abdc0aef9,crag_task_1_and_2_dev_v5_q_2460b57abdc0aef9,confirmatory_test,open,false_premise,static,greedy_regression_aware_search,greedy_regression_aware_search,/open/search_entity_by_name,open,1,1,0.0,10,0.75,0.95,1.7113788053393364,0.7404982886211947,True,True,20260809,837
crag_task_1_and_2_dev_v5_q_2a6eb91f2d990bab,crag_task_1_and_2_dev_v5_q_2a6eb91f2d990bab,confirmatory_test,open,false_premise,static,top_k_low,top_k_low,/open/search_entity_by_name,open,1,1,0.0,10,0.75,0.85,1.5126047655940056,0.7414984873952345,True,True,20260809,838
crag_task_1_and_2_dev_v5_q_2a6eb91f2d990bab,crag_task_1_and_2_dev_v5_q_2a6eb91f2d990bab,confirmatory_test,open,false_premise,static,greedy_regression_aware_search,greedy_regression_aware_search,/open/search_entity_by_name,open,1,1,0.0,10,0.75,0.95,1.4973506331443789,0.7404985026493669,True,True,20260809,838
crag_task_1_and_2_dev_v5_q_383f2d23312d6871,crag_task_1_and_2_dev_v5_q_383f2d23312d6871,confirmatory_test,open,false_premise,static,top_k_low,top_k_low,/open/search_entity_by_name,open,1,1,0.0,10,0.75,0.85,1.7729932442307472,0.7414982270067558,True,True,20260809,839
crag_task_1_and_2_dev_v5_q_383f2d23312d6871,crag_task_1_and_2_dev_v5_q_383f2d23312d6871,confirmatory_test,open,false_premise,static,greedy_regression_aware_search,greedy_regression_aware_search,/open/search_entity_by_name,open,1,1,0.0,10,0.75,0.95,1.7034467309713364,0.740498296553269,True,True,20260809,839
crag_task_1_and_2_dev_v5_q_60e76d7ae1248019,crag_task_1_and_2_dev_v5_q_60e76d7ae1248019,confirmatory_test,open,false_premise,static,top_k_low,top_k_low,/open/search_entity_by_name,open,1,1,0.0,10,0.75,0.85,1.580498181283474,0.7414984195018187,True,True,20260809,840
crag_task_1_and_2_dev_v5_q_60e76d7ae1248019,crag_task_1_and_2_dev_v5_q_60e76d7ae1248019,confirmatory_test,open,false_premise,static,greedy_regression_aware_search,greedy_regression_aware_search,/open/search_entity_by_name,open,1,1,0.0,10,0.75,0.95,1.5041520819067955,0.7404984958479182,True,True,20260809,840
crag_task_1_and_2_dev_v5_q_647fdd53c6c04939,crag_task_1_and_2_dev_v5_q_647fdd53c6c04939,confirmatory_test,open,false_premise,slow-changing,top_k_low,top_k_low,/open/search_entity_by_name,open,1,1,0.0,10,0.75,0.85,1.6600806266069412,0.7414983399193734,True,True,20260809,841
crag_task_1_and_2_dev_v5_q_647fdd53c6c04939,crag_task_1_and_2_dev_v5_q_647fdd53c6c04939,confirmatory_test,open,false_premise,slow-changing,greedy_regression_aware_search,greedy_regression_aware_search,/open/search_entity_by_name,open,1,1,0.0,10,0.75,0.95,1.7882874235510826,0.7404982117125765,True,True,20260809,841
crag_task_1_and_2_dev_v5_q_7be7bebcca50d08d,crag_task_1_and_2_dev_v5_q_7be7bebcca50d08d,confirmatory_test,open,false_premise,slow-changing,top_k_low,top_k_low,/open/search_entity_by_name,open,1,1,0.0,10,0.75,0.85,1.5040813013911247,0.7414984959186987,True,True,20260809,842
crag_task_1_and_2_dev_v5_q_7be7bebcca50d08d,crag_task_1_and_2_dev_v5_q_7be7bebcca50d08d,confirmatory_test,open,false_premise,slow-changing,greedy_regression_aware_search,greedy_regression_aware_search,/open/search_entity_by_name,open,1,1,0.0,10,0.75,0.95,1.613188534975052,0.7404983868114651,True,True,20260809,842
crag_task_1_and_2_dev_v5_q_adc1c309fcef2063,crag_task_1_and_2_dev_v5_q_adc1c309fcef2063,confirmatory_test,open,false_premise,static,top_k_low,top_k_low,/open/search_entity_by_name,open,1,1,0.0,10,0.75,0.85,1.6578473150730133,0.741498342152685,True,True,20260809,843
crag_task_1_and_2_dev_v5_q_adc1c309fcef2063,crag_task_1_and_2_dev_v5_q_adc1c309fcef2063,confirmatory_test,open,false_premise,static,greedy_regression_aware_search,greedy_regression_aware_search,/open/search_entity_by_name,open,1,1,0.0,10,0.75,0.95,1.6635963693261149,0.7404983364036307,True,True,20260809,843
crag_task_1_and_2_dev_v5_q_b5ee8e2ab3f29adf,crag_task_1_and_2_dev_v5_q_b5ee8e2ab3f29adf,confirmatory_test,open,false_premise,static,top_k_low,top_k_low,/open/search_entity_by_name,open,1,1,0.0,2,0.75,0.85,1.333611086010933,0.741498666388914,True,True,20260809,844
crag_task_1_and_2_dev_v5_q_b5ee8e2ab3f29adf,crag_task_1_and_2_dev_v5_q_b5ee8e2ab3f29adf,confirmatory_test,open,false_premise,static,greedy_regression_aware_search,greedy_regression_aware_search,/open/search_entity_by_name,open,1,1,0.0,2,0.75,0.95,1.3149920850992205,0.7404986850079149,True,True,20260809,844
crag_task_1_and_2_dev_v5_q_bf4430100c672834,crag_task_1_and_2_dev_v5_q_bf4430100c672834,confirmatory_test,open,false_premise,static,top_k_low,top_k_low,/open/search_entity_by_name,open,1,1,0.0,10,0.75,0.85,1.6188984736800194,0.7414983811015263,True,True,20260809,845
crag_task_1_and_2_dev_v5_q_bf4430100c672834,crag_task_1_and_2_dev_v5_q_bf4430100c672834,confirmatory_test,open,false_premise,static,greedy_regression_aware_search,greedy_regression_aware_search,/open/search_entity_by_name,open,1,1,0.0,10,0.75,0.95,1.6991905868053436,0.7404983008094133,True,True,20260809,845
crag_task_1_and_2_dev_v5_q_da94fe20f52b93d3,crag_task_1_and_2_dev_v5_q_da94fe20f52b93d3,confirmatory_test,open,false_premise,static,top_k_low,top_k_low,/open/search_entity_by_name,open,1,1,0.0,10,0.75,0.85,1.7140433192253113,0.7414982859566808,True,True,20260809,846
crag_task_1_and_2_dev_v5_q_da94fe20f52b93d3,crag_task_1_and_2_dev_v5_q_da94fe20f52b93d3,confirmatory_test,open,false_premise,static,greedy_regression_aware_search,greedy_regression_aware_search,/open/search_entity_by_name,open,1,1,0.0,10,0.75,0.95,1.6484335064888,0.7404983515664936,True,True,20260809,846
crag_task_1_and_2_dev_v5_q_fe1bf25fc6352a87,crag_task_1_and_2_dev_v5_q_fe1bf25fc6352a87,confirmatory_test,open,false_premise,static,top_k_low,top_k_low,/open/search_entity_by_name,open,1,1,0.0,10,0.75,0.85,1.3452190905809402,0.7414986547809095,True,True,20260809,847
crag_task_1_and_2_dev_v5_q_fe1bf25fc6352a87,crag_task_1_and_2_dev_v5_q_fe1bf25fc6352a87,confirmatory_test,open,false_premise,static,greedy_regression_aware_search,greedy_regression_aware_search,/open/search_entity_by_name,open,1,1,0.0,10,0.75,0.95,1.4123525470495224,0.740498587647453,True,True,20260809,847
crag_task_1_and_2_dev_v5_q_095e1a22033f9cc0,crag_task_1_and_2_dev_v5_q_095e1a22033f9cc0,confirmatory_test,open,multi-hop,slow-changing,top_k_low,top_k_low,/open/search_entity_by_name,open,1,1,0.0,10,0.75,0.85,1.7196713015437126,0.7414982803286985,True,True,20260809,848
crag_task_1_and_2_dev_v5_q_095e1a22033f9cc0,crag_task_1_and_2_dev_v5_q_095e1a22033f9cc0,confirmatory_test,open,multi-hop,slow-changing,greedy_regression_aware_search,greedy_regression_aware_search,/open/search_entity_by_name,open,1,1,0.0,10,0.75,0.95,1.7240997403860092,0.7404982759002596,True,True,20260809,848
crag_task_1_and_2_dev_v5_q_17385cd9a99edd46,crag_task_1_and_2_dev_v5_q_17385cd9a99edd46,confirmatory_test,open,multi-hop,static,top_k_low,top_k_low,/open/search_entity_by_name,open,1,1,0.0,10,0.8214285714285714,0.85,1.5167705714702606,0.812927054658,True,True,20260809,849
crag_task_1_and_2_dev_v5_q_17385cd9a99edd46,crag_task_1_and_2_dev_v5_q_17385cd9a99edd46,confirmatory_test,open,multi-hop,static,greedy_regression_aware_search,greedy_regression_aware_search,/open/search_entity_by_name,open,1,1,0.0,10,0.8214285714285714,0.95,1.525253988802433,0.8119270461745827,True,True,20260809,849
crag_task_1_and_2_dev_v5_q_1a3252148e08df4e,crag_task_1_and_2_dev_v5_q_1a3252148e08df4e,confirmatory_test,open,multi-hop,static,top_k_low,top_k_low,/open/search_entity_by_name,open,1,1,0.0,10,0.7604166666666666,0.85,1.74037367105484,0.7519149262929956,True,True,20260809,850
crag_task_1_and_2_dev_v5_q_1a3252148e08df4e,crag_task_1_and_2_dev_v5_q_1a3252148e08df4e,confirmatory_test,open,multi-hop,static,greedy_regression_aware_search,greedy_regression_aware_search,/open/search_entity_by_name,open,1,1,0.0,10,0.7604166666666666,0.95,1.7211837694048882,0.7509149454828973,True,True,20260809,850
crag_task_1_and_2_dev_v5_q_3be7ffafb7f55ccb,crag_task_1_and_2_dev_v5_q_3be7ffafb7f55ccb,confirmatory_test,open,multi-hop,static,top_k_low,top_k_low,/open/search_entity_by_name,open,1,1,0.0,10,0.75,0.85,1.3584094122052193,0.7414986415905879,True,True,20260809,851
crag_task_1_and_2_dev_v5_q_3be7ffafb7f55ccb,crag_task_1_and_2_dev_v5_q_3be7ffafb7f55ccb,confirmatory_test,open,multi-hop,static,greedy_regression_aware_search,greedy_regression_aware_search,/open/search_entity_by_name,open,1,1,0.0,10,0.75,0.95,1.3425946235656738,0.7404986574053765,True,True,20260809,851
crag_task_1_and_2_dev_v5_q_4e6d26c5a59d9391,crag_task_1_and_2_dev_v5_q_4e6d26c5a59d9391,confirmatory_test,open,multi-hop,static,top_k_low,top_k_low,/open/search_entity_by_name,open,1,1,0.0,10,0.8409090909090909,0.85,1.3743629679083824,0.8324077165461231,True,True,20260809,852
crag_task_1_and_2_dev_v5_q_4e6d26c5a59d9391,crag_task_1_and_2_dev_v5_q_4e6d26c5a59d9391,confirmatory_test,open,multi-hop,static,greedy_regression_aware_search,greedy_regression_aware_search,/open/search_entity_by_name,open,1,1,0.0,10,0.8409090909090909,0.95,1.4200424775481224,0.8314076708666135,True,True,20260809,852
crag_task_1_and_2_dev_v5_q_7e81d734799dc7dd,crag_task_1_and_2_dev_v5_q_7e81d734799dc7dd,confirmatory_test,open,multi-hop,fast-changing,top_k_low,top_k_low,/open/search_entity_by_name,open,1,1,0.0,10,0.8055555555555556,0.85,1.6396697610616684,0.7970539158857946,True,True,20260809,853
crag_task_1_and_2_dev_v5_q_7e81d734799dc7dd,crag_task_1_and_2_dev_v5_q_7e81d734799dc7dd,confirmatory_test,open,multi-hop,fast-changing,greedy_regression_aware_search,greedy_regression_aware_search,/open/search_entity_by_name,open,1,1,0.0,10,0.8055555555555556,0.95,1.756647601723671,0.7960537989079539,True,True,20260809,853
crag_task_1_and_2_dev_v5_q_81502b916ff3a58f,crag_task_1_and_2_dev_v5_q_81502b916ff3a58f,confirmatory_test,open,multi-hop,static,top_k_low,top_k_low,/open/search_entity_by_name,open,1,1,0.0,10,0.8125,0.85,1.6985982656478882,0.8039983014017344,True,True,20260809,854
crag_task_1_and_2_dev_v5_q_81502b916ff3a58f,crag_task_1_and_2_dev_v5_q_81502b916ff3a58f,confirmatory_test,open,multi-hop,static,greedy_regression_aware_search,greedy_regression_aware_search,/open/search_entity_by_name,open,1,1,0.0,10,0.8125,0.95,1.6352832317352295,0.8029983647167683,True,True,20260809,854
crag_task_1_and_2_dev_v5_q_96c1545893e700b0,crag_task_1_and_2_dev_v5_q_96c1545893e700b0,confirmatory_test,open,multi-hop,static,top_k_low,top_k_low,/open/search_entity_by_name,open,1,1,0.0,10,0.75,0.85,1.385110430419445,0.7414986148895696,True,True,20260809,855
crag_task_1_and_2_dev_v5_q_96c1545893e700b0,crag_task_1_and_2_dev_v5_q_96c1545893e700b0,confirmatory_test,open,multi-hop,static,greedy_regression_aware_search,greedy_regression_aware_search,/open/search_entity_by_name,open,1,1,0.0,10,0.75,0.95,1.3306159526109695,0.7404986693840474,True,True,20260809,855
crag_task_1_and_2_dev_v5_q_d6d27f7c2e9c285a,crag_task_1_and_2_dev_v5_q_d6d27f7c2e9c285a,confirmatory_test,open,multi-hop,static,top_k_low,top_k_low,/open/search_entity_by_name,open,1,1,0.0,10,0.8076923076923077,0.85,1.722675748169422,0.7991905850165596,True,True,20260809,856
crag_task_1_and_2_dev_v5_q_d6d27f7c2e9c285a,crag_task_1_and_2_dev_v5_q_d6d27f7c2e9c285a,confirmatory_test,open,multi-hop,static,greedy_regression_aware_search,greedy_regression_aware_search,/open/search_entity_by_name,open,1,1,0.0,10,0.8076923076923077,0.95,1.6286419704556463,0.7981906790503372,True,True,20260809,856
crag_task_1_and_2_dev_v5_q_ef5a27172e135227,crag_task_1_and_2_dev_v5_q_ef5a27172e135227,confirmatory_test,open,multi-hop,static,top_k_low,top_k_low,/open/search_entity_by_name,open,1,1,0.0,10,0.7708333333333334,0.85,1.636303961277008,0.7623316970293721,True,True,20260809,857
crag_task_1_and_2_dev_v5_q_ef5a27172e135227,crag_task_1_and_2_dev_v5_q_ef5a27172e135227,confirmatory_test,open,multi-hop,static,greedy_regression_aware_search,greedy_regression_aware_search,/open/search_entity_by_name,open,1,1,0.0,10,0.7708333333333334,0.95,1.698629930615425,0.7613316347034028,True,True,20260809,857
crag_task_1_and_2_dev_v5_q_f98fe95fa7612a3b,crag_task_1_and_2_dev_v5_q_f98fe95fa7612a3b,confirmatory_test,open,multi-hop,static,top_k_low,top_k_low,/open/search_entity_by_name,open,1,1,0.0,10,0.7586206896551724,0.85,1.7452305182814598,0.7501189444246541,True,True,20260809,858
crag_task_1_and_2_dev_v5_q_f98fe95fa7612a3b,crag_task_1_and_2_dev_v5_q_f98fe95fa7612a3b,confirmatory_test,open,multi-hop,static,greedy_regression_aware_search,greedy_regression_aware_search,/open/search_entity_by_name,open,1,1,0.0,10,0.7586206896551724,0.95,1.6573471948504448,0.7491190323079776,True,True,20260809,858
crag_task_1_and_2_dev_v5_q_13486efe7682f6be,crag_task_1_and_2_dev_v5_q_13486efe7682f6be,confirmatory_test,open,post-processing,static,top_k_low,top_k_low,/open/search_entity_by_name,open,1,1,0.0,10,0.75,0.85,1.6372250393033028,0.7414983627749607,True,True,20260809,859
crag_task_1_and_2_dev_v5_q_13486efe7682f6be,crag_task_1_and_2_dev_v5_q_13486efe7682f6be,confirmatory_test,open,post-processing,static,greedy_regression_aware_search,greedy_regression_aware_search,/open/search_entity_by_name,open,1,1,0.0,10,0.75,0.95,1.6391286626458168,0.7404983608713374,True,True,20260809,859
crag_task_1_and_2_dev_v5_q_37df39f8c71b2219,crag_task_1_and_2_dev_v5_q_37df39f8c71b2219,confirmatory_test,open,post-processing,static,top_k_low,top_k_low,/open/search_entity_by_name,open,1,1,0.0,3,0.75,0.85,1.6983188688755035,0.7414983016811312,True,True,20260809,860
crag_task_1_and_2_dev_v5_q_37df39f8c71b2219,crag_task_1_and_2_dev_v5_q_37df39f8c71b2219,confirmatory_test,open,post-processing,static,greedy_regression_aware_search,greedy_regression_aware_search,/open/search_entity_by_name,open,1,1,0.0,3,0.75,0.95,1.6111964359879494,0.7404983888035641,True,True,20260809,860
crag_task_1_and_2_dev_v5_q_46995dc02e9f04d7,crag_task_1_and_2_dev_v5_q_46995dc02e9f04d7,confirmatory_test,open,post-processing,static,top_k_low,top_k_low,/open/search_entity_by_name,open,1,1,0.0,10,0.75,0.85,1.5185140073299408,0.7414984814859927,True,True,20260809,861
crag_task_1_and_2_dev_v5_q_46995dc02e9f04d7,crag_task_1_and_2_dev_v5_q_46995dc02e9f04d7,confirmatory_test,open,post-processing,static,greedy_regression_aware_search,greedy_regression_aware_search,/open/search_entity_by_name,open,1,1,0.0,10,0.75,0.95,1.470029354095459,0.7404985299706459,True,True,20260809,861
crag_task_1_and_2_dev_v5_q_67051099d5dc8e96,crag_task_1_and_2_dev_v5_q_67051099d5dc8e96,confirmatory_test,open,post-processing,static,top_k_low,top_k_low,/open/search_entity_by_name,open,1,1,0.0,10,0.75,0.85,1.71518512070179,0.7414982848148793,True,True,20260809,862
crag_task_1_and_2_dev_v5_q_67051099d5dc8e96,crag_task_1_and_2_dev_v5_q_67051099d5dc8e96,confirmatory_test,open,post-processing,static,greedy_regression_aware_search,greedy_regression_aware_search,/open/search_entity_by_name,open,1,1,0.0,10,0.75,0.95,1.6423631459474564,0.7404983576368541,True,True,20260809,862
crag_task_1_and_2_dev_v5_q_8a9f7b75f1d50da8,crag_task_1_and_2_dev_v5_q_8a9f7b75f1d50da8,confirmatory_test,open,post-processing,static,top_k_low,top_k_low,/open/search_entity_by_name,open,1,1,0.0,10,0.75,0.85,1.6983598470687866,0.741498301640153,True,True,20260809,863
crag_task_1_and_2_dev_v5_q_8a9f7b75f1d50da8,crag_task_1_and_2_dev_v5_q_8a9f7b75f1d50da8,confirmatory_test,open,post-processing,static,greedy_regression_aware_search,greedy_regression_aware_search,/open/search_entity_by_name,open,1,1,0.0,10,0.75,0.95,1.6322983428835869,0.7404983677016571,True,True,20260809,863
crag_task_1_and_2_dev_v5_q_9068df446071313e,crag_task_1_and_2_dev_v5_q_9068df446071313e,confirmatory_test,open,post-processing,static,top_k_low,top_k_low,/open/search_entity_by_name,open,1,1,0.0,10,0.8333333333333334,0.85,1.726953312754631,0.8248316063800206,True,True,20260809,864
crag_task_1_and_2_dev_v5_q_9068df446071313e,crag_task_1_and_2_dev_v5_q_9068df446071313e,confirmatory_test,open,post-processing,static,greedy_regression_aware_search,greedy_regression_aware_search,/open/search_entity_by_name,open,1,1,0.0,10,0.8333333333333334,0.95,1.673031598329544,0.823831660301735,True,True,20260809,864
crag_task_1_and_2_dev_v5_q_cce0319122a7438c,crag_task_1_and_2_dev_v5_q_cce0319122a7438c,confirmatory_test,open,post-processing,static,top_k_low,top_k_low,/open/search_entity_by_name,open,1,1,0.0,10,0.826923076923077,0.85,1.7313985154032707,0.8184213455245616,True,True,20260809,865
crag_task_1_and_2_dev_v5_q_cce0319122a7438c,crag_task_1_and_2_dev_v5_q_cce0319122a7438c,confirmatory_test,open,post-processing,static,greedy_regression_aware_search,greedy_regression_aware_search,/open/search_entity_by_name,open,1,1,0.0,10,0.826923076923077,0.95,1.709306612610817,0.8174213676164644,True,True,20260809,865
crag_task_1_and_2_dev_v5_q_e3612ee1c7ba6792,crag_task_1_and_2_dev_v5_q_e3612ee1c7ba6792,confirmatory_test,open,post-processing,static,top_k_low,top_k_low,/open/search_entity_by_name,open,1,1,0.0,10,0.75,0.85,1.6710180789232254,0.7414983289819211,True,True,20260809,866
crag_task_1_and_2_dev_v5_q_e3612ee1c7ba6792,crag_task_1_and_2_dev_v5_q_e3612ee1c7ba6792,confirmatory_test,open,post-processing,static,greedy_regression_aware_search,greedy_regression_aware_search,/open/search_entity_by_name,open,1,1,0.0,10,0.75,0.95,1.6393288969993591,0.7404983606711031,True,True,20260809,866
crag_task_1_and_2_dev_v5_q_e8eb5faa04eab76e,crag_task_1_and_2_dev_v5_q_e8eb5faa04eab76e,confirmatory_test,open,post-processing,static,top_k_low,top_k_low,/open/search_entity_by_name,open,1,1,0.0,10,0.825,0.85,1.2093596160411837,0.816498790640384,True,True,20260809,867
crag_task_1_and_2_dev_v5_q_e8eb5faa04eab76e,crag_task_1_and_2_dev_v5_q_e8eb5faa04eab76e,confirmatory_test,open,post-processing,static,greedy_regression_aware_search,greedy_regression_aware_search,/open/search_entity_by_name,open,1,1,0.0,10,0.825,0.95,1.1849021539092064,0.815498815097846,True,True,20260809,867
crag_task_1_and_2_dev_v5_q_f9af21e41f5c1a8c,crag_task_1_and_2_dev_v5_q_f9af21e41f5c1a8c,confirmatory_test,open,post-processing,slow-changing,top_k_low,top_k_low,/open/search_entity_by_name,open,1,1,0.0,2,0.75,0.85,1.2090299278497696,0.7414987909700722,True,True,20260809,868
crag_task_1_and_2_dev_v5_q_f9af21e41f5c1a8c,crag_task_1_and_2_dev_v5_q_f9af21e41f5c1a8c,confirmatory_test,open,post-processing,slow-changing,greedy_regression_aware_search,greedy_regression_aware_search,/open/search_entity_by_name,open,1,1,0.0,2,0.75,0.95,1.1974722146987915,0.7404988025277853,True,True,20260809,868
crag_task_1_and_2_dev_v5_q_fb7d000f85be8d2a,crag_task_1_and_2_dev_v5_q_fb7d000f85be8d2a,confirmatory_test,open,post-processing,static,top_k_low,top_k_low,/open/search_entity_by_name,open,1,1,0.0,10,0.84375,0.85,1.5257243067026138,0.8352484742756934,True,True,20260809,869
crag_task_1_and_2_dev_v5_q_fb7d000f85be8d2a,crag_task_1_and_2_dev_v5_q_fb7d000f85be8d2a,confirmatory_test,open,post-processing,static,greedy_regression_aware_search,greedy_regression_aware_search,/open/search_entity_by_name,open,1,1,0.0,10,0.84375,0.95,1.5166904777288437,0.8342484833095223,True,True,20260809,869
crag_task_1_and_2_dev_v5_q_08406684749dec59,crag_task_1_and_2_dev_v5_q_08406684749dec59,confirmatory_test,open,set,static,top_k_low,top_k_low,/open/search_entity_by_name,open,1,1,0.0,10,0.75,0.85,1.7358968034386637,0.7414982641031966,True,True,20260809,870
crag_task_1_and_2_dev_v5_q_08406684749dec59,crag_task_1_and_2_dev_v5_q_08406684749dec59,confirmatory_test,open,set,static,greedy_regression_aware_search,greedy_regression_aware_search,/open/search_entity_by_name,open,1,1,0.0,10,0.75,0.95,1.7158258706331253,0.7404982841741294,True,True,20260809,870
crag_task_1_and_2_dev_v5_q_29dd26423ad4c8a6,crag_task_1_and_2_dev_v5_q_29dd26423ad4c8a6,confirmatory_test,open,set,static,top_k_low,top_k_low,/open/search_entity_by_name,open,1,1,0.0,10,0.75,0.85,1.591656357049942,0.741498408343643,True,True,20260809,871
crag_task_1_and_2_dev_v5_q_29dd26423ad4c8a6,crag_task_1_and_2_dev_v5_q_29dd26423ad4c8a6,confirmatory_test,open,set,static,greedy_regression_aware_search,greedy_regression_aware_search,/open/search_entity_by_name,open,1,1,0.0,10,0.75,0.95,1.4822473749518394,0.7404985177526251,True,True,20260809,871
crag_task_1_and_2_dev_v5_q_55d62c983fab06f4,crag_task_1_and_2_dev_v5_q_55d62c983fab06f4,confirmatory_test,open,set,slow-changing,top_k_low,top_k_low,/open/search_entity_by_name,open,1,1,0.0,7,0.7708333333333334,0.85,1.4882367104291916,0.762331845096623,True,True,20260809,872
crag_task_1_and_2_dev_v5_q_55d62c983fab06f4,crag_task_1_and_2_dev_v5_q_55d62c983fab06f4,confirmatory_test,open,set,slow-changing,greedy_regression_aware_search,greedy_regression_aware_search,/open/search_entity_by_name,open,1,1,0.0,7,0.7708333333333334,0.95,1.4837514609098434,0.7613318495818725,True,True,20260809,872
crag_task_1_and_2_dev_v5_q_6472bc824fb1efa1,crag_task_1_and_2_dev_v5_q_6472bc824fb1efa1,confirmatory_test,open,set,slow-changing,top_k_low,top_k_low,/open/search_entity_by_name,open,1,1,0.0,2,0.7631578947368421,0.85,1.6806917265057564,0.7546562140451157,True,True,20260809,873
crag_task_1_and_2_dev_v5_q_6472bc824fb1efa1,crag_task_1_and_2_dev_v5_q_6472bc824fb1efa1,confirmatory_test,open,set,slow-changing,greedy_regression_aware_search,greedy_regression_aware_search,/open/search_entity_by_name,open,1,1,0.0,2,0.7631578947368421,0.95,1.6720285639166832,0.7536562227082783,True,True,20260809,873
crag_task_1_and_2_dev_v5_q_65a45ac06a9f58c2,crag_task_1_and_2_dev_v5_q_65a45ac06a9f58c2,confirmatory_test,open,set,slow-changing,top_k_low,top_k_low,/open/search_entity_by_name,open,1,1,0.0,6,0.775,0.85,1.3564461842179298,0.7664986435538158,True,True,20260809,874
crag_task_1_and_2_dev_v5_q_65a45ac06a9f58c2,crag_task_1_and_2_dev_v5_q_65a45ac06a9f58c2,confirmatory_test,open,set,slow-changing,greedy_regression_aware_search,greedy_regression_aware_search,/open/search_entity_by_name,open,1,1,0.0,6,0.775,0.95,1.34388729929924,0.7654986561127007,True,True,20260809,874
crag_task_1_and_2_dev_v5_q_756051c45551e2ff,crag_task_1_and_2_dev_v5_q_756051c45551e2ff,confirmatory_test,open,set,static,top_k_low,top_k_low,/open/search_entity_by_name,open,1,1,0.0,10,0.75,0.85,1.6764961183071136,0.7414983235038818,True,True,20260809,875
crag_task_1_and_2_dev_v5_q_756051c45551e2ff,crag_task_1_and_2_dev_v5_q_756051c45551e2ff,confirmatory_test,open,set,static,greedy_regression_aware_search,greedy_regression_aware_search,/open/search_entity_by_name,open,1,1,0.0,10,0.75,0.95,1.7133019864559174,0.7404982866980135,True,True,20260809,875
crag_task_1_and_2_dev_v5_q_7b55a7fa80f6f1a4,crag_task_1_and_2_dev_v5_q_7b55a7fa80f6f1a4,confirmatory_test,open,set,slow-changing,top_k_low,top_k_low,/open/search_entity_by_name,open,1,1,0.0,4,0.7727272727272727,0.85,1.194719225168228,0.7642260780080475,True,True,20260809,876
crag_task_1_and_2_dev_v5_q_7b55a7fa80f6f1a4,crag_task_1_and_2_dev_v5_q_7b55a7fa80f6f1a4,confirmatory_test,open,set,slow-changing,greedy_regression_aware_search,greedy_regression_aware_search,/open/search_entity_by_name,open,1,1,0.0,4,0.7727272727272727,0.95,1.1938773095607758,0.7632260788499632,True,True,20260809,876
crag_task_1_and_2_dev_v5_q_8559af71060ad7cd,crag_task_1_and_2_dev_v5_q_8559af71060ad7cd,confirmatory_test,open,set,slow-changing,top_k_low,top_k_low,/open/search_entity_by_name,open,1,1,0.0,2,0.75,0.85,1.3612434267997742,0.7414986387565733,True,True,20260809,877
crag_task_1_and_2_dev_v5_q_8559af71060ad7cd,crag_task_1_and_2_dev_v5_q_8559af71060ad7cd,confirmatory_test,open,set,slow-changing,greedy_regression_aware_search,greedy_regression_aware_search,/open/search_entity_by_name,open,1,1,0.0,2,0.75,0.95,1.3458793982863426,0.7404986541206018,True,True,20260809,877
crag_task_1_and_2_dev_v5_q_b1cd1b8d4d48ab40,crag_task_1_and_2_dev_v5_q_b1cd1b8d4d48ab40,confirmatory_test,open,set,slow-changing,top_k_low,top_k_low,/open/search_entity_by_name,open,1,1,0.0,10,0.75,0.85,1.3868724927306175,0.7414986131275073,True,True,20260809,878
crag_task_1_and_2_dev_v5_q_b1cd1b8d4d48ab40,crag_task_1_and_2_dev_v5_q_b1cd1b8d4d48ab40,confirmatory_test,open,set,slow-changing,greedy_regression_aware_search,greedy_regression_aware_search,/open/search_entity_by_name,open,1,1,0.0,10,0.75,0.95,1.4284057542681694,0.7404985715942458,True,True,20260809,878
crag_task_1_and_2_dev_v5_q_c17f21e656c17528,crag_task_1_and_2_dev_v5_q_c17f21e656c17528,confirmatory_test,open,set,static,top_k_low,top_k_low,/open/search_entity_by_name,open,1,1,0.0,10,0.75,0.85,1.2185350060462952,0.741498781464994,True,True,20260809,879
crag_task_1_and_2_dev_v5_q_c17f21e656c17528,crag_task_1_and_2_dev_v5_q_c17f21e656c17528,confirmatory_test,open,set,static,greedy_regression_aware_search,greedy_regression_aware_search,/open/search_entity_by_name,open,1,1,0.0,10,0.75,0.95,1.214497722685337,0.7404987855022773,True,True,20260809,879
crag_task_1_and_2_dev_v5_q_cf1aa5948ed38a10,crag_task_1_and_2_dev_v5_q_cf1aa5948ed38a10,confirmatory_test,open,set,slow-changing,top_k_low,top_k_low,/open/search_entity_by_name,open,1,1,0.0,10,0.75,0.85,1.705729402601719,0.7414982942705974,True,True,20260809,880
crag_task_1_and_2_dev_v5_q_cf1aa5948ed38a10,crag_task_1_and_2_dev_v5_q_cf1aa5948ed38a10,confirmatory_test,open,set,slow-changing,greedy_regression_aware_search,greedy_regression_aware_search,/open/search_entity_by_name,open,1,1,0.0,10,0.75,0.95,1.6116872429847715,0.740498388312757,True,True,20260809,880
crag_task_1_and_2_dev_v5_q_1360f0e9107c20ca,crag_task_1_and_2_dev_v5_q_1360f0e9107c20ca,confirmatory_test,open,simple,static,top_k_low,top_k_low,/open/search_entity_by_name,open,1,1,0.0,10,0.8214285714285714,0.85,0.9189164265990256,0.8129276525121448,True,True,20260809,881
crag_task_1_and_2_dev_v5_q_1360f0e9107c20ca,crag_task_1_and_2_dev_v5_q_1360f0e9107c20ca,confirmatory_test,open,simple,static,greedy_regression_aware_search,greedy_regression_aware_search,/open/search_entity_by_name,open,1,1,0.0,10,0.8214285714285714,0.95,0.8956296369433403,0.8119276757989345,True,True,20260809,881
crag_task_1_and_2_dev_v5_q_3ac009526a2f19fb,crag_task_1_and_2_dev_v5_q_3ac009526a2f19fb,confirmatory_test,open,simple,static,top_k_low,top_k_low,/open/search_entity_by_name,open,1,1,0.0,10,0.75,0.85,1.0525211691856384,0.7414989474788308,True,True,20260809,882
crag_task_1_and_2_dev_v5_q_3ac009526a2f19fb,crag_task_1_and_2_dev_v5_q_3ac009526a2f19fb,confirmatory_test,open,simple,static,greedy_regression_aware_search,greedy_regression_aware_search,/open/search_entity_by_name,open,1,1,0.0,10,0.75,0.95,1.0695168748497963,0.7404989304831252,True,True,20260809,882
crag_task_1_and_2_dev_v5_q_41465d324c92c418,crag_task_1_and_2_dev_v5_q_41465d324c92c418,confirmatory_test,open,simple,static,top_k_low,top_k_low,/open/search_entity_by_name,open,1,1,0.0,10,0.75,0.85,1.5315143391489985,0.7414984684856609,True,True,20260809,883
crag_task_1_and_2_dev_v5_q_41465d324c92c418,crag_task_1_and_2_dev_v5_q_41465d324c92c418,confirmatory_test,open,simple,static,greedy_regression_aware_search,greedy_regression_aware_search,/open/search_entity_by_name,open,1,1,0.0,10,0.75,0.95,1.5536276623606682,0.7404984463723376,True,True,20260809,883
crag_task_1_and_2_dev_v5_q_43026d480a2f7544,crag_task_1_and_2_dev_v5_q_43026d480a2f7544,confirmatory_test,open,simple,static,top_k_low,top_k_low,/open/search_entity_by_name,open,1,1,0.0,10,0.75,0.85,1.2025609612464905,0.7414987974390388,True,True,20260809,884
crag_task_1_and_2_dev_v5_q_43026d480a2f7544,crag_task_1_and_2_dev_v5_q_43026d480a2f7544,confirmatory_test,open,simple,static,greedy_regression_aware_search,greedy_regression_aware_search,/open/search_entity_by_name,open,1,1,0.0,10,0.75,0.95,1.2207292020320892,0.740498779270798,True,True,20260809,884
crag_task_1_and_2_dev_v5_q_4c419971dd731b9f,crag_task_1_and_2_dev_v5_q_4c419971dd731b9f,confirmatory_test,open,simple,static,top_k_low,top_k_low,/open/search_entity_by_name,open,1,1,0.0,10,1.0,0.85,1.7158156260848043,0.991498284184374,True,True,20260809,885
crag_task_1_and_2_dev_v5_q_4c419971dd731b9f,crag_task_1_and_2_dev_v5_q_4c419971dd731b9f,confirmatory_test,open,simple,static,greedy_regression_aware_search,greedy_regression_aware_search,/open/search_entity_by_name,open,1,1,0.0,10,1.0,0.95,1.6401708126068115,0.9904983598291874,True,True,20260809,885
crag_task_1_and_2_dev_v5_q_63e58fa7cc081302,crag_task_1_and_2_dev_v5_q_63e58fa7cc081302,confirmatory_test,open,simple,static,top_k_low,top_k_low,/open/search_entity_by_name,open,1,1,0.0,10,0.75,0.85,1.7144633457064629,0.7414982855366543,True,True,20260809,886
crag_task_1_and_2_dev_v5_q_63e58fa7cc081302,crag_task_1_and_2_dev_v5_q_63e58fa7cc081302,confirmatory_test,open,simple,static,greedy_regression_aware_search,greedy_regression_aware_search,/open/search_entity_by_name,open,1,1,0.0,10,0.75,0.95,1.6272598877549171,0.7404983727401123,True,True,20260809,886
crag_task_1_and_2_dev_v5_q_6c24b8aa9a105129,crag_task_1_and_2_dev_v5_q_6c24b8aa9a105129,confirmatory_test,open,simple,static,top_k_low,top_k_low,/open/search_entity_by_name,open,1,1,0.0,10,0.75,0.85,1.7301179468631744,0.7414982698820531,True,True,20260809,887
crag_task_1_and_2_dev_v5_q_6c24b8aa9a105129,crag_task_1_and_2_dev_v5_q_6c24b8aa9a105129,confirmatory_test,open,simple,static,greedy_regression_aware_search,greedy_regression_aware_search,/open/search_entity_by_name,open,1,1,0.0,10,0.75,0.95,1.7527928575873375,0.7404982472071424,True,True,20260809,887
crag_task_1_and_2_dev_v5_q_6edb41ad3dc9aa0a,crag_task_1_and_2_dev_v5_q_6edb41ad3dc9aa0a,confirmatory_test,open,simple,static,top_k_low,top_k_low,/open/search_entity_by_name,open,1,1,0.0,2,0.75,0.85,1.3554953038692474,0.7414986445046962,True,True,20260809,888
crag_task_1_and_2_dev_v5_q_6edb41ad3dc9aa0a,crag_task_1_and_2_dev_v5_q_6edb41ad3dc9aa0a,confirmatory_test,open,simple,static,greedy_regression_aware_search,greedy_regression_aware_search,/open/search_entity_by_name,open,1,1,0.0,2,0.75,0.95,1.3337824493646622,0.7404986662175507,True,True,20260809,888
crag_task_1_and_2_dev_v5_q_7fc36cda6108d572,crag_task_1_and_2_dev_v5_q_7fc36cda6108d572,confirmatory_test,open,simple,static,top_k_low,top_k_low,/open/search_entity_by_name,open,1,1,0.0,0,0.5,0.85,0.7145935669541359,0.491499285406433,True,True,20260809,889
crag_task_1_and_2_dev_v5_q_7fc36cda6108d572,crag_task_1_and_2_dev_v5_q_7fc36cda6108d572,confirmatory_test,open,simple,static,greedy_regression_aware_search,greedy_regression_aware_search,/open/search_entity_by_name,open,1,1,0.0,0,0.5,0.95,0.7016444578766823,0.4904992983555421,True,True,20260809,889
crag_task_1_and_2_dev_v5_q_aa46754511ec3097,crag_task_1_and_2_dev_v5_q_aa46754511ec3097,confirmatory_test,open,simple,static,top_k_low,top_k_low,/open/search_entity_by_name,open,1,1,0.0,10,0.75,0.85,1.3405010104179382,0.7414986594989896,True,True,20260809,890
crag_task_1_and_2_dev_v5_q_aa46754511ec3097,crag_task_1_and_2_dev_v5_q_aa46754511ec3097,confirmatory_test,open,simple,static,greedy_regression_aware_search,greedy_regression_aware_search,/open/search_entity_by_name,open,1,1,0.0,10,0.75,0.95,1.4108894392848017,0.7404985891105608,True,True,20260809,890
crag_task_1_and_2_dev_v5_q_aafd87135dfead5d,crag_task_1_and_2_dev_v5_q_aafd87135dfead5d,confirmatory_test,open,simple,static,top_k_low,top_k_low,/open/search_entity_by_name,open,1,1,0.0,3,0.9,0.85,1.2059453874826431,0.8914987940546126,True,True,20260809,891
crag_task_1_and_2_dev_v5_q_aafd87135dfead5d,crag_task_1_and_2_dev_v5_q_aafd87135dfead5d,confirmatory_test,open,simple,static,greedy_regression_aware_search,greedy_regression_aware_search,/open/search_entity_by_name,open,1,1,0.0,3,0.9,0.95,1.1924654245376587,0.8904988075345756,True,True,20260809,891
crag_task_1_and_2_dev_v5_q_c572c7a74f4e77c9,crag_task_1_and_2_dev_v5_q_c572c7a74f4e77c9,confirmatory_test,open,simple,static,top_k_low,top_k_low,/open/search_entity_by_name,open,1,1,0.0,10,0.75,0.85,1.711839810013771,0.74149828816019,True,True,20260809,892
crag_task_1_and_2_dev_v5_q_c572c7a74f4e77c9,crag_task_1_and_2_dev_v5_q_c572c7a74f4e77c9,confirmatory_test,open,simple,static,greedy_regression_aware_search,greedy_regression_aware_search,/open/search_entity_by_name,open,1,1,0.0,10,0.75,0.95,1.6284724697470665,0.7404983715275303,True,True,20260809,892
crag_task_1_and_2_dev_v5_q_c9ae82130fea557c,crag_task_1_and_2_dev_v5_q_c9ae82130fea557c,confirmatory_test,open,simple,static,top_k_low,top_k_low,/open/search_entity_by_name,open,1,1,0.0,10,0.775,0.85,1.7177192494273186,0.7664982822807507,True,True,20260809,893
crag_task_1_and_2_dev_v5_q_c9ae82130fea557c,crag_task_1_and_2_dev_v5_q_c9ae82130fea557c,confirmatory_test,open,simple,static,greedy_regression_aware_search,greedy_regression_aware_search,/open/search_entity_by_name,open,1,1,0.0,10,0.775,0.95,1.6453173011541369,0.7654983546826989,True,True,20260809,893
crag_task_1_and_2_dev_v5_q_d10ab6fd117f10e3,crag_task_1_and_2_dev_v5_q_d10ab6fd117f10e3,confirmatory_test,open,simple,static,top_k_low,top_k_low,/open/search_entity_by_name,open,1,1,0.0,10,0.75,0.85,1.058591529726982,0.7414989414084703,True,True,20260809,894
crag_task_1_and_2_dev_v5_q_d10ab6fd117f10e3,crag_task_1_and_2_dev_v5_q_d10ab6fd117f10e3,confirmatory_test,open,simple,static,greedy_regression_aware_search,greedy_regression_aware_search,/open/search_entity_by_name,open,1,1,0.0,10,0.75,0.95,1.0894574224948883,0.7404989105425775,True,True,20260809,894
crag_task_1_and_2_dev_v5_q_e31e60eb38c54e7c,crag_task_1_and_2_dev_v5_q_e31e60eb38c54e7c,confirmatory_test,open,simple,static,top_k_low,top_k_low,/open/search_entity_by_name,open,1,1,0.0,2,0.75,0.85,1.353411003947258,0.7414986465889961,True,True,20260809,895
crag_task_1_and_2_dev_v5_q_e31e60eb38c54e7c,crag_task_1_and_2_dev_v5_q_e31e60eb38c54e7c,confirmatory_test,open,simple,static,greedy_regression_aware_search,greedy_regression_aware_search,/open/search_entity_by_name,open,1,1,0.0,2,0.75,0.95,1.351487822830677,0.7404986485121772,True,True,20260809,895
crag_task_1_and_2_dev_v5_q_083022a05c7a1942,crag_task_1_and_2_dev_v5_q_083022a05c7a1942,confirmatory_test,open,simple_w_condition,static,top_k_low,top_k_low,/open/search_entity_by_name,open,1,1,0.0,10,0.75,0.85,1.6516586765646937,0.7414983483413234,True,True,20260809,896
crag_task_1_and_2_dev_v5_q_083022a05c7a1942,crag_task_1_and_2_dev_v5_q_083022a05c7a1942,confirmatory_test,open,simple_w_condition,static,greedy_regression_aware_search,greedy_regression_aware_search,/open/search_entity_by_name,open,1,1,0.0,10,0.75,0.95,1.6181962564587593,0.7404983818037436,True,True,20260809,896
crag_task_1_and_2_dev_v5_q_1c489c06c1571d35,crag_task_1_and_2_dev_v5_q_1c489c06c1571d35,confirmatory_test,open,simple_w_condition,slow-changing,top_k_low,top_k_low,/open/search_entity_by_name,open,1,1,0.0,10,0.7857142857142857,0.85,1.3611037284135818,0.7772129246105574,True,True,20260809,897
crag_task_1_and_2_dev_v5_q_1c489c06c1571d35,crag_task_1_and_2_dev_v5_q_1c489c06c1571d35,confirmatory_test,open,simple_w_condition,slow-changing,greedy_regression_aware_search,greedy_regression_aware_search,/open/search_entity_by_name,open,1,1,0.0,10,0.7857142857142857,0.95,1.3273507356643677,0.7762129583635501,True,True,20260809,897
crag_task_1_and_2_dev_v5_q_1ca01b6062c1681f,crag_task_1_and_2_dev_v5_q_1ca01b6062c1681f,confirmatory_test,open,simple_w_condition,static,top_k_low,top_k_low,/open/search_entity_by_name,open,1,1,0.0,10,0.7954545454545454,0.85,1.722445711493492,0.786952823008834,True,True,20260809,898
crag_task_1_and_2_dev_v5_q_1ca01b6062c1681f,crag_task_1_and_2_dev_v5_q_1ca01b6062c1681f,confirmatory_test,open,simple_w_condition,static,greedy_regression_aware_search,greedy_regression_aware_search,/open/search_entity_by_name,open,1,1,0.0,10,0.7954545454545454,0.95,1.7127115279436111,0.7859528327430175,True,True,20260809,898
crag_task_1_and_2_dev_v5_q_1d1a592b3605d113,crag_task_1_and_2_dev_v5_q_1d1a592b3605d113,confirmatory_test,open,simple_w_condition,static,top_k_low,top_k_low,/open/search_entity_by_name,open,1,1,0.0,10,0.875,0.85,1.353261061012745,0.8664986467389391,True,True,20260809,899
crag_task_1_and_2_dev_v5_q_1d1a592b3605d113,crag_task_1_and_2_dev_v5_q_1d1a592b3605d113,confirmatory_test,open,simple_w_condition,static,greedy_regression_aware_search,greedy_regression_aware_search,/open/search_entity_by_name,open,1,1,0.0,10,0.875,0.95,1.336333341896534,0.8654986636666582,True,True,20260809,899
crag_task_1_and_2_dev_v5_q_35dd4ec595599b04,crag_task_1_and_2_dev_v5_q_35dd4ec595599b04,confirmatory_test,open,simple_w_condition,slow-changing,top_k_low,top_k_low,/open/search_entity_by_name,open,1,1,0.0,10,0.8333333333333334,0.85,1.5051839873194697,0.8248318281493461,True,True,20260809,900
crag_task_1_and_2_dev_v5_q_35dd4ec595599b04,crag_task_1_and_2_dev_v5_q_35dd4ec595599b04,confirmatory_test,open,simple_w_condition,slow-changing,greedy_regression_aware_search,greedy_regression_aware_search,/open/search_entity_by_name,open,1,1,0.0,10,0.8333333333333334,0.95,1.5356000512838364,0.8238317977332821,True,True,20260809,900
crag_task_1_and_2_dev_v5_q_38af5783d1e3a6a7,crag_task_1_and_2_dev_v5_q_38af5783d1e3a6a7,confirmatory_test,open,simple_w_condition,static,top_k_low,top_k_low,/open/search_entity_by_name,open,1,1,0.0,10,0.75,0.85,1.7129424959421158,0.7414982870575041,True,True,20260809,901
crag_task_1_and_2_dev_v5_q_38af5783d1e3a6a7,crag_task_1_and_2_dev_v5_q_38af5783d1e3a6a7,confirmatory_test,open,simple_w_condition,static,greedy_regression_aware_search,greedy_regression_aware_search,/open/search_entity_by_name,open,1,1,0.0,10,0.75,0.95,1.7092060297727585,0.7404982907939702,True,True,20260809,901
crag_task_1_and_2_dev_v5_q_40569cc947c827da,crag_task_1_and_2_dev_v5_q_40569cc947c827da,confirmatory_test,open,simple_w_condition,static,top_k_low,top_k_low,/open/search_entity_by_name,open,1,1,0.0,10,0.7954545454545454,0.85,1.6303155571222303,0.7869529151389884,True,True,20260809,902
crag_task_1_and_2_dev_v5_q_40569cc947c827da,crag_task_1_and_2_dev_v5_q_40569cc947c827da,confirmatory_test,open,simple_w_condition,static,greedy_regression_aware_search,greedy_regression_aware_search,/open/search_entity_by_name,open,1,1,0.0,10,0.7954545454545454,0.95,1.6143498942255974,0.7859529311046513,True,True,20260809,902
crag_task_1_and_2_dev_v5_q_488dcb37bb2f8348,crag_task_1_and_2_dev_v5_q_488dcb37bb2f8348,confirmatory_test,open,simple_w_condition,static,top_k_low,top_k_low,/open/search_entity_by_name,open,1,1,0.0,10,0.75,0.85,1.5206662937998772,0.7414984793337063,True,True,20260809,903
crag_task_1_and_2_dev_v5_q_488dcb37bb2f8348,crag_task_1_and_2_dev_v5_q_488dcb37bb2f8348,confirmatory_test,open,simple_w_condition,static,greedy_regression_aware_search,greedy_regression_aware_search,/open/search_entity_by_name,open,1,1,0.0,10,0.75,0.95,1.539045013487339,0.7404984609549866,True,True,20260809,903
crag_task_1_and_2_dev_v5_q_5aaf16d25a9af3ef,crag_task_1_and_2_dev_v5_q_5aaf16d25a9af3ef,confirmatory_test,open,simple_w_condition,static,top_k_low,top_k_low,/open/search_entity_by_name,open,1,1,0.0,10,0.7916666666666666,0.85,1.0485248640179634,0.7831656181418026,True,True,20260809,904
crag_task_1_and_2_dev_v5_q_5aaf16d25a9af3ef,crag_task_1_and_2_dev_v5_q_5aaf16d25a9af3ef,confirmatory_test,open,simple_w_condition,static,greedy_regression_aware_search,greedy_regression_aware_search,/open/search_entity_by_name,open,1,1,0.0,10,0.7916666666666666,0.95,1.030055806040764,0.7821656366108606,True,True,20260809,904
crag_task_1_and_2_dev_v5_q_618b1fe19f3fa194,crag_task_1_and_2_dev_v5_q_618b1fe19f3fa194,confirmatory_test,open,simple_w_condition,static,top_k_low,top_k_low,/open/search_entity_by_name,open,1,1,0.0,2,0.75,0.85,1.337277702987194,0.741498662722297,True,True,20260809,905
crag_task_1_and_2_dev_v5_q_618b1fe19f3fa194,crag_task_1_and_2_dev_v5_q_618b1fe19f3fa194,confirmatory_test,open,simple_w_condition,static,greedy_regression_aware_search,greedy_regression_aware_search,/open/search_entity_by_name,open,1,1,0.0,2,0.75,0.95,1.32078118622303,0.7404986792188138,True,True,20260809,905
crag_task_1_and_2_dev_v5_q_91032ea952dd2ac9,crag_task_1_and_2_dev_v5_q_91032ea952dd2ac9,confirmatory_test,open,simple_w_condition,static,top_k_low,top_k_low,/open/search_entity_by_name,open,1,1,0.0,0,0.5,0.85,0.5793469026684761,0.4914994206530973,True,True,20260809,906
crag_task_1_and_2_dev_v5_q_91032ea952dd2ac9,crag_task_1_and_2_dev_v5_q_91032ea952dd2ac9,confirmatory_test,open,simple_w_condition,static,greedy_regression_aware_search,greedy_regression_aware_search,/open/search_entity_by_name,open,1,1,0.0,0,0.5,0.95,0.5730865523219109,0.4904994269134476,True,True,20260809,906
crag_task_1_and_2_dev_v5_q_937b1686d8dd9241,crag_task_1_and_2_dev_v5_q_937b1686d8dd9241,confirmatory_test,open,simple_w_condition,static,top_k_low,top_k_low,/open/search_entity_by_name,open,1,1,0.0,10,0.8,0.85,1.6755852848291397,0.7914983244147152,True,True,20260809,907
crag_task_1_and_2_dev_v5_q_937b1686d8dd9241,crag_task_1_and_2_dev_v5_q_937b1686d8dd9241,confirmatory_test,open,simple_w_condition,static,greedy_regression_aware_search,greedy_regression_aware_search,/open/search_entity_by_name,open,1,1,0.0,10,0.8,0.95,1.600039191544056,0.7904983999608085,True,True,20260809,907
crag_task_1_and_2_dev_v5_q_a2936837e3c8ade2,crag_task_1_and_2_dev_v5_q_a2936837e3c8ade2,confirmatory_test,open,simple_w_condition,static,top_k_low,top_k_low,/open/search_entity_by_name,open,1,1,0.0,10,0.75,0.85,1.6281325370073318,0.741498371867463,True,True,20260809,908
crag_task_1_and_2_dev_v5_q_a2936837e3c8ade2,crag_task_1_and_2_dev_v5_q_a2936837e3c8ade2,confirmatory_test,open,simple_w_condition,static,greedy_regression_aware_search,greedy_regression_aware_search,/open/search_entity_by_name,open,1,1,0.0,10,0.75,0.95,1.6293339431285858,0.740498370666057,True,True,20260809,908
crag_task_1_and_2_dev_v5_q_d26f5957e8fb2d71,crag_task_1_and_2_dev_v5_q_d26f5957e8fb2d71,confirmatory_test,open,simple_w_condition,slow-changing,top_k_low,top_k_low,/open/search_entity_by_name,open,1,1,0.0,6,0.826923076923077,0.85,1.462266780436039,0.8184216146562966,True,True,20260809,909
crag_task_1_and_2_dev_v5_q_d26f5957e8fb2d71,crag_task_1_and_2_dev_v5_q_d26f5957e8fb2d71,confirmatory_test,open,simple_w_condition,slow-changing,greedy_regression_aware_search,greedy_regression_aware_search,/open/search_entity_by_name,open,1,1,0.0,6,0.826923076923077,0.95,1.4924341812729836,0.8174215844888958,True,True,20260809,909
crag_task_1_and_2_dev_v5_q_d5b35eca1f6f05c6,crag_task_1_and_2_dev_v5_q_d5b35eca1f6f05c6,confirmatory_test,open,simple_w_condition,slow-changing,top_k_low,top_k_low,/open/search_entity_by_name,open,1,1,0.0,10,0.8095238095238095,0.85,1.6313455998897552,0.8010221781782096,True,True,20260809,910
crag_task_1_and_2_dev_v5_q_d5b35eca1f6f05c6,crag_task_1_and_2_dev_v5_q_d5b35eca1f6f05c6,confirmatory_test,open,simple_w_condition,slow-changing,greedy_regression_aware_search,greedy_regression_aware_search,/open/search_entity_by_name,open,1,1,0.0,10,0.8095238095238095,0.95,1.605466939508915,0.8000222040568701,True,True,20260809,910
crag_task_1_and_2_dev_v5_q_e10ee1afde481377,crag_task_1_and_2_dev_v5_q_e10ee1afde481377,confirmatory_test,open,simple_w_condition,static,top_k_low,top_k_low,/open/search_entity_by_name,open,1,1,0.0,10,0.75,0.85,1.2229206040501597,0.741498777079396,True,True,20260809,911
crag_task_1_and_2_dev_v5_q_e10ee1afde481377,crag_task_1_and_2_dev_v5_q_e10ee1afde481377,confirmatory_test,open,simple_w_condition,static,greedy_regression_aware_search,greedy_regression_aware_search,/open/search_entity_by_name,open,1,1,0.0,10,0.75,0.95,1.2129871174693108,0.7404987870128826,True,True,20260809,911
crag_task_1_and_2_dev_v5_q_e25370a76401bb21,crag_task_1_and_2_dev_v5_q_e25370a76401bb21,confirmatory_test,open,simple_w_condition,slow-changing,top_k_low,top_k_low,/open/search_entity_by_name,open,1,1,0.0,10,0.75,0.85,1.6557956114411354,0.7414983442043886,True,True,20260809,912
crag_task_1_and_2_dev_v5_q_e25370a76401bb21,crag_task_1_and_2_dev_v5_q_e25370a76401bb21,confirmatory_test,open,simple_w_condition,slow-changing,greedy_regression_aware_search,greedy_regression_aware_search,/open/search_entity_by_name,open,1,1,0.0,10,0.75,0.95,1.63186714053154,0.7404983681328595,True,True,20260809,912
crag_task_1_and_2_dev_v5_q_ea2a5761005cf7b8,crag_task_1_and_2_dev_v5_q_ea2a5761005cf7b8,confirmatory_test,open,simple_w_condition,slow-changing,top_k_low,top_k_low,/open/search_entity_by_name,open,1,1,0.0,10,0.828125,0.85,1.6136402264237404,0.8196233863597736,True,True,20260809,913
crag_task_1_and_2_dev_v5_q_ea2a5761005cf7b8,crag_task_1_and_2_dev_v5_q_ea2a5761005cf7b8,confirmatory_test,open,simple_w_condition,slow-changing,greedy_regression_aware_search,greedy_regression_aware_search,/open/search_entity_by_name,open,1,1,0.0,10,0.828125,0.95,1.6005784273147583,0.8186233994215727,True,True,20260809,913
crag_task_1_and_2_dev_v5_q_efa7f16e80911ae5,crag_task_1_and_2_dev_v5_q_efa7f16e80911ae5,confirmatory_test,open,simple_w_condition,static,top_k_low,top_k_low,/open/search_entity_by_name,open,1,1,0.0,10,0.75,0.85,1.7240392044186592,0.7414982759607956,True,True,20260809,914
crag_task_1_and_2_dev_v5_q_efa7f16e80911ae5,crag_task_1_and_2_dev_v5_q_efa7f16e80911ae5,confirmatory_test,open,simple_w_condition,static,greedy_regression_aware_search,greedy_regression_aware_search,/open/search_entity_by_name,open,1,1,0.0,10,0.75,0.95,1.7225155606865885,0.7404982774844394,True,True,20260809,914
crag_task_1_and_2_dev_v5_q_0b7491c062773efb,crag_task_1_and_2_dev_v5_q_0b7491c062773efb,confirmatory_test,sports,aggregation,static,top_k_low,top_k_low,/sports/nba/get_games_on_date,sports_nba,1,1,0.0,0,0.5,0.85,12.464185245335102,0.4914875358147547,True,True,20260809,915
crag_task_1_and_2_dev_v5_q_0b7491c062773efb,crag_task_1_and_2_dev_v5_q_0b7491c062773efb,confirmatory_test,sports,aggregation,static,greedy_regression_aware_search,greedy_regression_aware_search,/sports/nba/get_games_on_date,sports_nba,1,1,0.0,0,0.5,0.95,12.089632451534271,0.4904879103675484,True,True,20260809,915
crag_task_1_and_2_dev_v5_q_1a6a5ccebfb8b336,crag_task_1_and_2_dev_v5_q_1a6a5ccebfb8b336,confirmatory_test,sports,aggregation,static,top_k_low,top_k_low,/sports/nba/get_games_on_date,sports_nba,1,1,0.0,0,0.5,0.85,11.951660737395288,0.4914880483392626,True,True,20260809,916
crag_task_1_and_2_dev_v5_q_1a6a5ccebfb8b336,crag_task_1_and_2_dev_v5_q_1a6a5ccebfb8b336,confirmatory_test,sports,aggregation,static,greedy_regression_aware_search,greedy_regression_aware_search,/sports/nba/get_games_on_date,sports_nba,1,1,0.0,0,0.5,0.95,11.991160921752453,0.4904880088390782,True,True,20260809,916
crag_task_1_and_2_dev_v5_q_1fff9d4793607b49,crag_task_1_and_2_dev_v5_q_1fff9d4793607b49,confirmatory_test,sports,aggregation,static,top_k_low,top_k_low,/sports/nba/get_games_on_date,sports_nba,1,1,0.0,0,0.5,0.85,11.970640160143375,0.4914880293598399,True,True,20260809,917
crag_task_1_and_2_dev_v5_q_1fff9d4793607b49,crag_task_1_and_2_dev_v5_q_1fff9d4793607b49,confirmatory_test,sports,aggregation,static,greedy_regression_aware_search,greedy_regression_aware_search,/sports/nba/get_games_on_date,sports_nba,1,1,0.0,0,0.5,0.95,12.090093456208706,0.4904879099065438,True,True,20260809,917
crag_task_1_and_2_dev_v5_q_20413ef77752fe1c,crag_task_1_and_2_dev_v5_q_20413ef77752fe1c,confirmatory_test,sports,aggregation,static,top_k_low,top_k_low,/sports/nba/get_games_on_date,sports_nba,1,1,0.0,0,0.5,0.85,12.00995035469532,0.4914879900496453,True,True,20260809,918
crag_task_1_and_2_dev_v5_q_20413ef77752fe1c,crag_task_1_and_2_dev_v5_q_20413ef77752fe1c,confirmatory_test,sports,aggregation,static,greedy_regression_aware_search,greedy_regression_aware_search,/sports/nba/get_games_on_date,sports_nba,1,1,0.0,0,0.5,0.95,12.035028077661991,0.4904879649719223,True,True,20260809,918
crag_task_1_and_2_dev_v5_q_3ea26025fe917578,crag_task_1_and_2_dev_v5_q_3ea26025fe917578,confirmatory_test,sports,aggregation,static,top_k_low,top_k_low,/sports/nba/get_games_on_date,sports_nba,1,1,0.0,0,0.5,0.85,11.939551681280136,0.4914880604483187,True,True,20260809,919
crag_task_1_and_2_dev_v5_q_3ea26025fe917578,crag_task_1_and_2_dev_v5_q_3ea26025fe917578,confirmatory_test,sports,aggregation,static,greedy_regression_aware_search,greedy_regression_aware_search,/sports/nba/get_games_on_date,sports_nba,1,1,0.0,0,0.5,0.95,12.696621008217337,0.4904873033789917,True,True,20260809,919
crag_task_1_and_2_dev_v5_q_684d04e44285139d,crag_task_1_and_2_dev_v5_q_684d04e44285139d,confirmatory_test,sports,aggregation,static,top_k_low,top_k_low,/sports/nba/get_games_on_date,sports_nba,1,1,0.0,0,0.5,0.85,11.765026487410069,0.4914882349735125,True,True,20260809,920
crag_task_1_and_2_dev_v5_q_684d04e44285139d,crag_task_1_and_2_dev_v5_q_684d04e44285139d,confirmatory_test,sports,aggregation,static,greedy_regression_aware_search,greedy_regression_aware_search,/sports/nba/get_games_on_date,sports_nba,1,1,0.0,0,0.5,0.95,11.869596317410467,0.4904881304036825,True,True,20260809,920
crag_task_1_and_2_dev_v5_q_98cb3d0888fd7dab,crag_task_1_and_2_dev_v5_q_98cb3d0888fd7dab,confirmatory_test,sports,aggregation,slow-changing,top_k_low,top_k_low,/sports/nba/get_games_on_date,sports_nba,1,1,0.0,0,0.5,0.85,11.6899898275733,0.4914883100101724,True,True,20260809,921
crag_task_1_and_2_dev_v5_q_98cb3d0888fd7dab,crag_task_1_and_2_dev_v5_q_98cb3d0888fd7dab,confirmatory_test,sports,aggregation,slow-changing,greedy_regression_aware_search,greedy_regression_aware_search,/sports/nba/get_games_on_date,sports_nba,1,1,0.0,0,0.5,0.95,11.826709844172,0.4904881732901558,True,True,20260809,921
crag_task_1_and_2_dev_v5_q_a06461ed378a67de,crag_task_1_and_2_dev_v5_q_a06461ed378a67de,confirmatory_test,sports,aggregation,static,top_k_low,top_k_low,/sports/nba/get_games_on_date,sports_nba,1,1,0.0,0,0.5,0.85,11.779587715864182,0.4914882204122841,True,True,20260809,922
crag_task_1_and_2_dev_v5_q_a06461ed378a67de,crag_task_1_and_2_dev_v5_q_a06461ed378a67de,confirmatory_test,sports,aggregation,static,greedy_regression_aware_search,greedy_regression_aware_search,/sports/nba/get_games_on_date,sports_nba,1,1,0.0,0,0.5,0.95,11.729039251804352,0.4904882709607482,True,True,20260809,922
crag_task_1_and_2_dev_v5_q_a6fcd706df357a4e,crag_task_1_and_2_dev_v5_q_a6fcd706df357a4e,confirmatory_test,sports,aggregation,static,top_k_low,top_k_low,/sports/nba/get_games_on_date,sports_nba,1,1,0.0,0,0.5,0.85,12.009368278086184,0.4914879906317219,True,True,20260809,923
crag_task_1_and_2_dev_v5_q_a6fcd706df357a4e,crag_task_1_and_2_dev_v5_q_a6fcd706df357a4e,confirmatory_test,sports,aggregation,static,greedy_regression_aware_search,greedy_regression_aware_search,/sports/nba/get_games_on_date,sports_nba,1,1,0.0,0,0.5,0.95,12.844768352806568,0.4904871552316472,True,True,20260809,923
crag_task_1_and_2_dev_v5_q_ac80e53559f363a9,crag_task_1_and_2_dev_v5_q_ac80e53559f363a9,confirmatory_test,sports,aggregation,fast-changing,top_k_low,top_k_low,/sports/nba/get_games_on_date,sports_nba,1,1,0.0,0,0.5,0.85,11.643709614872932,0.4914883562903851,True,True,20260809,924
crag_task_1_and_2_dev_v5_q_ac80e53559f363a9,crag_task_1_and_2_dev_v5_q_ac80e53559f363a9,confirmatory_test,sports,aggregation,fast-changing,greedy_regression_aware_search,greedy_regression_aware_search,/sports/nba/get_games_on_date,sports_nba,1,1,0.0,0,0.5,0.95,11.824657209217548,0.4904881753427907,True,True,20260809,924
crag_task_1_and_2_dev_v5_q_b04d692682569db9,crag_task_1_and_2_dev_v5_q_b04d692682569db9,confirmatory_test,sports,aggregation,static,top_k_low,top_k_low,/sports/nba/get_games_on_date,sports_nba,1,1,0.0,0,0.5,0.85,12.688277289271356,0.4914873117227107,True,True,20260809,925
crag_task_1_and_2_dev_v5_q_b04d692682569db9,crag_task_1_and_2_dev_v5_q_b04d692682569db9,confirmatory_test,sports,aggregation,static,greedy_regression_aware_search,greedy_regression_aware_search,/sports/nba/get_games_on_date,sports_nba,1,1,0.0,0,0.5,0.95,12.061377987265589,0.4904879386220127,True,True,20260809,925
crag_task_1_and_2_dev_v5_q_c9e8e309d59a6745,crag_task_1_and_2_dev_v5_q_c9e8e309d59a6745,confirmatory_test,sports,aggregation,fast-changing,top_k_low,top_k_low,/sports/nba/get_games_on_date,sports_nba,1,1,0.0,0,0.5,0.85,11.68676558881998,0.4914883132344111,True,True,20260809,926
crag_task_1_and_2_dev_v5_q_c9e8e309d59a6745,crag_task_1_and_2_dev_v5_q_c9e8e309d59a6745,confirmatory_test,sports,aggregation,fast-changing,greedy_regression_aware_search,greedy_regression_aware_search,/sports/nba/get_games_on_date,sports_nba,1,1,0.0,0,0.5,0.95,11.819839477539062,0.4904881801605225,True,True,20260809,926
crag_task_1_and_2_dev_v5_q_e22d1df0bcde1183,crag_task_1_and_2_dev_v5_q_e22d1df0bcde1183,confirmatory_test,sports,aggregation,slow-changing,top_k_low,top_k_low,/sports/nba/get_games_on_date,sports_nba,1,1,0.0,0,0.5,0.85,11.80106122046709,0.4914881989387795,True,True,20260809,927
crag_task_1_and_2_dev_v5_q_e22d1df0bcde1183,crag_task_1_and_2_dev_v5_q_e22d1df0bcde1183,confirmatory_test,sports,aggregation,slow-changing,greedy_regression_aware_search,greedy_regression_aware_search,/sports/nba/get_games_on_date,sports_nba,1,1,0.0,0,0.5,0.95,11.789754033088684,0.4904882102459669,True,True,20260809,927
crag_task_1_and_2_dev_v5_q_e495cf422c9504aa,crag_task_1_and_2_dev_v5_q_e495cf422c9504aa,confirmatory_test,sports,aggregation,slow-changing,top_k_low,top_k_low,/sports/nba/get_games_on_date,sports_nba,1,1,0.0,0,0.5,0.85,11.81326899677515,0.4914881867310032,True,True,20260809,928
crag_task_1_and_2_dev_v5_q_e495cf422c9504aa,crag_task_1_and_2_dev_v5_q_e495cf422c9504aa,confirmatory_test,sports,aggregation,slow-changing,greedy_regression_aware_search,greedy_regression_aware_search,/sports/nba/get_games_on_date,sports_nba,1,1,0.0,0,0.5,0.95,11.76903210580349,0.4904882309678942,True,True,20260809,928
crag_task_1_and_2_dev_v5_q_e67c0ce1d1b846fb,crag_task_1_and_2_dev_v5_q_e67c0ce1d1b846fb,confirmatory_test,sports,aggregation,static,top_k_low,top_k_low,/sports/nba/get_games_on_date,sports_nba,1,1,0.0,0,0.5,0.85,11.935786344110966,0.4914880642136559,True,True,20260809,929
crag_task_1_and_2_dev_v5_q_e67c0ce1d1b846fb,crag_task_1_and_2_dev_v5_q_e67c0ce1d1b846fb,confirmatory_test,sports,aggregation,static,greedy_regression_aware_search,greedy_regression_aware_search,/sports/nba/get_games_on_date,sports_nba,1,1,0.0,0,0.5,0.95,11.96670439094305,0.490488033295609,True,True,20260809,929
crag_task_1_and_2_dev_v5_q_eeec41facd8f5858,crag_task_1_and_2_dev_v5_q_eeec41facd8f5858,confirmatory_test,sports,aggregation,slow-changing,top_k_low,top_k_low,/sports/nba/get_games_on_date,sports_nba,1,1,0.0,0,0.5,0.85,11.779578402638435,0.4914882204215973,True,True,20260809,930
crag_task_1_and_2_dev_v5_q_eeec41facd8f5858,crag_task_1_and_2_dev_v5_q_eeec41facd8f5858,confirmatory_test,sports,aggregation,slow-changing,greedy_regression_aware_search,greedy_regression_aware_search,/sports/nba/get_games_on_date,sports_nba,1,1,0.0,0,0.5,0.95,11.779247783124449,0.4904882207522169,True,True,20260809,930
crag_task_1_and_2_dev_v5_q_f89be510ecacb0d5,crag_task_1_and_2_dev_v5_q_f89be510ecacb0d5,confirmatory_test,sports,aggregation,slow-changing,top_k_low,top_k_low,/sports/nba/get_games_on_date,sports_nba,1,1,0.0,0,0.5,0.85,11.846119537949562,0.491488153880462,True,True,20260809,931
crag_task_1_and_2_dev_v5_q_f89be510ecacb0d5,crag_task_1_and_2_dev_v5_q_f89be510ecacb0d5,confirmatory_test,sports,aggregation,slow-changing,greedy_regression_aware_search,greedy_regression_aware_search,/sports/nba/get_games_on_date,sports_nba,1,1,0.0,0,0.5,0.95,11.860592290759088,0.4904881394077092,True,True,20260809,931
crag_task_1_and_2_dev_v5_q_ffdcd8c6d02cd40d,crag_task_1_and_2_dev_v5_q_ffdcd8c6d02cd40d,confirmatory_test,sports,aggregation,fast-changing,top_k_low,top_k_low,/sports/nba/get_games_on_date,sports_nba,1,1,0.0,0,0.5,0.85,11.713355779647827,0.4914882866442203,True,True,20260809,932
crag_task_1_and_2_dev_v5_q_ffdcd8c6d02cd40d,crag_task_1_and_2_dev_v5_q_ffdcd8c6d02cd40d,confirmatory_test,sports,aggregation,fast-changing,greedy_regression_aware_search,greedy_regression_aware_search,/sports/nba/get_games_on_date,sports_nba,1,1,0.0,0,0.5,0.95,11.861932463943958,0.490488138067536,True,True,20260809,932
crag_task_1_and_2_dev_v5_q_045f814714e18605,crag_task_1_and_2_dev_v5_q_045f814714e18605,confirmatory_test,sports,comparison,static,top_k_low,top_k_low,/sports/nba/get_games_on_date,sports_nba,1,1,0.0,0,0.5,0.85,11.805166490375996,0.4914881948335096,True,True,20260809,933
crag_task_1_and_2_dev_v5_q_045f814714e18605,crag_task_1_and_2_dev_v5_q_045f814714e18605,confirmatory_test,sports,comparison,static,greedy_regression_aware_search,greedy_regression_aware_search,/sports/nba/get_games_on_date,sports_nba,1,1,0.0,0,0.5,0.95,11.751473881304264,0.4904882485261186,True,True,20260809,933
crag_task_1_and_2_dev_v5_q_243fd07e1a5dede7,crag_task_1_and_2_dev_v5_q_243fd07e1a5dede7,confirmatory_test,sports,comparison,static,top_k_low,top_k_low,/sports/nba/get_games_on_date,sports_nba,1,1,0.0,0,0.5,0.85,11.839108541607857,0.4914881608914583,True,True,20260809,934
crag_task_1_and_2_dev_v5_q_243fd07e1a5dede7,crag_task_1_and_2_dev_v5_q_243fd07e1a5dede7,confirmatory_test,sports,comparison,static,greedy_regression_aware_search,greedy_regression_aware_search,/sports/nba/get_games_on_date,sports_nba,1,1,0.0,0,0.5,0.95,11.892351321876047,0.4904881076486781,True,True,20260809,934
crag_task_1_and_2_dev_v5_q_618218cacff823cb,crag_task_1_and_2_dev_v5_q_618218cacff823cb,confirmatory_test,sports,comparison,static,top_k_low,top_k_low,/sports/nba/get_games_on_date,sports_nba,1,1,0.0,0,0.5,0.85,11.862765066325665,0.4914881372349337,True,True,20260809,935
crag_task_1_and_2_dev_v5_q_618218cacff823cb,crag_task_1_and_2_dev_v5_q_618218cacff823cb,confirmatory_test,sports,comparison,static,greedy_regression_aware_search,greedy_regression_aware_search,/sports/nba/get_games_on_date,sports_nba,1,1,0.0,0,0.5,0.95,11.965070851147177,0.4904880349291488,True,True,20260809,935
crag_task_1_and_2_dev_v5_q_87834ce185cbbd26,crag_task_1_and_2_dev_v5_q_87834ce185cbbd26,confirmatory_test,sports,comparison,static,top_k_low,top_k_low,/sports/nba/get_games_on_date,sports_nba,1,1,0.0,0,0.5,0.85,11.718645691871645,0.4914882813543081,True,True,20260809,936
crag_task_1_and_2_dev_v5_q_87834ce185cbbd26,crag_task_1_and_2_dev_v5_q_87834ce185cbbd26,confirmatory_test,sports,comparison,static,greedy_regression_aware_search,greedy_regression_aware_search,/sports/nba/get_games_on_date,sports_nba,1,1,0.0,0,0.5,0.95,11.891710571944714,0.490488108289428,True,True,20260809,936
crag_task_1_and_2_dev_v5_q_8a7f561723d9d378,crag_task_1_and_2_dev_v5_q_8a7f561723d9d378,confirmatory_test,sports,comparison,static,top_k_low,top_k_low,/sports/nba/get_games_on_date,sports_nba,1,1,0.0,0,0.5,0.85,11.727296747267246,0.4914882727032527,True,True,20260809,937
crag_task_1_and_2_dev_v5_q_8a7f561723d9d378,crag_task_1_and_2_dev_v5_q_8a7f561723d9d378,confirmatory_test,sports,comparison,static,greedy_regression_aware_search,greedy_regression_aware_search,/sports/nba/get_games_on_date,sports_nba,1,1,0.0,0,0.5,0.95,11.766428127884865,0.4904882335718721,True,True,20260809,937
crag_task_1_and_2_dev_v5_q_9bfebff623b54d49,crag_task_1_and_2_dev_v5_q_9bfebff623b54d49,confirmatory_test,sports,comparison,static,top_k_low,top_k_low,/sports/nba/get_games_on_date,sports_nba,1,1,0.0,0,0.5,0.85,11.948845349252224,0.4914880511546507,True,True,20260809,938
crag_task_1_and_2_dev_v5_q_9bfebff623b54d49,crag_task_1_and_2_dev_v5_q_9bfebff623b54d49,confirmatory_test,sports,comparison,static,greedy_regression_aware_search,greedy_regression_aware_search,/sports/nba/get_games_on_date,sports_nba,1,1,0.0,0,0.5,0.95,12.086497619748116,0.4904879135023802,True,True,20260809,938
crag_task_1_and_2_dev_v5_q_ae1498a53eb7248b,crag_task_1_and_2_dev_v5_q_ae1498a53eb7248b,confirmatory_test,sports,comparison,static,top_k_low,top_k_low,/sports/nba/get_games_on_date,sports_nba,1,1,0.0,0,0.5,0.85,11.874472722411156,0.4914881255272776,True,True,20260809,939
crag_task_1_and_2_dev_v5_q_ae1498a53eb7248b,crag_task_1_and_2_dev_v5_q_ae1498a53eb7248b,confirmatory_test,sports,comparison,static,greedy_regression_aware_search,greedy_regression_aware_search,/sports/nba/get_games_on_date,sports_nba,1,1,0.0,0,0.5,0.95,11.992814019322395,0.4904880071859807,True,True,20260809,939
crag_task_1_and_2_dev_v5_q_bfc6dd18346d7d14,crag_task_1_and_2_dev_v5_q_bfc6dd18346d7d14,confirmatory_test,sports,comparison,slow-changing,top_k_low,top_k_low,/sports/nba/get_games_on_date,sports_nba,1,1,0.0,0,0.5,0.85,11.75380777567625,0.4914882461922243,True,True,20260809,940
crag_task_1_and_2_dev_v5_q_bfc6dd18346d7d14,crag_task_1_and_2_dev_v5_q_bfc6dd18346d7d14,confirmatory_test,sports,comparison,slow-changing,greedy_regression_aware_search,greedy_regression_aware_search,/sports/nba/get_games_on_date,sports_nba,1,1,0.0,0,0.5,0.95,11.837716214358808,0.4904881622837856,True,True,20260809,940
crag_task_1_and_2_dev_v5_q_cd7abe800a962310,crag_task_1_and_2_dev_v5_q_cd7abe800a962310,confirmatory_test,sports,comparison,static,top_k_low,top_k_low,/sports/nba/get_games_on_date,sports_nba,1,1,0.0,0,0.5,0.85,12.065335176885128,0.4914879346648231,True,True,20260809,941
crag_task_1_and_2_dev_v5_q_cd7abe800a962310,crag_task_1_and_2_dev_v5_q_cd7abe800a962310,confirmatory_test,sports,comparison,static,greedy_regression_aware_search,greedy_regression_aware_search,/sports/nba/get_games_on_date,sports_nba,1,1,0.0,0,0.5,0.95,11.91932149231434,0.4904880806785077,True,True,20260809,941
crag_task_1_and_2_dev_v5_q_f85fa53f7c5cb481,crag_task_1_and_2_dev_v5_q_f85fa53f7c5cb481,confirmatory_test,sports,comparison,slow-changing,top_k_low,top_k_low,/sports/nba/get_games_on_date,sports_nba,1,1,0.0,0,0.5,0.85,11.707638390362265,0.4914882923616096,True,True,20260809,942
crag_task_1_and_2_dev_v5_q_f85fa53f7c5cb481,crag_task_1_and_2_dev_v5_q_f85fa53f7c5cb481,confirmatory_test,sports,comparison,slow-changing,greedy_regression_aware_search,greedy_regression_aware_search,/sports/nba/get_games_on_date,sports_nba,1,1,0.0,0,0.5,0.95,11.763764545321465,0.4904882362354547,True,True,20260809,942
crag_task_1_and_2_dev_v5_q_ffec7c8ce00aaa98,crag_task_1_and_2_dev_v5_q_ffec7c8ce00aaa98,confirmatory_test,sports,comparison,static,top_k_low,top_k_low,/sports/nba/get_games_on_date,sports_nba,1,1,0.0,0,0.5,0.85,11.87609601765871,0.4914881239039823,True,True,20260809,943
crag_task_1_and_2_dev_v5_q_ffec7c8ce00aaa98,crag_task_1_and_2_dev_v5_q_ffec7c8ce00aaa98,confirmatory_test,sports,comparison,static,greedy_regression_aware_search,greedy_regression_aware_search,/sports/nba/get_games_on_date,sports_nba,1,1,0.0,0,0.5,0.95,11.76148932427168,0.4904882385106757,True,True,20260809,943
crag_task_1_and_2_dev_v5_q_3184762188365eaa,crag_task_1_and_2_dev_v5_q_3184762188365eaa,confirmatory_test,sports,false_premise,fast-changing,top_k_low,top_k_low,/sports/nba/get_games_on_date,sports_nba,1,1,0.0,0,0.5,0.85,11.786198243498802,0.4914882138017565,True,True,20260809,944
crag_task_1_and_2_dev_v5_q_3184762188365eaa,crag_task_1_and_2_dev_v5_q_3184762188365eaa,confirmatory_test,sports,false_premise,fast-changing,greedy_regression_aware_search,greedy_regression_aware_search,/sports/nba/get_games_on_date,sports_nba,1,1,0.0,0,0.5,0.95,11.777705512940884,0.4904882222944871,True,True,20260809,944
crag_task_1_and_2_dev_v5_q_56984bb0412e404f,crag_task_1_and_2_dev_v5_q_56984bb0412e404f,confirmatory_test,sports,false_premise,fast-changing,top_k_low,top_k_low,/sports/nba/get_games_on_date,sports_nba,1,1,0.0,0,0.5,0.85,17.338375560939312,0.491482661624439,True,True,20260809,945
crag_task_1_and_2_dev_v5_q_56984bb0412e404f,crag_task_1_and_2_dev_v5_q_56984bb0412e404f,confirmatory_test,sports,false_premise,fast-changing,greedy_regression_aware_search,greedy_regression_aware_search,/sports/nba/get_games_on_date,sports_nba,1,1,0.0,0,0.5,0.95,11.870667338371277,0.4904881293326616,True,True,20260809,945
crag_task_1_and_2_dev_v5_q_5c7d040c8fd7de02,crag_task_1_and_2_dev_v5_q_5c7d040c8fd7de02,confirmatory_test,sports,false_premise,fast-changing,top_k_low,top_k_low,/sports/nba/get_games_on_date,sports_nba,1,1,0.0,0,0.5,0.85,11.72006782144308,0.4914882799321785,True,True,20260809,946
crag_task_1_and_2_dev_v5_q_5c7d040c8fd7de02,crag_task_1_and_2_dev_v5_q_5c7d040c8fd7de02,confirmatory_test,sports,false_premise,fast-changing,greedy_regression_aware_search,greedy_regression_aware_search,/sports/nba/get_games_on_date,sports_nba,1,1,0.0,0,0.5,0.95,11.821571737527847,0.4904881784282625,True,True,20260809,946
crag_task_1_and_2_dev_v5_q_5fdfac4140340116,crag_task_1_and_2_dev_v5_q_5fdfac4140340116,confirmatory_test,sports,false_premise,fast-changing,top_k_low,top_k_low,/sports/nba/get_games_on_date,sports_nba,1,1,0.0,0,0.5,0.85,11.764354072511196,0.4914882356459275,True,True,20260809,947
crag_task_1_and_2_dev_v5_q_5fdfac4140340116,crag_task_1_and_2_dev_v5_q_5fdfac4140340116,confirmatory_test,sports,false_premise,fast-changing,greedy_regression_aware_search,greedy_regression_aware_search,/sports/nba/get_games_on_date,sports_nba,1,1,0.0,0,0.5,0.95,11.839549988508224,0.4904881604500115,True,True,20260809,947
crag_task_1_and_2_dev_v5_q_6d8c1a59d54add82,crag_task_1_and_2_dev_v5_q_6d8c1a59d54add82,confirmatory_test,sports,false_premise,static,top_k_low,top_k_low,/sports/nba/get_games_on_date,sports_nba,1,1,0.0,0,0.5,0.85,12.031203135848044,0.4914879687968641,True,True,20260809,948
crag_task_1_and_2_dev_v5_q_6d8c1a59d54add82,crag_task_1_and_2_dev_v5_q_6d8c1a59d54add82,confirmatory_test,sports,false_premise,static,greedy_regression_aware_search,greedy_regression_aware_search,/sports/nba/get_games_on_date,sports_nba,1,1,0.0,0,0.5,0.95,11.971521191298962,0.4904880284788087,True,True,20260809,948
crag_task_1_and_2_dev_v5_q_76f28c5aacd2a43b,crag_task_1_and_2_dev_v5_q_76f28c5aacd2a43b,confirmatory_test,sports,false_premise,fast-changing,top_k_low,top_k_low,/sports/nba/get_games_on_date,sports_nba,1,1,0.0,0,0.5,0.85,11.764333583414556,0.4914882356664166,True,True,20260809,949
crag_task_1_and_2_dev_v5_q_76f28c5aacd2a43b,crag_task_1_and_2_dev_v5_q_76f28c5aacd2a43b,confirmatory_test,sports,false_premise,fast-changing,greedy_regression_aware_search,greedy_regression_aware_search,/sports/nba/get_games_on_date,sports_nba,1,1,0.0,0,0.5,0.95,11.751245707273483,0.4904882487542927,True,True,20260809,949
crag_task_1_and_2_dev_v5_q_7a6d0ee0f37a2711,crag_task_1_and_2_dev_v5_q_7a6d0ee0f37a2711,confirmatory_test,sports,false_premise,fast-changing,top_k_low,top_k_low,/sports/nba/get_games_on_date,sports_nba,1,1,0.0,0,0.5,0.85,11.73093356192112,0.491488269066438,True,True,20260809,950
crag_task_1_and_2_dev_v5_q_7a6d0ee0f37a2711,crag_task_1_and_2_dev_v5_q_7a6d0ee0f37a2711,confirmatory_test,sports,false_premise,fast-changing,greedy_regression_aware_search,greedy_regression_aware_search,/sports/nba/get_games_on_date,sports_nba,1,1,0.0,0,0.5,0.95,11.83213759213686,0.4904881678624078,True,True,20260809,950
crag_task_1_and_2_dev_v5_q_8ab50c05ebc0612f,crag_task_1_and_2_dev_v5_q_8ab50c05ebc0612f,confirmatory_test,sports,false_premise,fast-changing,top_k_low,top_k_low,/sports/nba/get_games_on_date,sports_nba,1,1,0.0,0,0.5,0.85,11.761459521949291,0.491488238540478,True,True,20260809,951
crag_task_1_and_2_dev_v5_q_8ab50c05ebc0612f,crag_task_1_and_2_dev_v5_q_8ab50c05ebc0612f,confirmatory_test,sports,false_premise,fast-changing,greedy_regression_aware_search,greedy_regression_aware_search,/sports/nba/get_games_on_date,sports_nba,1,1,0.0,0,0.5,0.95,11.82074099779129,0.4904881792590022,True,True,20260809,951
crag_task_1_and_2_dev_v5_q_aa4bb56b92e07993,crag_task_1_and_2_dev_v5_q_aa4bb56b92e07993,confirmatory_test,sports,false_premise,fast-changing,top_k_low,top_k_low,/sports/nba/get_games_on_date,sports_nba,1,1,0.0,0,0.5,0.85,11.797945946455002,0.4914882020540535,True,True,20260809,952
crag_task_1_and_2_dev_v5_q_aa4bb56b92e07993,crag_task_1_and_2_dev_v5_q_aa4bb56b92e07993,confirmatory_test,sports,false_premise,fast-changing,greedy_regression_aware_search,greedy_regression_aware_search,/sports/nba/get_games_on_date,sports_nba,1,1,0.0,0,0.5,0.95,17.28710625320673,0.4904827128937468,True,True,20260809,952
crag_task_1_and_2_dev_v5_q_af24c06b57c3a7fc,crag_task_1_and_2_dev_v5_q_af24c06b57c3a7fc,confirmatory_test,sports,false_premise,fast-changing,top_k_low,top_k_low,/sports/nba/get_games_on_date,sports_nba,1,1,0.0,0,0.5,0.85,11.74863986670971,0.4914882513601333,True,True,20260809,953
crag_task_1_and_2_dev_v5_q_af24c06b57c3a7fc,crag_task_1_and_2_dev_v5_q_af24c06b57c3a7fc,confirmatory_test,sports,false_premise,fast-changing,greedy_regression_aware_search,greedy_regression_aware_search,/sports/nba/get_games_on_date,sports_nba,1,1,0.0,0,0.5,0.95,11.782602407038212,0.4904882173975929,True,True,20260809,953
crag_task_1_and_2_dev_v5_q_c583df24c05c8d24,crag_task_1_and_2_dev_v5_q_c583df24c05c8d24,confirmatory_test,sports,false_premise,fast-changing,top_k_low,top_k_low,/sports/nba/get_games_on_date,sports_nba,1,1,0.0,0,0.5,0.85,11.758135631680489,0.4914882418643683,True,True,20260809,954
crag_task_1_and_2_dev_v5_q_c583df24c05c8d24,crag_task_1_and_2_dev_v5_q_c583df24c05c8d24,confirmatory_test,sports,false_premise,fast-changing,greedy_regression_aware_search,greedy_regression_aware_search,/sports/nba/get_games_on_date,sports_nba,1,1,0.0,0,0.5,0.95,11.918310075998306,0.4904880816899239,True,True,20260809,954
crag_task_1_and_2_dev_v5_q_ddf2b8fad6a51099,crag_task_1_and_2_dev_v5_q_ddf2b8fad6a51099,confirmatory_test,sports,false_premise,fast-changing,top_k_low,top_k_low,/sports/nba/get_games_on_date,sports_nba,1,1,0.0,0,0.5,0.85,11.74128893762827,0.4914882587110624,True,True,20260809,955
crag_task_1_and_2_dev_v5_q_ddf2b8fad6a51099,crag_task_1_and_2_dev_v5_q_ddf2b8fad6a51099,confirmatory_test,sports,false_premise,fast-changing,greedy_regression_aware_search,greedy_regression_aware_search,/sports/nba/get_games_on_date,sports_nba,1,1,0.0,0,0.5,0.95,11.853710748255253,0.4904881462892517,True,True,20260809,955
crag_task_1_and_2_dev_v5_q_ec8d7d1dfcdcc4c5,crag_task_1_and_2_dev_v5_q_ec8d7d1dfcdcc4c5,confirmatory_test,sports,false_premise,fast-changing,top_k_low,top_k_low,/sports/nba/get_games_on_date,sports_nba,1,1,0.0,0,0.5,0.85,11.918140575289726,0.4914880818594247,True,True,20260809,956
crag_task_1_and_2_dev_v5_q_ec8d7d1dfcdcc4c5,crag_task_1_and_2_dev_v5_q_ec8d7d1dfcdcc4c5,confirmatory_test,sports,false_premise,fast-changing,greedy_regression_aware_search,greedy_regression_aware_search,/sports/nba/get_games_on_date,sports_nba,1,1,0.0,0,0.5,0.95,11.952772736549376,0.4904880472272634,True,True,20260809,956
crag_task_1_and_2_dev_v5_q_f59811c590532416,crag_task_1_and_2_dev_v5_q_f59811c590532416,confirmatory_test,sports,false_premise,fast-changing,top_k_low,top_k_low,/sports/nba/get_games_on_date,sports_nba,1,1,0.0,0,0.5,0.85,11.80979423224926,0.4914881902057677,True,True,20260809,957
crag_task_1_and_2_dev_v5_q_f59811c590532416,crag_task_1_and_2_dev_v5_q_f59811c590532416,confirmatory_test,sports,false_premise,fast-changing,greedy_regression_aware_search,greedy_regression_aware_search,/sports/nba/get_games_on_date,sports_nba,1,1,0.0,0,0.5,0.95,11.81690488010645,0.4904881830951199,True,True,20260809,957
crag_task_1_and_2_dev_v5_q_1abca28cadbd32bc,crag_task_1_and_2_dev_v5_q_1abca28cadbd32bc,confirmatory_test,sports,multi-hop,slow-changing,top_k_low,top_k_low,/sports/nba/get_games_on_date,sports_nba,1,1,0.0,0,0.5,0.85,11.859098449349403,0.4914881409015506,True,True,20260809,958
crag_task_1_and_2_dev_v5_q_1abca28cadbd32bc,crag_task_1_and_2_dev_v5_q_1abca28cadbd32bc,confirmatory_test,sports,multi-hop,slow-changing,greedy_regression_aware_search,greedy_regression_aware_search,/sports/nba/get_games_on_date,sports_nba,1,1,0.0,0,0.5,0.95,11.821291409432888,0.4904881787085905,True,True,20260809,958
crag_task_1_and_2_dev_v5_q_3fa3ba84a52a8529,crag_task_1_and_2_dev_v5_q_3fa3ba84a52a8529,confirmatory_test,sports,multi-hop,static,top_k_low,top_k_low,/sports/nba/get_games_on_date,sports_nba,1,1,0.0,0,0.5,0.85,11.914202943444252,0.4914880857970565,True,True,20260809,959
crag_task_1_and_2_dev_v5_q_3fa3ba84a52a8529,crag_task_1_and_2_dev_v5_q_3fa3ba84a52a8529,confirmatory_test,sports,multi-hop,static,greedy_regression_aware_search,greedy_regression_aware_search,/sports/nba/get_games_on_date,sports_nba,1,1,0.0,0,0.5,0.95,11.956517584621906,0.4904880434824153,True,True,20260809,959
crag_task_1_and_2_dev_v5_q_48898d444ab086ca,crag_task_1_and_2_dev_v5_q_48898d444ab086ca,confirmatory_test,sports,multi-hop,static,top_k_low,top_k_low,/sports/nba/get_games_on_date,sports_nba,1,1,0.0,0,0.5,0.85,11.941124685108662,0.4914880588753149,True,True,20260809,960
crag_task_1_and_2_dev_v5_q_48898d444ab086ca,crag_task_1_and_2_dev_v5_q_48898d444ab086ca,confirmatory_test,sports,multi-hop,static,greedy_regression_aware_search,greedy_regression_aware_search,/sports/nba/get_games_on_date,sports_nba,1,1,0.0,0,0.5,0.95,11.895515024662018,0.4904881044849753,True,True,20260809,960
crag_task_1_and_2_dev_v5_q_904ceb876a6c3e24,crag_task_1_and_2_dev_v5_q_904ceb876a6c3e24,confirmatory_test,sports,multi-hop,static,top_k_low,top_k_low,/sports/nba/get_games_on_date,sports_nba,1,1,0.0,0,0.5,0.85,11.756201274693012,0.4914882437987253,True,True,20260809,961
crag_task_1_and_2_dev_v5_q_904ceb876a6c3e24,crag_task_1_and_2_dev_v5_q_904ceb876a6c3e24,confirmatory_test,sports,multi-hop,static,greedy_regression_aware_search,greedy_regression_aware_search,/sports/nba/get_games_on_date,sports_nba,1,1,0.0,0,0.5,0.95,11.84105034917593,0.4904881589496508,True,True,20260809,961
crag_task_1_and_2_dev_v5_q_9e701c156573cbd6,crag_task_1_and_2_dev_v5_q_9e701c156573cbd6,confirmatory_test,sports,multi-hop,static,top_k_low,top_k_low,/sports/nba/get_games_on_date,sports_nba,1,1,0.0,0,0.5,0.85,11.839840561151505,0.4914881601594388,True,True,20260809,962
crag_task_1_and_2_dev_v5_q_9e701c156573cbd6,crag_task_1_and_2_dev_v5_q_9e701c156573cbd6,confirmatory_test,sports,multi-hop,static,greedy_regression_aware_search,greedy_regression_aware_search,/sports/nba/get_games_on_date,sports_nba,1,1,0.0,0,0.5,0.95,11.908323504030704,0.490488091676496,True,True,20260809,962
crag_task_1_and_2_dev_v5_q_a70639551b5b9155,crag_task_1_and_2_dev_v5_q_a70639551b5b9155,confirmatory_test,sports,multi-hop,slow-changing,top_k_low,top_k_low,/sports/nba/get_games_on_date,sports_nba,1,1,0.0,0,0.5,0.85,11.698883958160875,0.4914883011160418,True,True,20260809,963
crag_task_1_and_2_dev_v5_q_a70639551b5b9155,crag_task_1_and_2_dev_v5_q_a70639551b5b9155,confirmatory_test,sports,multi-hop,slow-changing,greedy_regression_aware_search,greedy_regression_aware_search,/sports/nba/get_games_on_date,sports_nba,1,1,0.0,0,0.5,0.95,12.039595283567904,0.4904879604047164,True,True,20260809,963
crag_task_1_and_2_dev_v5_q_af948fe2b0787ce8,crag_task_1_and_2_dev_v5_q_af948fe2b0787ce8,confirmatory_test,sports,multi-hop,static,top_k_low,top_k_low,/sports/nba/get_games_on_date,sports_nba,1,1,0.0,0,0.5,0.85,11.895365081727505,0.4914881046349182,True,True,20260809,964
crag_task_1_and_2_dev_v5_q_af948fe2b0787ce8,crag_task_1_and_2_dev_v5_q_af948fe2b0787ce8,confirmatory_test,sports,multi-hop,static,greedy_regression_aware_search,greedy_regression_aware_search,/sports/nba/get_games_on_date,sports_nba,1,1,0.0,0,0.5,0.95,11.83539256453514,0.4904881646074354,True,True,20260809,964
crag_task_1_and_2_dev_v5_q_dd03d036b97a9679,crag_task_1_and_2_dev_v5_q_dd03d036b97a9679,confirmatory_test,sports,multi-hop,slow-changing,top_k_low,top_k_low,/sports/nba/get_games_on_date,sports_nba,1,1,0.0,0,0.5,0.85,11.817705817520618,0.4914881822941824,True,True,20260809,965
crag_task_1_and_2_dev_v5_q_dd03d036b97a9679,crag_task_1_and_2_dev_v5_q_dd03d036b97a9679,confirmatory_test,sports,multi-hop,slow-changing,greedy_regression_aware_search,greedy_regression_aware_search,/sports/nba/get_games_on_date,sports_nba,1,1,0.0,0,0.5,0.95,11.865008622407911,0.4904881349913776,True,True,20260809,965
crag_task_1_and_2_dev_v5_q_e221aab69671fece,crag_task_1_and_2_dev_v5_q_e221aab69671fece,confirmatory_test,sports,multi-hop,static,top_k_low,top_k_low,/sports/nba/get_games_on_date,sports_nba,1,1,0.0,0,0.5,0.85,11.921334080398085,0.4914880786659196,True,True,20260809,966
crag_task_1_and_2_dev_v5_q_e221aab69671fece,crag_task_1_and_2_dev_v5_q_e221aab69671fece,confirmatory_test,sports,multi-hop,static,greedy_regression_aware_search,greedy_regression_aware_search,/sports/nba/get_games_on_date,sports_nba,1,1,0.0,0,0.5,0.95,11.929898522794248,0.4904880701014772,True,True,20260809,966
crag_task_1_and_2_dev_v5_q_e2dce608c1cb3472,crag_task_1_and_2_dev_v5_q_e2dce608c1cb3472,confirmatory_test,sports,multi-hop,static,top_k_low,top_k_low,/sports/nba/get_games_on_date,sports_nba,1,1,0.0,0,0.5,0.85,11.904588900506496,0.4914880954110995,True,True,20260809,967
crag_task_1_and_2_dev_v5_q_e2dce608c1cb3472,crag_task_1_and_2_dev_v5_q_e2dce608c1cb3472,confirmatory_test,sports,multi-hop,static,greedy_regression_aware_search,greedy_regression_aware_search,/sports/nba/get_games_on_date,sports_nba,1,1,0.0,0,0.5,0.95,12.03625090420246,0.4904879637490958,True,True,20260809,967
crag_task_1_and_2_dev_v5_q_10ef5c2b557fadfb,crag_task_1_and_2_dev_v5_q_10ef5c2b557fadfb,confirmatory_test,sports,post-processing,static,top_k_low,top_k_low,/sports/nba/get_games_on_date,sports_nba,1,1,0.0,0,0.5,0.85,11.766387149691582,0.4914882336128503,True,True,20260809,968
crag_task_1_and_2_dev_v5_q_10ef5c2b557fadfb,crag_task_1_and_2_dev_v5_q_10ef5c2b557fadfb,confirmatory_test,sports,post-processing,static,greedy_regression_aware_search,greedy_regression_aware_search,/sports/nba/get_games_on_date,sports_nba,1,1,0.0,0,0.5,0.95,11.86022162437439,0.4904881397783756,True,True,20260809,968
crag_task_1_and_2_dev_v5_q_39fb2a78cef2c7e4,crag_task_1_and_2_dev_v5_q_39fb2a78cef2c7e4,confirmatory_test,sports,post-processing,static,top_k_low,top_k_low,/sports/nba/get_games_on_date,sports_nba,1,1,0.0,0,0.5,0.85,11.860841885209084,0.4914881391581148,True,True,20260809,969
crag_task_1_and_2_dev_v5_q_39fb2a78cef2c7e4,crag_task_1_and_2_dev_v5_q_39fb2a78cef2c7e4,confirmatory_test,sports,post-processing,static,greedy_regression_aware_search,greedy_regression_aware_search,/sports/nba/get_games_on_date,sports_nba,1,1,0.0,0,0.5,0.95,11.929898522794248,0.4904880701014772,True,True,20260809,969
crag_task_1_and_2_dev_v5_q_012c0b6d2db037e9,crag_task_1_and_2_dev_v5_q_012c0b6d2db037e9,confirmatory_test,sports,set,slow-changing,top_k_low,top_k_low,/sports/nba/get_games_on_date,sports_nba,1,1,0.0,0,0.5,0.85,12.023290619254112,0.4914879767093807,True,True,20260809,970
crag_task_1_and_2_dev_v5_q_012c0b6d2db037e9,crag_task_1_and_2_dev_v5_q_012c0b6d2db037e9,confirmatory_test,sports,set,slow-changing,greedy_regression_aware_search,greedy_regression_aware_search,/sports/nba/get_games_on_date,sports_nba,1,1,0.0,0,0.5,0.95,11.874372139573095,0.4904881256278604,True,True,20260809,970
crag_task_1_and_2_dev_v5_q_26b0ef6c9069cdac,crag_task_1_and_2_dev_v5_q_26b0ef6c9069cdac,confirmatory_test,sports,set,static,top_k_low,top_k_low,/sports/nba/get_games_on_date,sports_nba,1,1,0.0,0,0.5,0.85,11.702639050781729,0.4914882973609492,True,True,20260809,971
crag_task_1_and_2_dev_v5_q_26b0ef6c9069cdac,crag_task_1_and_2_dev_v5_q_26b0ef6c9069cdac,confirmatory_test,sports,set,static,greedy_regression_aware_search,greedy_regression_aware_search,/sports/nba/get_games_on_date,sports_nba,1,1,0.0,0,0.5,0.95,11.85882929712534,0.4904881411707029,True,True,20260809,971
crag_task_1_and_2_dev_v5_q_2973140e82adfd15,crag_task_1_and_2_dev_v5_q_2973140e82adfd15,confirmatory_test,sports,set,slow-changing,top_k_low,top_k_low,/sports/nba/get_games_on_date,sports_nba,1,1,0.0,0,0.5,0.85,11.94945815950632,0.4914880505418404,True,True,20260809,972
crag_task_1_and_2_dev_v5_q_2973140e82adfd15,crag_task_1_and_2_dev_v5_q_2973140e82adfd15,confirmatory_test,sports,set,slow-changing,greedy_regression_aware_search,greedy_regression_aware_search,/sports/nba/get_games_on_date,sports_nba,1,1,0.0,0,0.5,0.95,12.086337432265282,0.4904879136625677,True,True,20260809,972
crag_task_1_and_2_dev_v5_q_3a70e80ae3034934,crag_task_1_and_2_dev_v5_q_3a70e80ae3034934,confirmatory_test,sports,set,static,top_k_low,top_k_low,/sports/nba/get_games_on_date,sports_nba,1,1,0.0,0,0.5,0.85,11.87712699174881,0.4914881228730082,True,True,20260809,973
crag_task_1_and_2_dev_v5_q_3a70e80ae3034934,crag_task_1_and_2_dev_v5_q_3a70e80ae3034934,confirmatory_test,sports,set,static,greedy_regression_aware_search,greedy_regression_aware_search,/sports/nba/get_games_on_date,sports_nba,1,1,0.0,0,0.5,0.95,11.750603094697,0.4904882493969053,True,True,20260809,973
crag_task_1_and_2_dev_v5_q_47016f414405aed5,crag_task_1_and_2_dev_v5_q_47016f414405aed5,confirmatory_test,sports,set,slow-changing,top_k_low,top_k_low,/sports/nba/get_games_on_date,sports_nba,1,1,0.0,0,0.5,0.85,11.820360086858273,0.4914881796399131,True,True,20260809,974
crag_task_1_and_2_dev_v5_q_47016f414405aed5,crag_task_1_and_2_dev_v5_q_47016f414405aed5,confirmatory_test,sports,set,slow-changing,greedy_regression_aware_search,greedy_regression_aware_search,/sports/nba/get_games_on_date,sports_nba,1,1,0.0,0,0.5,0.95,11.87075674533844,0.4904881292432546,True,True,20260809,974
crag_task_1_and_2_dev_v5_q_8ee5bac1216dd0a5,crag_task_1_and_2_dev_v5_q_8ee5bac1216dd0a5,confirmatory_test,sports,set,slow-changing,top_k_low,top_k_low,/sports/nba/get_games_on_date,sports_nba,1,1,0.0,0,0.5,0.85,11.838617734611034,0.4914881613822653,True,True,20260809,975
crag_task_1_and_2_dev_v5_q_8ee5bac1216dd0a5,crag_task_1_and_2_dev_v5_q_8ee5bac1216dd0a5,confirmatory_test,sports,set,slow-changing,greedy_regression_aware_search,greedy_regression_aware_search,/sports/nba/get_games_on_date,sports_nba,1,1,0.0,0,0.5,0.95,11.976989917457104,0.4904880230100825,True,True,20260809,975
crag_task_1_and_2_dev_v5_q_a8a6dc736b0aa489,crag_task_1_and_2_dev_v5_q_a8a6dc736b0aa489,confirmatory_test,sports,set,static,top_k_low,top_k_low,/sports/nba/get_games_on_date,sports_nba,1,1,0.0,0,0.5,0.85,11.854471638798714,0.4914881455283612,True,True,20260809,976
crag_task_1_and_2_dev_v5_q_a8a6dc736b0aa489,crag_task_1_and_2_dev_v5_q_a8a6dc736b0aa489,confirmatory_test,sports,set,static,greedy_regression_aware_search,greedy_regression_aware_search,/sports/nba/get_games_on_date,sports_nba,1,1,0.0,0,0.5,0.95,11.777624487876892,0.4904882223755121,True,True,20260809,976
crag_task_1_and_2_dev_v5_q_0fbdea7ac87a78c0,crag_task_1_and_2_dev_v5_q_0fbdea7ac87a78c0,confirmatory_test,sports,simple,static,top_k_low,top_k_low,/sports/nba/get_games_on_date,sports_nba,1,1,0.0,0,0.5,0.85,11.784085072577,0.4914882159149274,True,True,20260809,977
crag_task_1_and_2_dev_v5_q_0fbdea7ac87a78c0,crag_task_1_and_2_dev_v5_q_0fbdea7ac87a78c0,confirmatory_test,sports,simple,static,greedy_regression_aware_search,greedy_regression_aware_search,/sports/nba/get_games_on_date,sports_nba,1,1,0.0,0,0.5,0.95,11.925220489501951,0.4904880747795105,True,True,20260809,977
crag_task_1_and_2_dev_v5_q_60b645cb8e56d6c8,crag_task_1_and_2_dev_v5_q_60b645cb8e56d6c8,confirmatory_test,sports,simple,static,top_k_low,top_k_low,/sports/nba/get_games_on_date,sports_nba,1,1,0.0,0,0.5,0.85,11.813169345259666,0.4914881868306547,True,True,20260809,978
crag_task_1_and_2_dev_v5_q_60b645cb8e56d6c8,crag_task_1_and_2_dev_v5_q_60b645cb8e56d6c8,confirmatory_test,sports,simple,static,greedy_regression_aware_search,greedy_regression_aware_search,/sports/nba/get_games_on_date,sports_nba,1,1,0.0,0,0.5,0.95,12.080468237400057,0.4904879195317626,True,True,20260809,978
crag_task_1_and_2_dev_v5_q_87c3f6b25ee9fac7,crag_task_1_and_2_dev_v5_q_87c3f6b25ee9fac7,confirmatory_test,sports,simple,slow-changing,top_k_low,top_k_low,/sports/nba/get_games_on_date,sports_nba,1,1,0.0,0,0.5,0.85,11.787829920649529,0.4914882121700793,True,True,20260809,979
crag_task_1_and_2_dev_v5_q_87c3f6b25ee9fac7,crag_task_1_and_2_dev_v5_q_87c3f6b25ee9fac7,confirmatory_test,sports,simple,slow-changing,greedy_regression_aware_search,greedy_regression_aware_search,/sports/nba/get_games_on_date,sports_nba,1,1,0.0,0,0.5,0.95,11.859489604830742,0.4904881405103952,True,True,20260809,979
crag_task_1_and_2_dev_v5_q_89cf33d1d757841d,crag_task_1_and_2_dev_v5_q_89cf33d1d757841d,confirmatory_test,sports,simple,slow-changing,top_k_low,top_k_low,/sports/nba/get_games_on_date,sports_nba,1,1,0.0,0,0.5,0.85,11.975768022239208,0.4914880242319777,True,True,20260809,980
crag_task_1_and_2_dev_v5_q_89cf33d1d757841d,crag_task_1_and_2_dev_v5_q_89cf33d1d757841d,confirmatory_test,sports,simple,slow-changing,greedy_regression_aware_search,greedy_regression_aware_search,/sports/nba/get_games_on_date,sports_nba,1,1,0.0,0,0.5,0.95,11.709329672157764,0.4904882906703278,True,True,20260809,980
crag_task_1_and_2_dev_v5_q_a42a30b70f66af95,crag_task_1_and_2_dev_v5_q_a42a30b70f66af95,confirmatory_test,sports,simple,fast-changing,top_k_low,top_k_low,/sports/nba/get_games_on_date,sports_nba,1,1,0.0,0,0.5,0.85,11.63489744067192,0.4914883651025593,True,True,20260809,981
crag_task_1_and_2_dev_v5_q_a42a30b70f66af95,crag_task_1_and_2_dev_v5_q_a42a30b70f66af95,confirmatory_test,sports,simple,fast-changing,greedy_regression_aware_search,greedy_regression_aware_search,/sports/nba/get_games_on_date,sports_nba,1,1,0.0,0,0.5,0.95,11.763001792132854,0.4904882369982078,True,True,20260809,981
crag_task_1_and_2_dev_v5_q_e130f10865b7665a,crag_task_1_and_2_dev_v5_q_e130f10865b7665a,confirmatory_test,sports,simple,slow-changing,top_k_low,top_k_low,/sports/nba/get_games_on_date,sports_nba,1,1,0.0,0,0.5,0.85,11.676870286464691,0.4914883231297135,True,True,20260809,982
crag_task_1_and_2_dev_v5_q_e130f10865b7665a,crag_task_1_and_2_dev_v5_q_e130f10865b7665a,confirmatory_test,sports,simple,slow-changing,greedy_regression_aware_search,greedy_regression_aware_search,/sports/nba/get_games_on_date,sports_nba,1,1,0.0,0,0.5,0.95,11.776532977819445,0.4904882234670222,True,True,20260809,982
crag_task_1_and_2_dev_v5_q_f9ca918ca4a393f0,crag_task_1_and_2_dev_v5_q_f9ca918ca4a393f0,confirmatory_test,sports,simple,fast-changing,top_k_low,top_k_low,/sports/nba/get_games_on_date,sports_nba,1,1,0.0,0,0.5,0.85,11.579612269997597,0.49148842038773,True,True,20260809,983
crag_task_1_and_2_dev_v5_q_f9ca918ca4a393f0,crag_task_1_and_2_dev_v5_q_f9ca918ca4a393f0,confirmatory_test,sports,simple,fast-changing,greedy_regression_aware_search,greedy_regression_aware_search,/sports/nba/get_games_on_date,sports_nba,1,1,0.0,0,0.5,0.95,11.828392744064333,0.4904881716072559,True,True,20260809,983
crag_task_1_and_2_dev_v5_q_11ea38439e6dfb38,crag_task_1_and_2_dev_v5_q_11ea38439e6dfb38,confirmatory_test,sports,simple_w_condition,static,top_k_low,top_k_low,/sports/nba/get_games_on_date,sports_nba,1,1,0.0,0,0.5,0.85,11.686854995787144,0.4914883131450042,True,True,20260809,984
crag_task_1_and_2_dev_v5_q_11ea38439e6dfb38,crag_task_1_and_2_dev_v5_q_11ea38439e6dfb38,confirmatory_test,sports,simple_w_condition,static,greedy_regression_aware_search,greedy_regression_aware_search,/sports/nba/get_games_on_date,sports_nba,1,1,0.0,0,0.5,0.95,11.859499849379064,0.4904881405001506,True,True,20260809,984
crag_task_1_and_2_dev_v5_q_14b3a07b79600204,crag_task_1_and_2_dev_v5_q_14b3a07b79600204,confirmatory_test,sports,simple_w_condition,static,top_k_low,top_k_low,/sports/nba/get_games_on_date,sports_nba,1,1,0.0,0,0.5,0.85,12.122711166739464,0.4914878772888332,True,True,20260809,985
crag_task_1_and_2_dev_v5_q_14b3a07b79600204,crag_task_1_and_2_dev_v5_q_14b3a07b79600204,confirmatory_test,sports,simple_w_condition,static,greedy_regression_aware_search,greedy_regression_aware_search,/sports/nba/get_games_on_date,sports_nba,1,1,0.0,0,0.5,0.95,12.109893374145033,0.4904878901066258,True,True,20260809,985
crag_task_1_and_2_dev_v5_q_2a483ffed8d169f3,crag_task_1_and_2_dev_v5_q_2a483ffed8d169f3,confirmatory_test,sports,simple_w_condition,slow-changing,top_k_low,top_k_low,/sports/nba/get_games_on_date,sports_nba,1,1,0.0,0,0.5,0.85,11.861382983624935,0.4914881386170163,True,True,20260809,986
crag_task_1_and_2_dev_v5_q_2a483ffed8d169f3,crag_task_1_and_2_dev_v5_q_2a483ffed8d169f3,confirmatory_test,sports,simple_w_condition,slow-changing,greedy_regression_aware_search,greedy_regression_aware_search,/sports/nba/get_games_on_date,sports_nba,1,1,0.0,0,0.5,0.95,11.98221743106842,0.4904880177825689,True,True,20260809,986
crag_task_1_and_2_dev_v5_q_2c3b6dafdd616f14,crag_task_1_and_2_dev_v5_q_2c3b6dafdd616f14,confirmatory_test,sports,simple_w_condition,fast-changing,top_k_low,top_k_low,/sports/nba/get_games_on_date,sports_nba,1,1,0.0,0,0.5,0.85,12.025464326143265,0.4914879745356738,True,True,20260809,987
crag_task_1_and_2_dev_v5_q_2c3b6dafdd616f14,crag_task_1_and_2_dev_v5_q_2c3b6dafdd616f14,confirmatory_test,sports,simple_w_condition,fast-changing,greedy_regression_aware_search,greedy_regression_aware_search,/sports/nba/get_games_on_date,sports_nba,1,1,0.0,0,0.5,0.95,12.16527819633484,0.4904878347218037,True,True,20260809,987
crag_task_1_and_2_dev_v5_q_3725efb545ffff84,crag_task_1_and_2_dev_v5_q_3725efb545ffff84,confirmatory_test,sports,simple_w_condition,static,top_k_low,top_k_low,/sports/nba/get_games_on_date,sports_nba,1,1,0.0,0,0.5,0.85,11.732335202395916,0.4914882676647976,True,True,20260809,988
crag_task_1_and_2_dev_v5_q_3725efb545ffff84,crag_task_1_and_2_dev_v5_q_3725efb545ffff84,confirmatory_test,sports,simple_w_condition,static,greedy_regression_aware_search,greedy_regression_aware_search,/sports/nba/get_games_on_date,sports_nba,1,1,0.0,0,0.5,0.95,11.822383850812912,0.4904881776161491,True,True,20260809,988
crag_task_1_and_2_dev_v5_q_4d1051cf4e82e05f,crag_task_1_and_2_dev_v5_q_4d1051cf4e82e05f,confirmatory_test,sports,simple_w_condition,fast-changing,top_k_low,top_k_low,/sports/nba/get_games_on_date,sports_nba,1,1,0.0,0,0.5,0.85,11.771955527365208,0.4914882280444726,True,True,20260809,989
crag_task_1_and_2_dev_v5_q_4d1051cf4e82e05f,crag_task_1_and_2_dev_v5_q_4d1051cf4e82e05f,confirmatory_test,sports,simple_w_condition,fast-changing,greedy_regression_aware_search,greedy_regression_aware_search,/sports/nba/get_games_on_date,sports_nba,1,1,0.0,0,0.5,0.95,11.82483695447445,0.4904881751630455,True,True,20260809,989
crag_task_1_and_2_dev_v5_q_54f0d2e0562c1374,crag_task_1_and_2_dev_v5_q_54f0d2e0562c1374,confirmatory_test,sports,simple_w_condition,fast-changing,top_k_low,top_k_low,/sports/nba/get_games_on_date,sports_nba,1,1,0.0,0,0.5,0.85,11.83253899216652,0.4914881674610078,True,True,20260809,990
crag_task_1_and_2_dev_v5_q_54f0d2e0562c1374,crag_task_1_and_2_dev_v5_q_54f0d2e0562c1374,confirmatory_test,sports,simple_w_condition,fast-changing,greedy_regression_aware_search,greedy_regression_aware_search,/sports/nba/get_games_on_date,sports_nba,1,1,0.0,0,0.5,0.95,11.974235996603966,0.4904880257640034,True,True,20260809,990
crag_task_1_and_2_dev_v5_q_57af0822c4ea3598,crag_task_1_and_2_dev_v5_q_57af0822c4ea3598,confirmatory_test,sports,simple_w_condition,static,top_k_low,top_k_low,/sports/nba/get_games_on_date,sports_nba,1,1,0.0,0,0.5,0.85,11.89073733985424,0.4914881092626601,True,True,20260809,991
crag_task_1_and_2_dev_v5_q_57af0822c4ea3598,crag_task_1_and_2_dev_v5_q_57af0822c4ea3598,confirmatory_test,sports,simple_w_condition,static,greedy_regression_aware_search,greedy_regression_aware_search,/sports/nba/get_games_on_date,sports_nba,1,1,0.0,0,0.5,0.95,11.869304813444614,0.4904881306951865,True,True,20260809,991
crag_task_1_and_2_dev_v5_q_70911779f7ab90fc,crag_task_1_and_2_dev_v5_q_70911779f7ab90fc,confirmatory_test,sports,simple_w_condition,static,top_k_low,top_k_low,/sports/nba/get_games_on_date,sports_nba,1,1,0.0,0,0.5,0.85,11.713655665516852,0.4914882863443345,True,True,20260809,992
crag_task_1_and_2_dev_v5_q_70911779f7ab90fc,crag_task_1_and_2_dev_v5_q_70911779f7ab90fc,confirmatory_test,sports,simple_w_condition,static,greedy_regression_aware_search,greedy_regression_aware_search,/sports/nba/get_games_on_date,sports_nba,1,1,0.0,0,0.5,0.95,11.847331188619137,0.4904881526688113,True,True,20260809,992
crag_task_1_and_2_dev_v5_q_72fc5b58de6c03c4,crag_task_1_and_2_dev_v5_q_72fc5b58de6c03c4,confirmatory_test,sports,simple_w_condition,slow-changing,top_k_low,top_k_low,/sports/nba/get_games_on_date,sports_nba,1,1,0.0,0,0.5,0.85,11.89593505114317,0.4914881040649488,True,True,20260809,993
crag_task_1_and_2_dev_v5_q_72fc5b58de6c03c4,crag_task_1_and_2_dev_v5_q_72fc5b58de6c03c4,confirmatory_test,sports,simple_w_condition,slow-changing,greedy_regression_aware_search,greedy_regression_aware_search,/sports/nba/get_games_on_date,sports_nba,1,1,0.0,0,0.5,0.95,11.808481998741629,0.4904881915180012,True,True,20260809,993
crag_task_1_and_2_dev_v5_q_74458ba015f0dc08,crag_task_1_and_2_dev_v5_q_74458ba015f0dc08,confirmatory_test,sports,simple_w_condition,static,top_k_low,top_k_low,/sports/nba/get_games_on_date,sports_nba,1,1,0.0,0,0.5,0.85,11.852758936583996,0.4914881472410634,True,True,20260809,994
crag_task_1_and_2_dev_v5_q_74458ba015f0dc08,crag_task_1_and_2_dev_v5_q_74458ba015f0dc08,confirmatory_test,sports,simple_w_condition,static,greedy_regression_aware_search,greedy_regression_aware_search,/sports/nba/get_games_on_date,sports_nba,1,1,0.0,0,0.5,0.95,11.877276934683325,0.4904881227230653,True,True,20260809,994
crag_task_1_and_2_dev_v5_q_7f9f92989142b387,crag_task_1_and_2_dev_v5_q_7f9f92989142b387,confirmatory_test,sports,simple_w_condition,static,top_k_low,top_k_low,/sports/nba/get_games_on_date,sports_nba,1,1,0.0,0,0.5,0.85,11.66967023164034,0.4914883303297683,True,True,20260809,995
crag_task_1_and_2_dev_v5_q_7f9f92989142b387,crag_task_1_and_2_dev_v5_q_7f9f92989142b387,confirmatory_test,sports,simple_w_condition,static,greedy_regression_aware_search,greedy_regression_aware_search,/sports/nba/get_games_on_date,sports_nba,1,1,0.0,0,0.5,0.95,11.904648505151272,0.4904880953514948,True,True,20260809,995
crag_task_1_and_2_dev_v5_q_b8e704433660f5f4,crag_task_1_and_2_dev_v5_q_b8e704433660f5f4,confirmatory_test,sports,simple_w_condition,fast-changing,top_k_low,top_k_low,/sports/nba/get_games_on_date,sports_nba,1,1,0.0,0,0.5,0.85,11.91018708050251,0.4914880898129194,True,True,20260809,996
crag_task_1_and_2_dev_v5_q_b8e704433660f5f4,crag_task_1_and_2_dev_v5_q_b8e704433660f5f4,confirmatory_test,sports,simple_w_condition,fast-changing,greedy_regression_aware_search,greedy_regression_aware_search,/sports/nba/get_games_on_date,sports_nba,1,1,0.0,0,0.5,0.95,12.63235229998827,0.4904873676477,True,True,20260809,996
crag_task_1_and_2_dev_v5_q_c1dcc96e0f720067,crag_task_1_and_2_dev_v5_q_c1dcc96e0f720067,confirmatory_test,sports,simple_w_condition,fast-changing,top_k_low,top_k_low,/sports/nba/get_games_on_date,sports_nba,1,1,0.0,0,0.5,0.85,11.888955719769,0.4914881110442802,True,True,20260809,997
crag_task_1_and_2_dev_v5_q_c1dcc96e0f720067,crag_task_1_and_2_dev_v5_q_c1dcc96e0f720067,confirmatory_test,sports,simple_w_condition,fast-changing,greedy_regression_aware_search,greedy_regression_aware_search,/sports/nba/get_games_on_date,sports_nba,1,1,0.0,0,0.5,0.95,11.943929828703403,0.4904880560701712,True,True,20260809,997
crag_task_1_and_2_dev_v5_q_c694c3e7965f2cd7,crag_task_1_and_2_dev_v5_q_c694c3e7965f2cd7,confirmatory_test,sports,simple_w_condition,fast-changing,top_k_low,top_k_low,/sports/nba/get_games_on_date,sports_nba,1,1,0.0,0,0.5,0.85,11.82506699115038,0.4914881749330088,True,True,20260809,998
crag_task_1_and_2_dev_v5_q_c694c3e7965f2cd7,crag_task_1_and_2_dev_v5_q_c694c3e7965f2cd7,confirmatory_test,sports,simple_w_condition,fast-changing,greedy_regression_aware_search,greedy_regression_aware_search,/sports/nba/get_games_on_date,sports_nba,1,1,0.0,0,0.5,0.95,11.93913258612156,0.4904880608674138,True,True,20260809,998
crag_task_1_and_2_dev_v5_q_def55ae69179f73a,crag_task_1_and_2_dev_v5_q_def55ae69179f73a,confirmatory_test,sports,simple_w_condition,fast-changing,top_k_low,top_k_low,/sports/nba/get_games_on_date,sports_nba,1,1,0.0,0,0.5,0.85,11.894814670085909,0.4914881051853299,True,True,20260809,999
crag_task_1_and_2_dev_v5_q_def55ae69179f73a,crag_task_1_and_2_dev_v5_q_def55ae69179f73a,confirmatory_test,sports,simple_w_condition,fast-changing,greedy_regression_aware_search,greedy_regression_aware_search,/sports/nba/get_games_on_date,sports_nba,1,1,0.0,0,0.5,0.95,11.969517916440964,0.4904880304820835,True,True,20260809,999
crag_task_1_and_2_dev_v5_q_e01d6a8888d5a1d0,crag_task_1_and_2_dev_v5_q_e01d6a8888d5a1d0,confirmatory_test,sports,simple_w_condition,static,top_k_low,top_k_low,/sports/nba/get_games_on_date,sports_nba,1,1,0.0,0,0.5,0.85,11.943227611482143,0.4914880567723885,True,True,20260809,1000
crag_task_1_and_2_dev_v5_q_e01d6a8888d5a1d0,crag_task_1_and_2_dev_v5_q_e01d6a8888d5a1d0,confirmatory_test,sports,simple_w_condition,static,greedy_regression_aware_search,greedy_regression_aware_search,/sports/nba/get_games_on_date,sports_nba,1,1,0.0,0,0.5,0.95,12.013094499707222,0.4904879869055003,True,True,20260809,1000
crag_task_1_and_2_dev_v5_q_edc5e0af50a6df54,crag_task_1_and_2_dev_v5_q_edc5e0af50a6df54,confirmatory_test,sports,simple_w_condition,static,top_k_low,top_k_low,/sports/nba/get_games_on_date,sports_nba,1,1,0.0,0,0.5,0.85,11.870316229760649,0.4914881296837702,True,True,20260809,1001
crag_task_1_and_2_dev_v5_q_edc5e0af50a6df54,crag_task_1_and_2_dev_v5_q_edc5e0af50a6df54,confirmatory_test,sports,simple_w_condition,static,greedy_regression_aware_search,greedy_regression_aware_search,/sports/nba/get_games_on_date,sports_nba,1,1,0.0,0,0.5,0.95,12.03189417719841,0.4904879681058228,True,True,20260809,1001
