example_id,query_text_hash,split,domain,question_type,static_or_dynamic,policy_id,policy_family,selector_eligible,selected_endpoints,endpoint_count,api_call_count,failure,total_latency_ms,measured_cost_units,context_count,context_token_count,source_count,supporting_fact_title_recall,supporting_fact_sentence_recall,answer_correctness_f1,answer_exact_match,evidence_support_score,abstained,abstention_correctness,final_quality_score
e8f7bcf99ed3a48324600e8818ae69457d29092605406fb70b91825b90f5ca7b,2b414be3456df75f5d07412ca139ae69d15fcb299390657f09d110b3e0ace024,confirmatory_test,sports,post-processing,static,low_retrieval_single_endpoint,low,True,/sports/nba/get_games_on_date,1,1,1,15.991457737982273,1.0,0,0,0,0.0,0.0,0.0,0.0,0.0,True,0.0,0.0
e8f7bcf99ed3a48324600e8818ae69457d29092605406fb70b91825b90f5ca7b,2b414be3456df75f5d07412ca139ae69d15fcb299390657f09d110b3e0ace024,confirmatory_test,sports,post-processing,static,expanded_retrieval_multi_endpoint,expanded,True,/sports/nba/get_games_on_date|/sports/soccer/get_games_on_date,2,2,2,0.18787477165460587,2.0,0,0,0,0.0,0.0,0.0,0.0,0.0,True,0.0,0.0
e8f7bcf99ed3a48324600e8818ae69457d29092605406fb70b91825b90f5ca7b,2b414be3456df75f5d07412ca139ae69d15fcb299390657f09d110b3e0ace024,confirmatory_test,sports,post-processing,static,adaptive_routing_on_insufficient_evidence,adaptive,True,/sports/nba/get_games_on_date|/sports/soccer/get_games_on_date,2,2,2,0.0894591212272644,2.0,0,0,0,0.0,0.0,0.0,0.0,0.0,True,0.0,0.0
e8f7bcf99ed3a48324600e8818ae69457d29092605406fb70b91825b90f5ca7b,2b414be3456df75f5d07412ca139ae69d15fcb299390657f09d110b3e0ace024,confirmatory_test,sports,post-processing,static,measured_cost_minimizer_at_quality_floor,measured,True,/sports/nba/get_games_on_date,1,1,1,0.03816746175289154,1.0,0,0,0,0.0,0.0,0.0,0.0,0.0,True,0.0,0.0
e8f7bcf99ed3a48324600e8818ae69457d29092605406fb70b91825b90f5ca7b,2b414be3456df75f5d07412ca139ae69d15fcb299390657f09d110b3e0ace024,confirmatory_test,sports,post-processing,static,measured_latency_minimizer_at_quality_floor,measured,True,/sports/nba/get_games_on_date,1,1,1,0.03733299672603607,1.0,0,0,0,0.0,0.0,0.0,0.0,0.0,True,0.0,0.0
e8f7bcf99ed3a48324600e8818ae69457d29092605406fb70b91825b90f5ca7b,2b414be3456df75f5d07412ca139ae69d15fcb299390657f09d110b3e0ace024,confirmatory_test,sports,post-processing,static,quality_only_best_on_validation,quality,True,/sports/nba/get_games_on_date|/sports/soccer/get_games_on_date,2,2,2,0.07254257798194885,2.0,0,0,0,0.0,0.0,0.0,0.0,0.0,True,0.0,0.0
e8f7bcf99ed3a48324600e8818ae69457d29092605406fb70b91825b90f5ca7b,2b414be3456df75f5d07412ca139ae69d15fcb299390657f09d110b3e0ace024,confirmatory_test,sports,post-processing,static,constrained_quality_optimizer,constrained,True,/sports/nba/get_games_on_date|/sports/soccer/get_games_on_date,2,2,2,0.06862543523311615,2.0,0,0,0,0.0,0.0,0.0,0.0,0.0,True,0.0,0.0
e8f7bcf99ed3a48324600e8818ae69457d29092605406fb70b91825b90f5ca7b,2b414be3456df75f5d07412ca139ae69d15fcb299390657f09d110b3e0ace024,confirmatory_test,sports,post-processing,static,pareto_frontier_selector,pareto,True,/sports/nba/get_games_on_date|/sports/soccer/get_games_on_date,2,2,2,0.06641633808612823,2.0,0,0,0,0.0,0.0,0.0,0.0,0.0,True,0.0,0.0
e8f7bcf99ed3a48324600e8818ae69457d29092605406fb70b91825b90f5ca7b,2b414be3456df75f5d07412ca139ae69d15fcb299390657f09d110b3e0ace024,confirmatory_test,sports,post-processing,static,governed_selection,governed,True,/sports/nba/get_games_on_date|/sports/soccer/get_games_on_date,2,2,2,0.06370898336172104,2.0,0,0,0,0.0,0.0,0.0,0.0,0.0,True,0.0,0.0
e8f7bcf99ed3a48324600e8818ae69457d29092605406fb70b91825b90f5ca7b,2b414be3456df75f5d07412ca139ae69d15fcb299390657f09d110b3e0ace024,confirmatory_test,sports,post-processing,static,static_default_policy,static,True,/sports/nba/get_games_on_date,1,1,1,0.033542513847351074,1.0,0,0,0,0.0,0.0,0.0,0.0,0.0,True,0.0,0.0
e8f7bcf99ed3a48324600e8818ae69457d29092605406fb70b91825b90f5ca7b,2b414be3456df75f5d07412ca139ae69d15fcb299390657f09d110b3e0ace024,confirmatory_test,sports,post-processing,static,rag_compass_optional,rag,True,/sports/soccer/get_games_on_date|/sports/nba/get_games_on_date,2,2,2,0.06524939090013504,2.0,0,0,0,0.0,0.0,0.0,0.0,0.0,True,0.0,0.0
885b40531f223e25e1bb0d31d869b79d65def79a0a47892f9775ee4c23eac528,347c04c39bbf02703fe0b97d03790e1efbda9b0997a1edec59e5ccff87ab1fff,calibration,movie,simple_w_condition,static,low_retrieval_single_endpoint,low,True,/movie/get_movie_info,1,1,1,0.04249997437000275,1.0,0,0,0,0.0,0.0,0.0,0.0,0.0,True,0.0,0.0
885b40531f223e25e1bb0d31d869b79d65def79a0a47892f9775ee4c23eac528,347c04c39bbf02703fe0b97d03790e1efbda9b0997a1edec59e5ccff87ab1fff,calibration,movie,simple_w_condition,static,expanded_retrieval_multi_endpoint,expanded,True,/movie/get_movie_info|/movie/get_person_info,2,2,2,0.07237493991851807,2.0,0,0,0,0.0,0.0,0.0,0.0,0.0,True,0.0,0.0
885b40531f223e25e1bb0d31d869b79d65def79a0a47892f9775ee4c23eac528,347c04c39bbf02703fe0b97d03790e1efbda9b0997a1edec59e5ccff87ab1fff,calibration,movie,simple_w_condition,static,adaptive_routing_on_insufficient_evidence,adaptive,True,/movie/get_movie_info|/movie/get_person_info,2,2,2,0.07212534546852112,2.0,0,0,0,0.0,0.0,0.0,0.0,0.0,True,0.0,0.0
885b40531f223e25e1bb0d31d869b79d65def79a0a47892f9775ee4c23eac528,347c04c39bbf02703fe0b97d03790e1efbda9b0997a1edec59e5ccff87ab1fff,calibration,movie,simple_w_condition,static,measured_cost_minimizer_at_quality_floor,measured,True,/movie/get_movie_info,1,1,1,0.03195926547050476,1.0,0,0,0,0.0,0.0,0.0,0.0,0.0,True,0.0,0.0
885b40531f223e25e1bb0d31d869b79d65def79a0a47892f9775ee4c23eac528,347c04c39bbf02703fe0b97d03790e1efbda9b0997a1edec59e5ccff87ab1fff,calibration,movie,simple_w_condition,static,measured_latency_minimizer_at_quality_floor,measured,True,/movie/get_movie_info,1,1,1,0.07695984095335007,1.0,0,0,0,0.0,0.0,0.0,0.0,0.0,True,0.0,0.0
885b40531f223e25e1bb0d31d869b79d65def79a0a47892f9775ee4c23eac528,347c04c39bbf02703fe0b97d03790e1efbda9b0997a1edec59e5ccff87ab1fff,calibration,movie,simple_w_condition,static,quality_only_best_on_validation,quality,True,/movie/get_movie_info|/movie/get_person_info,2,2,2,0.08116662502288818,2.0,0,0,0,0.0,0.0,0.0,0.0,0.0,True,0.0,0.0
885b40531f223e25e1bb0d31d869b79d65def79a0a47892f9775ee4c23eac528,347c04c39bbf02703fe0b97d03790e1efbda9b0997a1edec59e5ccff87ab1fff,calibration,movie,simple_w_condition,static,constrained_quality_optimizer,constrained,True,/movie/get_movie_info|/movie/get_person_info,2,2,2,0.06924942135810852,2.0,0,0,0,0.0,0.0,0.0,0.0,0.0,True,0.0,0.0
885b40531f223e25e1bb0d31d869b79d65def79a0a47892f9775ee4c23eac528,347c04c39bbf02703fe0b97d03790e1efbda9b0997a1edec59e5ccff87ab1fff,calibration,movie,simple_w_condition,static,pareto_frontier_selector,pareto,True,/movie/get_movie_info|/movie/get_person_info,2,2,2,0.06691645830869675,2.0,0,0,0,0.0,0.0,0.0,0.0,0.0,True,0.0,0.0
885b40531f223e25e1bb0d31d869b79d65def79a0a47892f9775ee4c23eac528,347c04c39bbf02703fe0b97d03790e1efbda9b0997a1edec59e5ccff87ab1fff,calibration,movie,simple_w_condition,static,governed_selection,governed,True,/movie/get_movie_info|/movie/get_person_info,2,2,2,0.07033348083496094,2.0,0,0,0,0.0,0.0,0.0,0.0,0.0,True,0.0,0.0
885b40531f223e25e1bb0d31d869b79d65def79a0a47892f9775ee4c23eac528,347c04c39bbf02703fe0b97d03790e1efbda9b0997a1edec59e5ccff87ab1fff,calibration,movie,simple_w_condition,static,static_default_policy,static,True,/movie/get_movie_info,1,1,1,0.16133300960063934,1.0,0,0,0,0.0,0.0,0.0,0.0,0.0,True,0.0,0.0
885b40531f223e25e1bb0d31d869b79d65def79a0a47892f9775ee4c23eac528,347c04c39bbf02703fe0b97d03790e1efbda9b0997a1edec59e5ccff87ab1fff,calibration,movie,simple_w_condition,static,rag_compass_optional,rag,True,/movie/get_person_info|/movie/get_movie_info,2,2,2,0.06837490946054459,2.0,0,0,0,0.0,0.0,0.0,0.0,0.0,True,0.0,0.0
542b86a1badfc99efca723cf4b01b5b48f155d74d5edc6b9d352938246fc7f08,14188bda3995f6799769a8345756c10ebbab9d8e31f801d1a93a7500c7e27c37,validation,finance,multi-hop,slow-changing,low_retrieval_single_endpoint,low,True,/finance/get_ticker_by_name,1,1,1,0.08112471550703049,1.0,0,0,0,0.0,0.0,0.0,0.0,0.0,True,0.0,0.0
542b86a1badfc99efca723cf4b01b5b48f155d74d5edc6b9d352938246fc7f08,14188bda3995f6799769a8345756c10ebbab9d8e31f801d1a93a7500c7e27c37,validation,finance,multi-hop,slow-changing,expanded_retrieval_multi_endpoint,expanded,True,/finance/get_ticker_by_name|/finance/get_company_name,2,2,2,0.14487374573946,2.0,0,0,0,0.0,0.0,0.0,0.0,0.0,True,0.0,0.0
542b86a1badfc99efca723cf4b01b5b48f155d74d5edc6b9d352938246fc7f08,14188bda3995f6799769a8345756c10ebbab9d8e31f801d1a93a7500c7e27c37,validation,finance,multi-hop,slow-changing,adaptive_routing_on_insufficient_evidence,adaptive,True,/finance/get_ticker_by_name|/finance/get_company_name,2,2,2,0.09845849126577377,2.0,0,0,0,0.0,0.0,0.0,0.0,0.0,True,0.0,0.0
542b86a1badfc99efca723cf4b01b5b48f155d74d5edc6b9d352938246fc7f08,14188bda3995f6799769a8345756c10ebbab9d8e31f801d1a93a7500c7e27c37,validation,finance,multi-hop,slow-changing,measured_cost_minimizer_at_quality_floor,measured,True,/finance/get_ticker_by_name,1,1,1,0.041999854147434235,1.0,0,0,0,0.0,0.0,0.0,0.0,0.0,True,0.0,0.0
542b86a1badfc99efca723cf4b01b5b48f155d74d5edc6b9d352938246fc7f08,14188bda3995f6799769a8345756c10ebbab9d8e31f801d1a93a7500c7e27c37,validation,finance,multi-hop,slow-changing,measured_latency_minimizer_at_quality_floor,measured,True,/finance/get_ticker_by_name,1,1,1,0.1848749816417694,1.0,0,0,0,0.0,0.0,0.0,0.0,0.0,True,0.0,0.0
542b86a1badfc99efca723cf4b01b5b48f155d74d5edc6b9d352938246fc7f08,14188bda3995f6799769a8345756c10ebbab9d8e31f801d1a93a7500c7e27c37,validation,finance,multi-hop,slow-changing,quality_only_best_on_validation,quality,True,/finance/get_ticker_by_name|/finance/get_company_name,2,2,2,0.07729139178991318,2.0,0,0,0,0.0,0.0,0.0,0.0,0.0,True,0.0,0.0
542b86a1badfc99efca723cf4b01b5b48f155d74d5edc6b9d352938246fc7f08,14188bda3995f6799769a8345756c10ebbab9d8e31f801d1a93a7500c7e27c37,validation,finance,multi-hop,slow-changing,constrained_quality_optimizer,constrained,True,/finance/get_ticker_by_name|/finance/get_company_name,2,2,2,0.07270835340023041,2.0,0,0,0,0.0,0.0,0.0,0.0,0.0,True,0.0,0.0
542b86a1badfc99efca723cf4b01b5b48f155d74d5edc6b9d352938246fc7f08,14188bda3995f6799769a8345756c10ebbab9d8e31f801d1a93a7500c7e27c37,validation,finance,multi-hop,slow-changing,pareto_frontier_selector,pareto,True,/finance/get_ticker_by_name|/finance/get_company_name,2,2,2,0.06912462413311005,2.0,0,0,0,0.0,0.0,0.0,0.0,0.0,True,0.0,0.0
542b86a1badfc99efca723cf4b01b5b48f155d74d5edc6b9d352938246fc7f08,14188bda3995f6799769a8345756c10ebbab9d8e31f801d1a93a7500c7e27c37,validation,finance,multi-hop,slow-changing,governed_selection,governed,True,/finance/get_ticker_by_name|/finance/get_company_name,2,2,2,0.1698741689324379,2.0,0,0,0,0.0,0.0,0.0,0.0,0.0,True,0.0,0.0
542b86a1badfc99efca723cf4b01b5b48f155d74d5edc6b9d352938246fc7f08,14188bda3995f6799769a8345756c10ebbab9d8e31f801d1a93a7500c7e27c37,validation,finance,multi-hop,slow-changing,static_default_policy,static,True,/finance/get_ticker_by_name,1,1,1,0.03529060631990433,1.0,0,0,0,0.0,0.0,0.0,0.0,0.0,True,0.0,0.0
542b86a1badfc99efca723cf4b01b5b48f155d74d5edc6b9d352938246fc7f08,14188bda3995f6799769a8345756c10ebbab9d8e31f801d1a93a7500c7e27c37,validation,finance,multi-hop,slow-changing,rag_compass_optional,rag,True,/finance/get_company_name|/finance/get_ticker_by_name,2,2,2,0.0794585794210434,2.0,0,0,0,0.0,0.0,0.0,0.0,0.0,True,0.0,0.0
755a8867ae272213985b361e4fabecdd2be162cf423687810716cfada6b15f84,c0149d6eda77c8aff5a68ba709ae5a5a11113102eb9d4247356494e7a73eaec8,calibration,movie,simple,static,low_retrieval_single_endpoint,low,True,/movie/get_movie_info,1,1,1,0.037750229239463806,1.0,0,0,0,0.0,0.0,0.0,0.0,0.0,True,0.0,0.0
755a8867ae272213985b361e4fabecdd2be162cf423687810716cfada6b15f84,c0149d6eda77c8aff5a68ba709ae5a5a11113102eb9d4247356494e7a73eaec8,calibration,movie,simple,static,expanded_retrieval_multi_endpoint,expanded,True,/movie/get_movie_info|/movie/get_person_info,2,2,2,0.06708409637212753,2.0,0,0,0,0.0,0.0,0.0,0.0,0.0,True,0.0,0.0
755a8867ae272213985b361e4fabecdd2be162cf423687810716cfada6b15f84,c0149d6eda77c8aff5a68ba709ae5a5a11113102eb9d4247356494e7a73eaec8,calibration,movie,simple,static,adaptive_routing_on_insufficient_evidence,adaptive,True,/movie/get_movie_info|/movie/get_person_info,2,2,2,0.07087551057338715,2.0,0,0,0,0.0,0.0,0.0,0.0,0.0,True,0.0,0.0
755a8867ae272213985b361e4fabecdd2be162cf423687810716cfada6b15f84,c0149d6eda77c8aff5a68ba709ae5a5a11113102eb9d4247356494e7a73eaec8,calibration,movie,simple,static,measured_cost_minimizer_at_quality_floor,measured,True,/movie/get_movie_info,1,1,1,0.031124800443649292,1.0,0,0,0,0.0,0.0,0.0,0.0,0.0,True,0.0,0.0
755a8867ae272213985b361e4fabecdd2be162cf423687810716cfada6b15f84,c0149d6eda77c8aff5a68ba709ae5a5a11113102eb9d4247356494e7a73eaec8,calibration,movie,simple,static,measured_latency_minimizer_at_quality_floor,measured,True,/movie/get_movie_info,1,1,1,0.03266613930463791,1.0,0,0,0,0.0,0.0,0.0,0.0,0.0,True,0.0,0.0
755a8867ae272213985b361e4fabecdd2be162cf423687810716cfada6b15f84,c0149d6eda77c8aff5a68ba709ae5a5a11113102eb9d4247356494e7a73eaec8,calibration,movie,simple,static,quality_only_best_on_validation,quality,True,/movie/get_movie_info|/movie/get_person_info,2,2,2,0.060959719121456146,2.0,0,0,0,0.0,0.0,0.0,0.0,0.0,True,0.0,0.0
755a8867ae272213985b361e4fabecdd2be162cf423687810716cfada6b15f84,c0149d6eda77c8aff5a68ba709ae5a5a11113102eb9d4247356494e7a73eaec8,calibration,movie,simple,static,constrained_quality_optimizer,constrained,True,/movie/get_movie_info|/movie/get_person_info,2,2,2,0.0644586980342865,2.0,0,0,0,0.0,0.0,0.0,0.0,0.0,True,0.0,0.0
755a8867ae272213985b361e4fabecdd2be162cf423687810716cfada6b15f84,c0149d6eda77c8aff5a68ba709ae5a5a11113102eb9d4247356494e7a73eaec8,calibration,movie,simple,static,pareto_frontier_selector,pareto,True,/movie/get_movie_info|/movie/get_person_info,2,2,2,0.05912594497203827,2.0,0,0,0,0.0,0.0,0.0,0.0,0.0,True,0.0,0.0
755a8867ae272213985b361e4fabecdd2be162cf423687810716cfada6b15f84,c0149d6eda77c8aff5a68ba709ae5a5a11113102eb9d4247356494e7a73eaec8,calibration,movie,simple,static,governed_selection,governed,True,/movie/get_movie_info|/movie/get_person_info,2,2,2,0.062416307628154755,2.0,0,0,0,0.0,0.0,0.0,0.0,0.0,True,0.0,0.0
755a8867ae272213985b361e4fabecdd2be162cf423687810716cfada6b15f84,c0149d6eda77c8aff5a68ba709ae5a5a11113102eb9d4247356494e7a73eaec8,calibration,movie,simple,static,static_default_policy,static,True,/movie/get_movie_info,1,1,1,0.031041912734508514,1.0,0,0,0,0.0,0.0,0.0,0.0,0.0,True,0.0,0.0
755a8867ae272213985b361e4fabecdd2be162cf423687810716cfada6b15f84,c0149d6eda77c8aff5a68ba709ae5a5a11113102eb9d4247356494e7a73eaec8,calibration,movie,simple,static,rag_compass_optional,rag,True,/movie/get_person_info|/movie/get_movie_info,2,2,2,0.05933362990617752,2.0,0,0,0,0.0,0.0,0.0,0.0,0.0,True,0.0,0.0
7b4c7a85f6438e04bcd01326163b3bcb80362586b39cd7f290b960ea2299eda8,cd437a4c05bc23f68d941c8b3387b056238a5e13d63e22c8ba108f52ff26e392,validation,finance,multi-hop,real-time,low_retrieval_single_endpoint,low,True,/finance/get_ticker_by_name,1,1,1,0.033124350011348724,1.0,0,0,0,0.0,0.0,0.0,0.0,0.0,True,0.0,0.0
7b4c7a85f6438e04bcd01326163b3bcb80362586b39cd7f290b960ea2299eda8,cd437a4c05bc23f68d941c8b3387b056238a5e13d63e22c8ba108f52ff26e392,validation,finance,multi-hop,real-time,expanded_retrieval_multi_endpoint,expanded,True,/finance/get_ticker_by_name|/finance/get_company_name,2,2,2,0.060041435062885284,2.0,0,0,0,0.0,0.0,0.0,0.0,0.0,True,0.0,0.0
7b4c7a85f6438e04bcd01326163b3bcb80362586b39cd7f290b960ea2299eda8,cd437a4c05bc23f68d941c8b3387b056238a5e13d63e22c8ba108f52ff26e392,validation,finance,multi-hop,real-time,adaptive_routing_on_insufficient_evidence,adaptive,True,/finance/get_ticker_by_name|/finance/get_company_name,2,2,2,0.06233248859643936,2.0,0,0,0,0.0,0.0,0.0,0.0,0.0,True,0.0,0.0
7b4c7a85f6438e04bcd01326163b3bcb80362586b39cd7f290b960ea2299eda8,cd437a4c05bc23f68d941c8b3387b056238a5e13d63e22c8ba108f52ff26e392,validation,finance,multi-hop,real-time,measured_cost_minimizer_at_quality_floor,measured,True,/finance/get_ticker_by_name,1,1,1,0.029665417969226837,1.0,0,0,0,0.0,0.0,0.0,0.0,0.0,True,0.0,0.0
7b4c7a85f6438e04bcd01326163b3bcb80362586b39cd7f290b960ea2299eda8,cd437a4c05bc23f68d941c8b3387b056238a5e13d63e22c8ba108f52ff26e392,validation,finance,multi-hop,real-time,measured_latency_minimizer_at_quality_floor,measured,True,/finance/get_ticker_by_name,1,1,1,0.029167160391807556,1.0,0,0,0,0.0,0.0,0.0,0.0,0.0,True,0.0,0.0
7b4c7a85f6438e04bcd01326163b3bcb80362586b39cd7f290b960ea2299eda8,cd437a4c05bc23f68d941c8b3387b056238a5e13d63e22c8ba108f52ff26e392,validation,finance,multi-hop,real-time,quality_only_best_on_validation,quality,True,/finance/get_ticker_by_name|/finance/get_company_name,2,2,2,0.05970802158117294,2.0,0,0,0,0.0,0.0,0.0,0.0,0.0,True,0.0,0.0
7b4c7a85f6438e04bcd01326163b3bcb80362586b39cd7f290b960ea2299eda8,cd437a4c05bc23f68d941c8b3387b056238a5e13d63e22c8ba108f52ff26e392,validation,finance,multi-hop,real-time,constrained_quality_optimizer,constrained,True,/finance/get_ticker_by_name|/finance/get_company_name,2,2,2,0.05900021642446518,2.0,0,0,0,0.0,0.0,0.0,0.0,0.0,True,0.0,0.0
7b4c7a85f6438e04bcd01326163b3bcb80362586b39cd7f290b960ea2299eda8,cd437a4c05bc23f68d941c8b3387b056238a5e13d63e22c8ba108f52ff26e392,validation,finance,multi-hop,real-time,pareto_frontier_selector,pareto,True,/finance/get_ticker_by_name|/finance/get_company_name,2,2,2,0.06687454879283905,2.0,0,0,0,0.0,0.0,0.0,0.0,0.0,True,0.0,0.0
7b4c7a85f6438e04bcd01326163b3bcb80362586b39cd7f290b960ea2299eda8,cd437a4c05bc23f68d941c8b3387b056238a5e13d63e22c8ba108f52ff26e392,validation,finance,multi-hop,real-time,governed_selection,governed,True,/finance/get_ticker_by_name|/finance/get_company_name,2,2,2,0.05883350968360901,2.0,0,0,0,0.0,0.0,0.0,0.0,0.0,True,0.0,0.0
7b4c7a85f6438e04bcd01326163b3bcb80362586b39cd7f290b960ea2299eda8,cd437a4c05bc23f68d941c8b3387b056238a5e13d63e22c8ba108f52ff26e392,validation,finance,multi-hop,real-time,static_default_policy,static,True,/finance/get_ticker_by_name,1,1,1,0.034875236451625824,1.0,0,0,0,0.0,0.0,0.0,0.0,0.0,True,0.0,0.0
7b4c7a85f6438e04bcd01326163b3bcb80362586b39cd7f290b960ea2299eda8,cd437a4c05bc23f68d941c8b3387b056238a5e13d63e22c8ba108f52ff26e392,validation,finance,multi-hop,real-time,rag_compass_optional,rag,True,/finance/get_company_name|/finance/get_ticker_by_name,2,2,2,0.06025098264217377,2.0,0,0,0,0.0,0.0,0.0,0.0,0.0,True,0.0,0.0
b7346c93271409b8aa6c61fa25960c1b8fbbf21c11b00897eb6759c24b905b2b,d70d4e87e5399eea468d5546971719749f39eb5207a570cb0c581b62e9e5e2a1,confirmatory_test,movie,simple,static,low_retrieval_single_endpoint,low,True,/movie/get_movie_info,1,1,1,0.03679189831018448,1.0,0,0,0,0.0,0.0,0.0,0.0,0.0,True,0.0,0.0
b7346c93271409b8aa6c61fa25960c1b8fbbf21c11b00897eb6759c24b905b2b,d70d4e87e5399eea468d5546971719749f39eb5207a570cb0c581b62e9e5e2a1,confirmatory_test,movie,simple,static,expanded_retrieval_multi_endpoint,expanded,True,/movie/get_movie_info|/movie/get_person_info,2,2,2,0.06229337304830551,2.0,0,0,0,0.0,0.0,0.0,0.0,0.0,True,0.0,0.0
b7346c93271409b8aa6c61fa25960c1b8fbbf21c11b00897eb6759c24b905b2b,d70d4e87e5399eea468d5546971719749f39eb5207a570cb0c581b62e9e5e2a1,confirmatory_test,movie,simple,static,adaptive_routing_on_insufficient_evidence,adaptive,True,/movie/get_movie_info|/movie/get_person_info,2,2,2,0.06541796028614044,2.0,0,0,0,0.0,0.0,0.0,0.0,0.0,True,0.0,0.0
b7346c93271409b8aa6c61fa25960c1b8fbbf21c11b00897eb6759c24b905b2b,d70d4e87e5399eea468d5546971719749f39eb5207a570cb0c581b62e9e5e2a1,confirmatory_test,movie,simple,static,measured_cost_minimizer_at_quality_floor,measured,True,/movie/get_movie_info,1,1,1,0.034582801163196564,1.0,0,0,0,0.0,0.0,0.0,0.0,0.0,True,0.0,0.0
b7346c93271409b8aa6c61fa25960c1b8fbbf21c11b00897eb6759c24b905b2b,d70d4e87e5399eea468d5546971719749f39eb5207a570cb0c581b62e9e5e2a1,confirmatory_test,movie,simple,static,measured_latency_minimizer_at_quality_floor,measured,True,/movie/get_movie_info,1,1,1,0.03179069608449936,1.0,0,0,0,0.0,0.0,0.0,0.0,0.0,True,0.0,0.0
b7346c93271409b8aa6c61fa25960c1b8fbbf21c11b00897eb6759c24b905b2b,d70d4e87e5399eea468d5546971719749f39eb5207a570cb0c581b62e9e5e2a1,confirmatory_test,movie,simple,static,quality_only_best_on_validation,quality,True,/movie/get_movie_info|/movie/get_person_info,2,2,2,0.48070773482322693,2.0,0,0,0,0.0,0.0,0.0,0.0,0.0,True,0.0,0.0
b7346c93271409b8aa6c61fa25960c1b8fbbf21c11b00897eb6759c24b905b2b,d70d4e87e5399eea468d5546971719749f39eb5207a570cb0c581b62e9e5e2a1,confirmatory_test,movie,simple,static,constrained_quality_optimizer,constrained,True,/movie/get_movie_info|/movie/get_person_info,2,2,2,0.1370403915643692,2.0,0,0,0,0.0,0.0,0.0,0.0,0.0,True,0.0,0.0
b7346c93271409b8aa6c61fa25960c1b8fbbf21c11b00897eb6759c24b905b2b,d70d4e87e5399eea468d5546971719749f39eb5207a570cb0c581b62e9e5e2a1,confirmatory_test,movie,simple,static,pareto_frontier_selector,pareto,True,/movie/get_movie_info|/movie/get_person_info,2,2,2,0.07087364792823792,2.0,0,0,0,0.0,0.0,0.0,0.0,0.0,True,0.0,0.0
b7346c93271409b8aa6c61fa25960c1b8fbbf21c11b00897eb6759c24b905b2b,d70d4e87e5399eea468d5546971719749f39eb5207a570cb0c581b62e9e5e2a1,confirmatory_test,movie,simple,static,governed_selection,governed,True,/movie/get_movie_info|/movie/get_person_info,2,2,2,0.09795837104320526,2.0,0,0,0,0.0,0.0,0.0,0.0,0.0,True,0.0,0.0
b7346c93271409b8aa6c61fa25960c1b8fbbf21c11b00897eb6759c24b905b2b,d70d4e87e5399eea468d5546971719749f39eb5207a570cb0c581b62e9e5e2a1,confirmatory_test,movie,simple,static,static_default_policy,static,True,/movie/get_movie_info,1,1,1,0.04291720688343048,1.0,0,0,0,0.0,0.0,0.0,0.0,0.0,True,0.0,0.0
b7346c93271409b8aa6c61fa25960c1b8fbbf21c11b00897eb6759c24b905b2b,d70d4e87e5399eea468d5546971719749f39eb5207a570cb0c581b62e9e5e2a1,confirmatory_test,movie,simple,static,rag_compass_optional,rag,True,/movie/get_person_info|/movie/get_movie_info,2,2,2,0.07750000804662704,2.0,0,0,0,0.0,0.0,0.0,0.0,0.0,True,0.0,0.0
00363d9df43e9dfd107d3825a1c20c8b169040785c318f22e5901a57c735dfff,71599878ecfb3a60c1f93a97b9cbcc535b811f48cf513321ee895a8c33c04f83,calibration,finance,simple,real-time,low_retrieval_single_endpoint,low,True,/finance/get_ticker_by_name,1,1,1,0.051958486437797546,1.0,0,0,0,0.0,0.0,0.0,0.0,0.0,True,0.0,0.0
00363d9df43e9dfd107d3825a1c20c8b169040785c318f22e5901a57c735dfff,71599878ecfb3a60c1f93a97b9cbcc535b811f48cf513321ee895a8c33c04f83,calibration,finance,simple,real-time,expanded_retrieval_multi_endpoint,expanded,True,/finance/get_ticker_by_name|/finance/get_company_name,2,2,2,0.07270742207765579,2.0,0,0,0,0.0,0.0,0.0,0.0,0.0,True,0.0,0.0
00363d9df43e9dfd107d3825a1c20c8b169040785c318f22e5901a57c735dfff,71599878ecfb3a60c1f93a97b9cbcc535b811f48cf513321ee895a8c33c04f83,calibration,finance,simple,real-time,adaptive_routing_on_insufficient_evidence,adaptive,True,/finance/get_ticker_by_name|/finance/get_company_name,2,2,2,0.07050018757581711,2.0,0,0,0,0.0,0.0,0.0,0.0,0.0,True,0.0,0.0
00363d9df43e9dfd107d3825a1c20c8b169040785c318f22e5901a57c735dfff,71599878ecfb3a60c1f93a97b9cbcc535b811f48cf513321ee895a8c33c04f83,calibration,finance,simple,real-time,measured_cost_minimizer_at_quality_floor,measured,True,/finance/get_ticker_by_name,1,1,1,0.03220885992050171,1.0,0,0,0,0.0,0.0,0.0,0.0,0.0,True,0.0,0.0
00363d9df43e9dfd107d3825a1c20c8b169040785c318f22e5901a57c735dfff,71599878ecfb3a60c1f93a97b9cbcc535b811f48cf513321ee895a8c33c04f83,calibration,finance,simple,real-time,measured_latency_minimizer_at_quality_floor,measured,True,/finance/get_ticker_by_name,1,1,1,0.031624920666217804,1.0,0,0,0,0.0,0.0,0.0,0.0,0.0,True,0.0,0.0
00363d9df43e9dfd107d3825a1c20c8b169040785c318f22e5901a57c735dfff,71599878ecfb3a60c1f93a97b9cbcc535b811f48cf513321ee895a8c33c04f83,calibration,finance,simple,real-time,quality_only_best_on_validation,quality,True,/finance/get_ticker_by_name|/finance/get_company_name,2,2,2,0.0662514939904213,2.0,0,0,0,0.0,0.0,0.0,0.0,0.0,True,0.0,0.0
00363d9df43e9dfd107d3825a1c20c8b169040785c318f22e5901a57c735dfff,71599878ecfb3a60c1f93a97b9cbcc535b811f48cf513321ee895a8c33c04f83,calibration,finance,simple,real-time,constrained_quality_optimizer,constrained,True,/finance/get_ticker_by_name|/finance/get_company_name,2,2,2,0.06350036710500717,2.0,0,0,0,0.0,0.0,0.0,0.0,0.0,True,0.0,0.0
00363d9df43e9dfd107d3825a1c20c8b169040785c318f22e5901a57c735dfff,71599878ecfb3a60c1f93a97b9cbcc535b811f48cf513321ee895a8c33c04f83,calibration,finance,simple,real-time,pareto_frontier_selector,pareto,True,/finance/get_ticker_by_name|/finance/get_company_name,2,2,2,0.06891787052154541,2.0,0,0,0,0.0,0.0,0.0,0.0,0.0,True,0.0,0.0
00363d9df43e9dfd107d3825a1c20c8b169040785c318f22e5901a57c735dfff,71599878ecfb3a60c1f93a97b9cbcc535b811f48cf513321ee895a8c33c04f83,calibration,finance,simple,real-time,governed_selection,governed,True,/finance/get_ticker_by_name|/finance/get_company_name,2,2,2,0.08237548172473907,2.0,0,0,0,0.0,0.0,0.0,0.0,0.0,True,0.0,0.0
00363d9df43e9dfd107d3825a1c20c8b169040785c318f22e5901a57c735dfff,71599878ecfb3a60c1f93a97b9cbcc535b811f48cf513321ee895a8c33c04f83,calibration,finance,simple,real-time,static_default_policy,static,True,/finance/get_ticker_by_name,1,1,1,0.0354154035449028,1.0,0,0,0,0.0,0.0,0.0,0.0,0.0,True,0.0,0.0
00363d9df43e9dfd107d3825a1c20c8b169040785c318f22e5901a57c735dfff,71599878ecfb3a60c1f93a97b9cbcc535b811f48cf513321ee895a8c33c04f83,calibration,finance,simple,real-time,rag_compass_optional,rag,True,/finance/get_company_name|/finance/get_ticker_by_name,2,2,2,0.06533320993185043,2.0,0,0,0,0.0,0.0,0.0,0.0,0.0,True,0.0,0.0
ac5d363c4b4068aeff7357892e3d88c658714ad3b6ef43d44facda18ab4e93ed,9dcfb3e2c15a17441c244b79ded67ee94b741ae58acade126e83505d74677291,confirmatory_test,movie,post-processing,slow-changing,low_retrieval_single_endpoint,low,True,/movie/get_movie_info,1,1,1,0.03295857459306717,1.0,0,0,0,0.0,0.0,0.0,0.0,0.0,True,0.0,0.0
ac5d363c4b4068aeff7357892e3d88c658714ad3b6ef43d44facda18ab4e93ed,9dcfb3e2c15a17441c244b79ded67ee94b741ae58acade126e83505d74677291,confirmatory_test,movie,post-processing,slow-changing,expanded_retrieval_multi_endpoint,expanded,True,/movie/get_movie_info|/movie/get_person_info,2,2,2,0.07683318108320236,2.0,0,0,0,0.0,0.0,0.0,0.0,0.0,True,0.0,0.0
ac5d363c4b4068aeff7357892e3d88c658714ad3b6ef43d44facda18ab4e93ed,9dcfb3e2c15a17441c244b79ded67ee94b741ae58acade126e83505d74677291,confirmatory_test,movie,post-processing,slow-changing,adaptive_routing_on_insufficient_evidence,adaptive,True,/movie/get_movie_info|/movie/get_person_info,2,2,2,0.12808386236429214,2.0,0,0,0,0.0,0.0,0.0,0.0,0.0,True,0.0,0.0
ac5d363c4b4068aeff7357892e3d88c658714ad3b6ef43d44facda18ab4e93ed,9dcfb3e2c15a17441c244b79ded67ee94b741ae58acade126e83505d74677291,confirmatory_test,movie,post-processing,slow-changing,measured_cost_minimizer_at_quality_floor,measured,True,/movie/get_movie_info,1,1,1,0.07362477481365204,1.0,0,0,0,0.0,0.0,0.0,0.0,0.0,True,0.0,0.0
ac5d363c4b4068aeff7357892e3d88c658714ad3b6ef43d44facda18ab4e93ed,9dcfb3e2c15a17441c244b79ded67ee94b741ae58acade126e83505d74677291,confirmatory_test,movie,post-processing,slow-changing,measured_latency_minimizer_at_quality_floor,measured,True,/movie/get_movie_info,1,1,1,0.05220714956521988,1.0,0,0,0,0.0,0.0,0.0,0.0,0.0,True,0.0,0.0
ac5d363c4b4068aeff7357892e3d88c658714ad3b6ef43d44facda18ab4e93ed,9dcfb3e2c15a17441c244b79ded67ee94b741ae58acade126e83505d74677291,confirmatory_test,movie,post-processing,slow-changing,quality_only_best_on_validation,quality,True,/movie/get_movie_info|/movie/get_person_info,2,2,2,0.07000099867582321,2.0,0,0,0,0.0,0.0,0.0,0.0,0.0,True,0.0,0.0
ac5d363c4b4068aeff7357892e3d88c658714ad3b6ef43d44facda18ab4e93ed,9dcfb3e2c15a17441c244b79ded67ee94b741ae58acade126e83505d74677291,confirmatory_test,movie,post-processing,slow-changing,constrained_quality_optimizer,constrained,True,/movie/get_movie_info|/movie/get_person_info,2,2,2,0.07820874452590942,2.0,0,0,0,0.0,0.0,0.0,0.0,0.0,True,0.0,0.0
ac5d363c4b4068aeff7357892e3d88c658714ad3b6ef43d44facda18ab4e93ed,9dcfb3e2c15a17441c244b79ded67ee94b741ae58acade126e83505d74677291,confirmatory_test,movie,post-processing,slow-changing,pareto_frontier_selector,pareto,True,/movie/get_movie_info|/movie/get_person_info,2,2,2,0.08933339267969131,2.0,0,0,0,0.0,0.0,0.0,0.0,0.0,True,0.0,0.0
ac5d363c4b4068aeff7357892e3d88c658714ad3b6ef43d44facda18ab4e93ed,9dcfb3e2c15a17441c244b79ded67ee94b741ae58acade126e83505d74677291,confirmatory_test,movie,post-processing,slow-changing,governed_selection,governed,True,/movie/get_movie_info|/movie/get_person_info,2,2,2,0.07162429392337799,2.0,0,0,0,0.0,0.0,0.0,0.0,0.0,True,0.0,0.0
ac5d363c4b4068aeff7357892e3d88c658714ad3b6ef43d44facda18ab4e93ed,9dcfb3e2c15a17441c244b79ded67ee94b741ae58acade126e83505d74677291,confirmatory_test,movie,post-processing,slow-changing,static_default_policy,static,True,/movie/get_movie_info,1,1,1,0.03224983811378479,1.0,0,0,0,0.0,0.0,0.0,0.0,0.0,True,0.0,0.0
ac5d363c4b4068aeff7357892e3d88c658714ad3b6ef43d44facda18ab4e93ed,9dcfb3e2c15a17441c244b79ded67ee94b741ae58acade126e83505d74677291,confirmatory_test,movie,post-processing,slow-changing,rag_compass_optional,rag,True,/movie/get_person_info|/movie/get_movie_info,2,2,2,0.06333459168672562,2.0,0,0,0,0.0,0.0,0.0,0.0,0.0,True,0.0,0.0
a38fbb326cb3f79a1a73e4198d9d75ed8c95988ec6bd4c0129c43cba10e19c33,484592fe818aee265bb42611450c05c29290f2628bc03448de30f01cc2a4bd42,confirmatory_test,open,set,static,low_retrieval_single_endpoint,low,True,/open/search_entity_by_name,1,1,1,0.04499964416027069,1.0,0,0,0,0.0,0.0,0.0,0.0,0.0,True,0.0,0.0
a38fbb326cb3f79a1a73e4198d9d75ed8c95988ec6bd4c0129c43cba10e19c33,484592fe818aee265bb42611450c05c29290f2628bc03448de30f01cc2a4bd42,confirmatory_test,open,set,static,expanded_retrieval_multi_endpoint,expanded,True,/open/search_entity_by_name|/open/get_entity,2,2,2,0.0688750296831131,2.0,0,0,0,0.0,0.0,0.0,0.0,0.0,True,0.0,0.0
a38fbb326cb3f79a1a73e4198d9d75ed8c95988ec6bd4c0129c43cba10e19c33,484592fe818aee265bb42611450c05c29290f2628bc03448de30f01cc2a4bd42,confirmatory_test,open,set,static,adaptive_routing_on_insufficient_evidence,adaptive,True,/open/search_entity_by_name|/open/get_entity,2,2,2,0.0660829246044159,2.0,0,0,0,0.0,0.0,0.0,0.0,0.0,True,0.0,0.0
a38fbb326cb3f79a1a73e4198d9d75ed8c95988ec6bd4c0129c43cba10e19c33,484592fe818aee265bb42611450c05c29290f2628bc03448de30f01cc2a4bd42,confirmatory_test,open,set,static,measured_cost_minimizer_at_quality_floor,measured,True,/open/search_entity_by_name,1,1,1,0.03158394247293472,1.0,0,0,0,0.0,0.0,0.0,0.0,0.0,True,0.0,0.0
a38fbb326cb3f79a1a73e4198d9d75ed8c95988ec6bd4c0129c43cba10e19c33,484592fe818aee265bb42611450c05c29290f2628bc03448de30f01cc2a4bd42,confirmatory_test,open,set,static,measured_latency_minimizer_at_quality_floor,measured,True,/open/search_entity_by_name,1,1,1,0.030667521059513092,1.0,0,0,0,0.0,0.0,0.0,0.0,0.0,True,0.0,0.0
a38fbb326cb3f79a1a73e4198d9d75ed8c95988ec6bd4c0129c43cba10e19c33,484592fe818aee265bb42611450c05c29290f2628bc03448de30f01cc2a4bd42,confirmatory_test,open,set,static,quality_only_best_on_validation,quality,True,/open/search_entity_by_name|/open/get_entity,2,2,2,0.06316602230072021,2.0,0,0,0,0.0,0.0,0.0,0.0,0.0,True,0.0,0.0
a38fbb326cb3f79a1a73e4198d9d75ed8c95988ec6bd4c0129c43cba10e19c33,484592fe818aee265bb42611450c05c29290f2628bc03448de30f01cc2a4bd42,confirmatory_test,open,set,static,constrained_quality_optimizer,constrained,True,/open/search_entity_by_name|/open/get_entity,2,2,2,0.06174948066473007,2.0,0,0,0,0.0,0.0,0.0,0.0,0.0,True,0.0,0.0
a38fbb326cb3f79a1a73e4198d9d75ed8c95988ec6bd4c0129c43cba10e19c33,484592fe818aee265bb42611450c05c29290f2628bc03448de30f01cc2a4bd42,confirmatory_test,open,set,static,pareto_frontier_selector,pareto,True,/open/search_entity_by_name|/open/get_entity,2,2,2,0.06216578185558319,2.0,0,0,0,0.0,0.0,0.0,0.0,0.0,True,0.0,0.0
a38fbb326cb3f79a1a73e4198d9d75ed8c95988ec6bd4c0129c43cba10e19c33,484592fe818aee265bb42611450c05c29290f2628bc03448de30f01cc2a4bd42,confirmatory_test,open,set,static,governed_selection,governed,True,/open/search_entity_by_name|/open/get_entity,2,2,2,0.062375329434871674,2.0,0,0,0,0.0,0.0,0.0,0.0,0.0,True,0.0,0.0
a38fbb326cb3f79a1a73e4198d9d75ed8c95988ec6bd4c0129c43cba10e19c33,484592fe818aee265bb42611450c05c29290f2628bc03448de30f01cc2a4bd42,confirmatory_test,open,set,static,static_default_policy,static,True,/open/search_entity_by_name,1,1,1,0.029667280614376068,1.0,0,0,0,0.0,0.0,0.0,0.0,0.0,True,0.0,0.0
a38fbb326cb3f79a1a73e4198d9d75ed8c95988ec6bd4c0129c43cba10e19c33,484592fe818aee265bb42611450c05c29290f2628bc03448de30f01cc2a4bd42,confirmatory_test,open,set,static,rag_compass_optional,rag,True,/open/get_entity|/open/search_entity_by_name,2,2,2,0.06620865315198898,2.0,0,0,0,0.0,0.0,0.0,0.0,0.0,True,0.0,0.0
87fb9e34319464d2dd5972932d15aa22b93b99e2cfcbfe8bfe005bd8328dbe65,e65f2550fc11f96241740bc8cda36ca546de36ea2b5efd6813672157aa03f8c9,confirmatory_test,finance,multi-hop,fast-changing,low_retrieval_single_endpoint,low,True,/finance/get_ticker_by_name,1,1,1,0.03291759639978409,1.0,0,0,0,0.0,0.0,0.0,0.0,0.0,True,0.0,0.0
87fb9e34319464d2dd5972932d15aa22b93b99e2cfcbfe8bfe005bd8328dbe65,e65f2550fc11f96241740bc8cda36ca546de36ea2b5efd6813672157aa03f8c9,confirmatory_test,finance,multi-hop,fast-changing,expanded_retrieval_multi_endpoint,expanded,True,/finance/get_ticker_by_name|/finance/get_company_name,2,2,2,0.06583239883184433,2.0,0,0,0,0.0,0.0,0.0,0.0,0.0,True,0.0,0.0
87fb9e34319464d2dd5972932d15aa22b93b99e2cfcbfe8bfe005bd8328dbe65,e65f2550fc11f96241740bc8cda36ca546de36ea2b5efd6813672157aa03f8c9,confirmatory_test,finance,multi-hop,fast-changing,adaptive_routing_on_insufficient_evidence,adaptive,True,/finance/get_ticker_by_name|/finance/get_company_name,2,2,2,0.060998834669589996,2.0,0,0,0,0.0,0.0,0.0,0.0,0.0,True,0.0,0.0
87fb9e34319464d2dd5972932d15aa22b93b99e2cfcbfe8bfe005bd8328dbe65,e65f2550fc11f96241740bc8cda36ca546de36ea2b5efd6813672157aa03f8c9,confirmatory_test,finance,multi-hop,fast-changing,measured_cost_minimizer_at_quality_floor,measured,True,/finance/get_ticker_by_name,1,1,1,0.0422503799200058,1.0,0,0,0,0.0,0.0,0.0,0.0,0.0,True,0.0,0.0
87fb9e34319464d2dd5972932d15aa22b93b99e2cfcbfe8bfe005bd8328dbe65,e65f2550fc11f96241740bc8cda36ca546de36ea2b5efd6813672157aa03f8c9,confirmatory_test,finance,multi-hop,fast-changing,measured_latency_minimizer_at_quality_floor,measured,True,/finance/get_ticker_by_name,1,1,1,0.03954209387302399,1.0,0,0,0,0.0,0.0,0.0,0.0,0.0,True,0.0,0.0
87fb9e34319464d2dd5972932d15aa22b93b99e2cfcbfe8bfe005bd8328dbe65,e65f2550fc11f96241740bc8cda36ca546de36ea2b5efd6813672157aa03f8c9,confirmatory_test,finance,multi-hop,fast-changing,quality_only_best_on_validation,quality,True,/finance/get_ticker_by_name|/finance/get_company_name,2,2,2,0.07583294063806534,2.0,0,0,0,0.0,0.0,0.0,0.0,0.0,True,0.0,0.0
87fb9e34319464d2dd5972932d15aa22b93b99e2cfcbfe8bfe005bd8328dbe65,e65f2550fc11f96241740bc8cda36ca546de36ea2b5efd6813672157aa03f8c9,confirmatory_test,finance,multi-hop,fast-changing,constrained_quality_optimizer,constrained,True,/finance/get_ticker_by_name|/finance/get_company_name,2,2,2,0.21845847368240356,2.0,0,0,0,0.0,0.0,0.0,0.0,0.0,True,0.0,0.0
87fb9e34319464d2dd5972932d15aa22b93b99e2cfcbfe8bfe005bd8328dbe65,e65f2550fc11f96241740bc8cda36ca546de36ea2b5efd6813672157aa03f8c9,confirmatory_test,finance,multi-hop,fast-changing,pareto_frontier_selector,pareto,True,/finance/get_ticker_by_name|/finance/get_company_name,2,2,2,0.0849999487400055,2.0,0,0,0,0.0,0.0,0.0,0.0,0.0,True,0.0,0.0
87fb9e34319464d2dd5972932d15aa22b93b99e2cfcbfe8bfe005bd8328dbe65,e65f2550fc11f96241740bc8cda36ca546de36ea2b5efd6813672157aa03f8c9,confirmatory_test,finance,multi-hop,fast-changing,governed_selection,governed,True,/finance/get_ticker_by_name|/finance/get_company_name,2,2,2,0.07037725299596786,2.0,0,0,0,0.0,0.0,0.0,0.0,0.0,True,0.0,0.0
87fb9e34319464d2dd5972932d15aa22b93b99e2cfcbfe8bfe005bd8328dbe65,e65f2550fc11f96241740bc8cda36ca546de36ea2b5efd6813672157aa03f8c9,confirmatory_test,finance,multi-hop,fast-changing,static_default_policy,static,True,/finance/get_ticker_by_name,1,1,1,0.03070943057537079,1.0,0,0,0,0.0,0.0,0.0,0.0,0.0,True,0.0,0.0
87fb9e34319464d2dd5972932d15aa22b93b99e2cfcbfe8bfe005bd8328dbe65,e65f2550fc11f96241740bc8cda36ca546de36ea2b5efd6813672157aa03f8c9,confirmatory_test,finance,multi-hop,fast-changing,rag_compass_optional,rag,True,/finance/get_company_name|/finance/get_ticker_by_name,2,2,2,0.0638747587800026,2.0,0,0,0,0.0,0.0,0.0,0.0,0.0,True,0.0,0.0
7557fdc1747dfe261531582d421d9be85e4956ecbf8497a17407a151d6be92b0,de3f94ccf3edff2dc09ec455436ad169636552abf3360330acf5831c0a4eaa0d,validation,open,post-processing,static,low_retrieval_single_endpoint,low,True,/open/search_entity_by_name,1,1,1,0.035458244383335114,1.0,0,0,0,0.0,0.0,0.0,0.0,0.0,True,0.0,0.0
7557fdc1747dfe261531582d421d9be85e4956ecbf8497a17407a151d6be92b0,de3f94ccf3edff2dc09ec455436ad169636552abf3360330acf5831c0a4eaa0d,validation,open,post-processing,static,expanded_retrieval_multi_endpoint,expanded,True,/open/search_entity_by_name|/open/get_entity,2,2,2,0.061959028244018555,2.0,0,0,0,0.0,0.0,0.0,0.0,0.0,True,0.0,0.0
7557fdc1747dfe261531582d421d9be85e4956ecbf8497a17407a151d6be92b0,de3f94ccf3edff2dc09ec455436ad169636552abf3360330acf5831c0a4eaa0d,validation,open,post-processing,static,adaptive_routing_on_insufficient_evidence,adaptive,True,/open/search_entity_by_name|/open/get_entity,2,2,2,0.06508547812700272,2.0,0,0,0,0.0,0.0,0.0,0.0,0.0,True,0.0,0.0
7557fdc1747dfe261531582d421d9be85e4956ecbf8497a17407a151d6be92b0,de3f94ccf3edff2dc09ec455436ad169636552abf3360330acf5831c0a4eaa0d,validation,open,post-processing,static,measured_cost_minimizer_at_quality_floor,measured,True,/open/search_entity_by_name,1,1,1,0.030125491321086884,1.0,0,0,0,0.0,0.0,0.0,0.0,0.0,True,0.0,0.0
7557fdc1747dfe261531582d421d9be85e4956ecbf8497a17407a151d6be92b0,de3f94ccf3edff2dc09ec455436ad169636552abf3360330acf5831c0a4eaa0d,validation,open,post-processing,static,measured_latency_minimizer_at_quality_floor,measured,True,/open/search_entity_by_name,1,1,1,0.031124800443649292,1.0,0,0,0,0.0,0.0,0.0,0.0,0.0,True,0.0,0.0
7557fdc1747dfe261531582d421d9be85e4956ecbf8497a17407a151d6be92b0,de3f94ccf3edff2dc09ec455436ad169636552abf3360330acf5831c0a4eaa0d,validation,open,post-processing,static,quality_only_best_on_validation,quality,True,/open/search_entity_by_name|/open/get_entity,2,2,2,0.10820943862199783,2.0,0,0,0,0.0,0.0,0.0,0.0,0.0,True,0.0,0.0
7557fdc1747dfe261531582d421d9be85e4956ecbf8497a17407a151d6be92b0,de3f94ccf3edff2dc09ec455436ad169636552abf3360330acf5831c0a4eaa0d,validation,open,post-processing,static,constrained_quality_optimizer,constrained,True,/open/search_entity_by_name|/open/get_entity,2,2,2,0.09037461131811142,2.0,0,0,0,0.0,0.0,0.0,0.0,0.0,True,0.0,0.0
7557fdc1747dfe261531582d421d9be85e4956ecbf8497a17407a151d6be92b0,de3f94ccf3edff2dc09ec455436ad169636552abf3360330acf5831c0a4eaa0d,validation,open,post-processing,static,pareto_frontier_selector,pareto,True,/open/search_entity_by_name|/open/get_entity,2,2,2,0.07237400859594345,2.0,0,0,0,0.0,0.0,0.0,0.0,0.0,True,0.0,0.0
7557fdc1747dfe261531582d421d9be85e4956ecbf8497a17407a151d6be92b0,de3f94ccf3edff2dc09ec455436ad169636552abf3360330acf5831c0a4eaa0d,validation,open,post-processing,static,governed_selection,governed,True,/open/search_entity_by_name|/open/get_entity,2,2,2,0.06337463855743408,2.0,0,0,0,0.0,0.0,0.0,0.0,0.0,True,0.0,0.0
7557fdc1747dfe261531582d421d9be85e4956ecbf8497a17407a151d6be92b0,de3f94ccf3edff2dc09ec455436ad169636552abf3360330acf5831c0a4eaa0d,validation,open,post-processing,static,static_default_policy,static,True,/open/search_entity_by_name,1,1,1,0.03508385270833969,1.0,0,0,0,0.0,0.0,0.0,0.0,0.0,True,0.0,0.0
7557fdc1747dfe261531582d421d9be85e4956ecbf8497a17407a151d6be92b0,de3f94ccf3edff2dc09ec455436ad169636552abf3360330acf5831c0a4eaa0d,validation,open,post-processing,static,rag_compass_optional,rag,True,/open/get_entity|/open/search_entity_by_name,2,2,2,0.0650845468044281,2.0,0,0,0,0.0,0.0,0.0,0.0,0.0,True,0.0,0.0
ccc30380b9d5d030ca005d67a20c67c0ad94b845cef5c1e8403da97c804e52e6,348d7eab52cb013662796bd030f4b43e810f0197a206b5146c27fc5523e4368f,confirmatory_test,open,false_premise,static,low_retrieval_single_endpoint,low,True,/open/search_entity_by_name,1,1,1,0.03624986857175827,1.0,0,0,0,0.0,0.0,0.0,0.0,0.0,True,0.0,0.0
ccc30380b9d5d030ca005d67a20c67c0ad94b845cef5c1e8403da97c804e52e6,348d7eab52cb013662796bd030f4b43e810f0197a206b5146c27fc5523e4368f,confirmatory_test,open,false_premise,static,expanded_retrieval_multi_endpoint,expanded,True,/open/search_entity_by_name|/open/get_entity,2,2,2,0.06162561476230621,2.0,0,0,0,0.0,0.0,0.0,0.0,0.0,True,0.0,0.0
ccc30380b9d5d030ca005d67a20c67c0ad94b845cef5c1e8403da97c804e52e6,348d7eab52cb013662796bd030f4b43e810f0197a206b5146c27fc5523e4368f,confirmatory_test,open,false_premise,static,adaptive_routing_on_insufficient_evidence,adaptive,True,/open/search_entity_by_name|/open/get_entity,2,2,2,0.06041675806045532,2.0,0,0,0,0.0,0.0,0.0,0.0,0.0,True,0.0,0.0
ccc30380b9d5d030ca005d67a20c67c0ad94b845cef5c1e8403da97c804e52e6,348d7eab52cb013662796bd030f4b43e810f0197a206b5146c27fc5523e4368f,confirmatory_test,open,false_premise,static,measured_cost_minimizer_at_quality_floor,measured,True,/open/search_entity_by_name,1,1,1,0.03529153764247894,1.0,0,0,0,0.0,0.0,0.0,0.0,0.0,True,0.0,0.0
ccc30380b9d5d030ca005d67a20c67c0ad94b845cef5c1e8403da97c804e52e6,348d7eab52cb013662796bd030f4b43e810f0197a206b5146c27fc5523e4368f,confirmatory_test,open,false_premise,static,measured_latency_minimizer_at_quality_floor,measured,True,/open/search_entity_by_name,1,1,1,0.032374635338783264,1.0,0,0,0,0.0,0.0,0.0,0.0,0.0,True,0.0,0.0
ccc30380b9d5d030ca005d67a20c67c0ad94b845cef5c1e8403da97c804e52e6,348d7eab52cb013662796bd030f4b43e810f0197a206b5146c27fc5523e4368f,confirmatory_test,open,false_premise,static,quality_only_best_on_validation,quality,True,/open/search_entity_by_name|/open/get_entity,2,2,2,0.05799904465675354,2.0,0,0,0,0.0,0.0,0.0,0.0,0.0,True,0.0,0.0
ccc30380b9d5d030ca005d67a20c67c0ad94b845cef5c1e8403da97c804e52e6,348d7eab52cb013662796bd030f4b43e810f0197a206b5146c27fc5523e4368f,confirmatory_test,open,false_premise,static,constrained_quality_optimizer,constrained,True,/open/search_entity_by_name|/open/get_entity,2,2,2,0.0600004568696022,2.0,0,0,0,0.0,0.0,0.0,0.0,0.0,True,0.0,0.0
ccc30380b9d5d030ca005d67a20c67c0ad94b845cef5c1e8403da97c804e52e6,348d7eab52cb013662796bd030f4b43e810f0197a206b5146c27fc5523e4368f,confirmatory_test,open,false_premise,static,pareto_frontier_selector,pareto,True,/open/search_entity_by_name|/open/get_entity,2,2,2,0.06425101310014725,2.0,0,0,0,0.0,0.0,0.0,0.0,0.0,True,0.0,0.0
ccc30380b9d5d030ca005d67a20c67c0ad94b845cef5c1e8403da97c804e52e6,348d7eab52cb013662796bd030f4b43e810f0197a206b5146c27fc5523e4368f,confirmatory_test,open,false_premise,static,governed_selection,governed,True,/open/search_entity_by_name|/open/get_entity,2,2,2,0.06629154086112976,2.0,0,0,0,0.0,0.0,0.0,0.0,0.0,True,0.0,0.0
ccc30380b9d5d030ca005d67a20c67c0ad94b845cef5c1e8403da97c804e52e6,348d7eab52cb013662796bd030f4b43e810f0197a206b5146c27fc5523e4368f,confirmatory_test,open,false_premise,static,static_default_policy,static,True,/open/search_entity_by_name,1,1,1,0.0349581241607666,1.0,0,0,0,0.0,0.0,0.0,0.0,0.0,True,0.0,0.0
ccc30380b9d5d030ca005d67a20c67c0ad94b845cef5c1e8403da97c804e52e6,348d7eab52cb013662796bd030f4b43e810f0197a206b5146c27fc5523e4368f,confirmatory_test,open,false_premise,static,rag_compass_optional,rag,True,/open/get_entity|/open/search_entity_by_name,2,2,2,0.05816575139760971,2.0,0,0,0,0.0,0.0,0.0,0.0,0.0,True,0.0,0.0
095ba1ed34548a5235b179340c2318c98b02eb2b734f083cd085976ea131da9a,31be7748c596adc780478e0f5fdfcbd07a1df753122487692548b2bc488e2eab,validation,finance,simple_w_condition,slow-changing,low_retrieval_single_endpoint,low,True,/finance/get_ticker_by_name,1,1,1,0.037750229239463806,1.0,0,0,0,0.0,0.0,0.0,0.0,0.0,True,0.0,0.0
095ba1ed34548a5235b179340c2318c98b02eb2b734f083cd085976ea131da9a,31be7748c596adc780478e0f5fdfcbd07a1df753122487692548b2bc488e2eab,validation,finance,simple_w_condition,slow-changing,expanded_retrieval_multi_endpoint,expanded,True,/finance/get_ticker_by_name|/finance/get_company_name,2,2,2,0.06083305925130844,2.0,0,0,0,0.0,0.0,0.0,0.0,0.0,True,0.0,0.0
095ba1ed34548a5235b179340c2318c98b02eb2b734f083cd085976ea131da9a,31be7748c596adc780478e0f5fdfcbd07a1df753122487692548b2bc488e2eab,validation,finance,simple_w_condition,slow-changing,adaptive_routing_on_insufficient_evidence,adaptive,True,/finance/get_ticker_by_name|/finance/get_company_name,2,2,2,0.06683357059955597,2.0,0,0,0,0.0,0.0,0.0,0.0,0.0,True,0.0,0.0
095ba1ed34548a5235b179340c2318c98b02eb2b734f083cd085976ea131da9a,31be7748c596adc780478e0f5fdfcbd07a1df753122487692548b2bc488e2eab,validation,finance,simple_w_condition,slow-changing,measured_cost_minimizer_at_quality_floor,measured,True,/finance/get_ticker_by_name,1,1,1,0.031000003218650818,1.0,0,0,0,0.0,0.0,0.0,0.0,0.0,True,0.0,0.0
095ba1ed34548a5235b179340c2318c98b02eb2b734f083cd085976ea131da9a,31be7748c596adc780478e0f5fdfcbd07a1df753122487692548b2bc488e2eab,validation,finance,simple_w_condition,slow-changing,measured_latency_minimizer_at_quality_floor,measured,True,/finance/get_ticker_by_name,1,1,1,0.034499913454055786,1.0,0,0,0,0.0,0.0,0.0,0.0,0.0,True,0.0,0.0
095ba1ed34548a5235b179340c2318c98b02eb2b734f083cd085976ea131da9a,31be7748c596adc780478e0f5fdfcbd07a1df753122487692548b2bc488e2eab,validation,finance,simple_w_condition,slow-changing,quality_only_best_on_validation,quality,True,/finance/get_ticker_by_name|/finance/get_company_name,2,2,2,0.062251463532447815,2.0,0,0,0,0.0,0.0,0.0,0.0,0.0,True,0.0,0.0
095ba1ed34548a5235b179340c2318c98b02eb2b734f083cd085976ea131da9a,31be7748c596adc780478e0f5fdfcbd07a1df753122487692548b2bc488e2eab,validation,finance,simple_w_condition,slow-changing,constrained_quality_optimizer,constrained,True,/finance/get_ticker_by_name|/finance/get_company_name,2,2,2,0.0585019588470459,2.0,0,0,0,0.0,0.0,0.0,0.0,0.0,True,0.0,0.0
095ba1ed34548a5235b179340c2318c98b02eb2b734f083cd085976ea131da9a,31be7748c596adc780478e0f5fdfcbd07a1df753122487692548b2bc488e2eab,validation,finance,simple_w_condition,slow-changing,pareto_frontier_selector,pareto,True,/finance/get_ticker_by_name|/finance/get_company_name,2,2,2,0.061666592955589294,2.0,0,0,0,0.0,0.0,0.0,0.0,0.0,True,0.0,0.0
095ba1ed34548a5235b179340c2318c98b02eb2b734f083cd085976ea131da9a,31be7748c596adc780478e0f5fdfcbd07a1df753122487692548b2bc488e2eab,validation,finance,simple_w_condition,slow-changing,governed_selection,governed,True,/finance/get_ticker_by_name|/finance/get_company_name,2,2,2,0.056957826018333435,2.0,0,0,0,0.0,0.0,0.0,0.0,0.0,True,0.0,0.0
095ba1ed34548a5235b179340c2318c98b02eb2b734f083cd085976ea131da9a,31be7748c596adc780478e0f5fdfcbd07a1df753122487692548b2bc488e2eab,validation,finance,simple_w_condition,slow-changing,static_default_policy,static,True,/finance/get_ticker_by_name,1,1,1,0.02858322113752365,1.0,0,0,0,0.0,0.0,0.0,0.0,0.0,True,0.0,0.0
095ba1ed34548a5235b179340c2318c98b02eb2b734f083cd085976ea131da9a,31be7748c596adc780478e0f5fdfcbd07a1df753122487692548b2bc488e2eab,validation,finance,simple_w_condition,slow-changing,rag_compass_optional,rag,True,/finance/get_company_name|/finance/get_ticker_by_name,2,2,2,0.058916397392749786,2.0,0,0,0,0.0,0.0,0.0,0.0,0.0,True,0.0,0.0
1bc17837f2acd3553758609b2db42b1f307c8f72b2e1b576564d15ac13ee1aa1,d06ab027b9ebf145f5ebd0a17b91ee3cb60808e1ff5dddbec5938b9aab8ae638,validation,finance,simple_w_condition,static,low_retrieval_single_endpoint,low,True,/finance/get_ticker_by_name,1,1,1,0.02899952232837677,1.0,0,0,0,0.0,0.0,0.0,0.0,0.0,True,0.0,0.0
1bc17837f2acd3553758609b2db42b1f307c8f72b2e1b576564d15ac13ee1aa1,d06ab027b9ebf145f5ebd0a17b91ee3cb60808e1ff5dddbec5938b9aab8ae638,validation,finance,simple_w_condition,static,expanded_retrieval_multi_endpoint,expanded,True,/finance/get_ticker_by_name|/finance/get_company_name,2,2,2,0.05908310413360596,2.0,0,0,0,0.0,0.0,0.0,0.0,0.0,True,0.0,0.0
1bc17837f2acd3553758609b2db42b1f307c8f72b2e1b576564d15ac13ee1aa1,d06ab027b9ebf145f5ebd0a17b91ee3cb60808e1ff5dddbec5938b9aab8ae638,validation,finance,simple_w_condition,static,adaptive_routing_on_insufficient_evidence,adaptive,True,/finance/get_ticker_by_name|/finance/get_company_name,2,2,2,0.06295833736658096,2.0,0,0,0,0.0,0.0,0.0,0.0,0.0,True,0.0,0.0
1bc17837f2acd3553758609b2db42b1f307c8f72b2e1b576564d15ac13ee1aa1,d06ab027b9ebf145f5ebd0a17b91ee3cb60808e1ff5dddbec5938b9aab8ae638,validation,finance,simple_w_condition,static,measured_cost_minimizer_at_quality_floor,measured,True,/finance/get_ticker_by_name,1,1,1,0.033750198781490326,1.0,0,0,0,0.0,0.0,0.0,0.0,0.0,True,0.0,0.0
1bc17837f2acd3553758609b2db42b1f307c8f72b2e1b576564d15ac13ee1aa1,d06ab027b9ebf145f5ebd0a17b91ee3cb60808e1ff5dddbec5938b9aab8ae638,validation,finance,simple_w_condition,static,measured_latency_minimizer_at_quality_floor,measured,True,/finance/get_ticker_by_name,1,1,1,0.032125040888786316,1.0,0,0,0,0.0,0.0,0.0,0.0,0.0,True,0.0,0.0
1bc17837f2acd3553758609b2db42b1f307c8f72b2e1b576564d15ac13ee1aa1,d06ab027b9ebf145f5ebd0a17b91ee3cb60808e1ff5dddbec5938b9aab8ae638,validation,finance,simple_w_condition,static,quality_only_best_on_validation,quality,True,/finance/get_ticker_by_name|/finance/get_company_name,2,2,2,0.05766749382019043,2.0,0,0,0,0.0,0.0,0.0,0.0,0.0,True,0.0,0.0
1bc17837f2acd3553758609b2db42b1f307c8f72b2e1b576564d15ac13ee1aa1,d06ab027b9ebf145f5ebd0a17b91ee3cb60808e1ff5dddbec5938b9aab8ae638,validation,finance,simple_w_condition,static,constrained_quality_optimizer,constrained,True,/finance/get_ticker_by_name|/finance/get_company_name,2,2,2,0.059332698583602905,2.0,0,0,0,0.0,0.0,0.0,0.0,0.0,True,0.0,0.0
1bc17837f2acd3553758609b2db42b1f307c8f72b2e1b576564d15ac13ee1aa1,d06ab027b9ebf145f5ebd0a17b91ee3cb60808e1ff5dddbec5938b9aab8ae638,validation,finance,simple_w_condition,static,pareto_frontier_selector,pareto,True,/finance/get_ticker_by_name|/finance/get_company_name,2,2,2,0.06304122507572174,2.0,0,0,0,0.0,0.0,0.0,0.0,0.0,True,0.0,0.0
1bc17837f2acd3553758609b2db42b1f307c8f72b2e1b576564d15ac13ee1aa1,d06ab027b9ebf145f5ebd0a17b91ee3cb60808e1ff5dddbec5938b9aab8ae638,validation,finance,simple_w_condition,static,governed_selection,governed,True,/finance/get_ticker_by_name|/finance/get_company_name,2,2,2,0.0672927126288414,2.0,0,0,0,0.0,0.0,0.0,0.0,0.0,True,0.0,0.0
1bc17837f2acd3553758609b2db42b1f307c8f72b2e1b576564d15ac13ee1aa1,d06ab027b9ebf145f5ebd0a17b91ee3cb60808e1ff5dddbec5938b9aab8ae638,validation,finance,simple_w_condition,static,static_default_policy,static,True,/finance/get_ticker_by_name,1,1,1,0.028959475457668304,1.0,0,0,0,0.0,0.0,0.0,0.0,0.0,True,0.0,0.0
1bc17837f2acd3553758609b2db42b1f307c8f72b2e1b576564d15ac13ee1aa1,d06ab027b9ebf145f5ebd0a17b91ee3cb60808e1ff5dddbec5938b9aab8ae638,validation,finance,simple_w_condition,static,rag_compass_optional,rag,True,/finance/get_company_name|/finance/get_ticker_by_name,2,2,2,0.05845818668603897,2.0,0,0,0,0.0,0.0,0.0,0.0,0.0,True,0.0,0.0
e6cac084f498786e92651d6d71e0c69bad7914d43479f645f2d0cda48aaca5fd,96c1ac0acf6ef0ec9c23f7855b667bf17b1760fb35766e49ca48975e43cd6e4f,calibration,finance,simple_w_condition,static,low_retrieval_single_endpoint,low,True,/finance/get_ticker_by_name,1,1,1,0.036708079278469086,1.0,0,0,0,0.0,0.0,0.0,0.0,0.0,True,0.0,0.0
e6cac084f498786e92651d6d71e0c69bad7914d43479f645f2d0cda48aaca5fd,96c1ac0acf6ef0ec9c23f7855b667bf17b1760fb35766e49ca48975e43cd6e4f,calibration,finance,simple_w_condition,static,expanded_retrieval_multi_endpoint,expanded,True,/finance/get_ticker_by_name|/finance/get_company_name,2,2,2,0.05712732672691345,2.0,0,0,0,0.0,0.0,0.0,0.0,0.0,True,0.0,0.0
e6cac084f498786e92651d6d71e0c69bad7914d43479f645f2d0cda48aaca5fd,96c1ac0acf6ef0ec9c23f7855b667bf17b1760fb35766e49ca48975e43cd6e4f,calibration,finance,simple_w_condition,static,adaptive_routing_on_insufficient_evidence,adaptive,True,/finance/get_ticker_by_name|/finance/get_company_name,2,2,2,0.06404239684343338,2.0,0,0,0,0.0,0.0,0.0,0.0,0.0,True,0.0,0.0
e6cac084f498786e92651d6d71e0c69bad7914d43479f645f2d0cda48aaca5fd,96c1ac0acf6ef0ec9c23f7855b667bf17b1760fb35766e49ca48975e43cd6e4f,calibration,finance,simple_w_condition,static,measured_cost_minimizer_at_quality_floor,measured,True,/finance/get_ticker_by_name,1,1,1,0.03362540155649185,1.0,0,0,0,0.0,0.0,0.0,0.0,0.0,True,0.0,0.0
e6cac084f498786e92651d6d71e0c69bad7914d43479f645f2d0cda48aaca5fd,96c1ac0acf6ef0ec9c23f7855b667bf17b1760fb35766e49ca48975e43cd6e4f,calibration,finance,simple_w_condition,static,measured_latency_minimizer_at_quality_floor,measured,True,/finance/get_ticker_by_name,1,1,1,0.028625130653381348,1.0,0,0,0,0.0,0.0,0.0,0.0,0.0,True,0.0,0.0
e6cac084f498786e92651d6d71e0c69bad7914d43479f645f2d0cda48aaca5fd,96c1ac0acf6ef0ec9c23f7855b667bf17b1760fb35766e49ca48975e43cd6e4f,calibration,finance,simple_w_condition,static,quality_only_best_on_validation,quality,True,/finance/get_ticker_by_name|/finance/get_company_name,2,2,2,0.05850009620189667,2.0,0,0,0,0.0,0.0,0.0,0.0,0.0,True,0.0,0.0
e6cac084f498786e92651d6d71e0c69bad7914d43479f645f2d0cda48aaca5fd,96c1ac0acf6ef0ec9c23f7855b667bf17b1760fb35766e49ca48975e43cd6e4f,calibration,finance,simple_w_condition,static,constrained_quality_optimizer,constrained,True,/finance/get_ticker_by_name|/finance/get_company_name,2,2,2,0.06470922380685806,2.0,0,0,0,0.0,0.0,0.0,0.0,0.0,True,0.0,0.0
e6cac084f498786e92651d6d71e0c69bad7914d43479f645f2d0cda48aaca5fd,96c1ac0acf6ef0ec9c23f7855b667bf17b1760fb35766e49ca48975e43cd6e4f,calibration,finance,simple_w_condition,static,pareto_frontier_selector,pareto,True,/finance/get_ticker_by_name|/finance/get_company_name,2,2,2,0.0637490302324295,2.0,0,0,0,0.0,0.0,0.0,0.0,0.0,True,0.0,0.0
e6cac084f498786e92651d6d71e0c69bad7914d43479f645f2d0cda48aaca5fd,96c1ac0acf6ef0ec9c23f7855b667bf17b1760fb35766e49ca48975e43cd6e4f,calibration,finance,simple_w_condition,static,governed_selection,governed,True,/finance/get_ticker_by_name|/finance/get_company_name,2,2,2,0.058290548622608185,2.0,0,0,0,0.0,0.0,0.0,0.0,0.0,True,0.0,0.0
e6cac084f498786e92651d6d71e0c69bad7914d43479f645f2d0cda48aaca5fd,96c1ac0acf6ef0ec9c23f7855b667bf17b1760fb35766e49ca48975e43cd6e4f,calibration,finance,simple_w_condition,static,static_default_policy,static,True,/finance/get_ticker_by_name,1,1,1,0.033375807106494904,1.0,0,0,0,0.0,0.0,0.0,0.0,0.0,True,0.0,0.0
e6cac084f498786e92651d6d71e0c69bad7914d43479f645f2d0cda48aaca5fd,96c1ac0acf6ef0ec9c23f7855b667bf17b1760fb35766e49ca48975e43cd6e4f,calibration,finance,simple_w_condition,static,rag_compass_optional,rag,True,/finance/get_company_name|/finance/get_ticker_by_name,2,2,2,0.061209313571453094,2.0,0,0,0,0.0,0.0,0.0,0.0,0.0,True,0.0,0.0
709eac90c883eeccac794fa9589a351642933b552f40b8826fd1ac82d1520595,079ef7c514248960e537ed580ff475837bb9ce6fd3e2792c1a8653f1a2afba51,validation,sports,simple_w_condition,static,low_retrieval_single_endpoint,low,True,/sports/nba/get_games_on_date,1,1,1,0.036207959055900574,1.0,0,0,0,0.0,0.0,0.0,0.0,0.0,True,0.0,0.0
709eac90c883eeccac794fa9589a351642933b552f40b8826fd1ac82d1520595,079ef7c514248960e537ed580ff475837bb9ce6fd3e2792c1a8653f1a2afba51,validation,sports,simple_w_condition,static,expanded_retrieval_multi_endpoint,expanded,True,/sports/nba/get_games_on_date|/sports/soccer/get_games_on_date,2,2,2,0.06124936044216156,2.0,0,0,0,0.0,0.0,0.0,0.0,0.0,True,0.0,0.0
709eac90c883eeccac794fa9589a351642933b552f40b8826fd1ac82d1520595,079ef7c514248960e537ed580ff475837bb9ce6fd3e2792c1a8653f1a2afba51,validation,sports,simple_w_condition,static,adaptive_routing_on_insufficient_evidence,adaptive,True,/sports/nba/get_games_on_date|/sports/soccer/get_games_on_date,2,2,2,0.06479211151599884,2.0,0,0,0,0.0,0.0,0.0,0.0,0.0,True,0.0,0.0
709eac90c883eeccac794fa9589a351642933b552f40b8826fd1ac82d1520595,079ef7c514248960e537ed580ff475837bb9ce6fd3e2792c1a8653f1a2afba51,validation,sports,simple_w_condition,static,measured_cost_minimizer_at_quality_floor,measured,True,/sports/nba/get_games_on_date,1,1,1,0.03412459045648575,1.0,0,0,0,0.0,0.0,0.0,0.0,0.0,True,0.0,0.0
709eac90c883eeccac794fa9589a351642933b552f40b8826fd1ac82d1520595,079ef7c514248960e537ed580ff475837bb9ce6fd3e2792c1a8653f1a2afba51,validation,sports,simple_w_condition,static,measured_latency_minimizer_at_quality_floor,measured,True,/sports/nba/get_games_on_date,1,1,1,0.03133341670036316,1.0,0,0,0,0.0,0.0,0.0,0.0,0.0,True,0.0,0.0
709eac90c883eeccac794fa9589a351642933b552f40b8826fd1ac82d1520595,079ef7c514248960e537ed580ff475837bb9ce6fd3e2792c1a8653f1a2afba51,validation,sports,simple_w_condition,static,quality_only_best_on_validation,quality,True,/sports/nba/get_games_on_date|/sports/soccer/get_games_on_date,2,2,2,0.06625056266784668,2.0,0,0,0,0.0,0.0,0.0,0.0,0.0,True,0.0,0.0
709eac90c883eeccac794fa9589a351642933b552f40b8826fd1ac82d1520595,079ef7c514248960e537ed580ff475837bb9ce6fd3e2792c1a8653f1a2afba51,validation,sports,simple_w_condition,static,constrained_quality_optimizer,constrained,True,/sports/nba/get_games_on_date|/sports/soccer/get_games_on_date,2,2,2,0.060374848544597626,2.0,0,0,0,0.0,0.0,0.0,0.0,0.0,True,0.0,0.0
709eac90c883eeccac794fa9589a351642933b552f40b8826fd1ac82d1520595,079ef7c514248960e537ed580ff475837bb9ce6fd3e2792c1a8653f1a2afba51,validation,sports,simple_w_condition,static,pareto_frontier_selector,pareto,True,/sports/nba/get_games_on_date|/sports/soccer/get_games_on_date,2,2,2,0.06470829248428345,2.0,0,0,0,0.0,0.0,0.0,0.0,0.0,True,0.0,0.0
709eac90c883eeccac794fa9589a351642933b552f40b8826fd1ac82d1520595,079ef7c514248960e537ed580ff475837bb9ce6fd3e2792c1a8653f1a2afba51,validation,sports,simple_w_condition,static,governed_selection,governed,True,/sports/nba/get_games_on_date|/sports/soccer/get_games_on_date,2,2,2,0.05895830690860748,2.0,0,0,0,0.0,0.0,0.0,0.0,0.0,True,0.0,0.0
709eac90c883eeccac794fa9589a351642933b552f40b8826fd1ac82d1520595,079ef7c514248960e537ed580ff475837bb9ce6fd3e2792c1a8653f1a2afba51,validation,sports,simple_w_condition,static,static_default_policy,static,True,/sports/nba/get_games_on_date,1,1,1,0.03425031900405884,1.0,0,0,0,0.0,0.0,0.0,0.0,0.0,True,0.0,0.0
709eac90c883eeccac794fa9589a351642933b552f40b8826fd1ac82d1520595,079ef7c514248960e537ed580ff475837bb9ce6fd3e2792c1a8653f1a2afba51,validation,sports,simple_w_condition,static,rag_compass_optional,rag,True,/sports/soccer/get_games_on_date|/sports/nba/get_games_on_date,2,2,2,0.056498683989048004,2.0,0,0,0,0.0,0.0,0.0,0.0,0.0,True,0.0,0.0
ebe1ed8bb096f22a0a8caabebffe2df54cdd39d67c8d97e2599b51db6993ce75,240402fcdcb240ce12298eeda45ebad8c4f1c5aacdbe974796484265c3711ed7,validation,open,simple_w_condition,slow-changing,low_retrieval_single_endpoint,low,True,/open/search_entity_by_name,1,1,1,0.03658328205347061,1.0,0,0,0,0.0,0.0,0.0,0.0,0.0,True,0.0,0.0
ebe1ed8bb096f22a0a8caabebffe2df54cdd39d67c8d97e2599b51db6993ce75,240402fcdcb240ce12298eeda45ebad8c4f1c5aacdbe974796484265c3711ed7,validation,open,simple_w_condition,slow-changing,expanded_retrieval_multi_endpoint,expanded,True,/open/search_entity_by_name|/open/get_entity,2,2,2,0.05758367478847504,2.0,0,0,0,0.0,0.0,0.0,0.0,0.0,True,0.0,0.0
ebe1ed8bb096f22a0a8caabebffe2df54cdd39d67c8d97e2599b51db6993ce75,240402fcdcb240ce12298eeda45ebad8c4f1c5aacdbe974796484265c3711ed7,validation,open,simple_w_condition,slow-changing,adaptive_routing_on_insufficient_evidence,adaptive,True,/open/search_entity_by_name|/open/get_entity,2,2,2,0.05920790135860443,2.0,0,0,0,0.0,0.0,0.0,0.0,0.0,True,0.0,0.0
ebe1ed8bb096f22a0a8caabebffe2df54cdd39d67c8d97e2599b51db6993ce75,240402fcdcb240ce12298eeda45ebad8c4f1c5aacdbe974796484265c3711ed7,validation,open,simple_w_condition,slow-changing,measured_cost_minimizer_at_quality_floor,measured,True,/open/search_entity_by_name,1,1,1,0.03466568887233734,1.0,0,0,0,0.0,0.0,0.0,0.0,0.0,True,0.0,0.0
ebe1ed8bb096f22a0a8caabebffe2df54cdd39d67c8d97e2599b51db6993ce75,240402fcdcb240ce12298eeda45ebad8c4f1c5aacdbe974796484265c3711ed7,validation,open,simple_w_condition,slow-changing,measured_latency_minimizer_at_quality_floor,measured,True,/open/search_entity_by_name,1,1,1,0.029124319553375244,1.0,0,0,0,0.0,0.0,0.0,0.0,0.0,True,0.0,0.0
ebe1ed8bb096f22a0a8caabebffe2df54cdd39d67c8d97e2599b51db6993ce75,240402fcdcb240ce12298eeda45ebad8c4f1c5aacdbe974796484265c3711ed7,validation,open,simple_w_condition,slow-changing,quality_only_best_on_validation,quality,True,/open/search_entity_by_name|/open/get_entity,2,2,2,0.05833245813846588,2.0,0,0,0,0.0,0.0,0.0,0.0,0.0,True,0.0,0.0
ebe1ed8bb096f22a0a8caabebffe2df54cdd39d67c8d97e2599b51db6993ce75,240402fcdcb240ce12298eeda45ebad8c4f1c5aacdbe974796484265c3711ed7,validation,open,simple_w_condition,slow-changing,constrained_quality_optimizer,constrained,True,/open/search_entity_by_name|/open/get_entity,2,2,2,0.05745887756347656,2.0,0,0,0,0.0,0.0,0.0,0.0,0.0,True,0.0,0.0
ebe1ed8bb096f22a0a8caabebffe2df54cdd39d67c8d97e2599b51db6993ce75,240402fcdcb240ce12298eeda45ebad8c4f1c5aacdbe974796484265c3711ed7,validation,open,simple_w_condition,slow-changing,pareto_frontier_selector,pareto,True,/open/search_entity_by_name|/open/get_entity,2,2,2,0.06541609764099121,2.0,0,0,0,0.0,0.0,0.0,0.0,0.0,True,0.0,0.0
ebe1ed8bb096f22a0a8caabebffe2df54cdd39d67c8d97e2599b51db6993ce75,240402fcdcb240ce12298eeda45ebad8c4f1c5aacdbe974796484265c3711ed7,validation,open,simple_w_condition,slow-changing,governed_selection,governed,True,/open/search_entity_by_name|/open/get_entity,2,2,2,0.056541524827480316,2.0,0,0,0,0.0,0.0,0.0,0.0,0.0,True,0.0,0.0
ebe1ed8bb096f22a0a8caabebffe2df54cdd39d67c8d97e2599b51db6993ce75,240402fcdcb240ce12298eeda45ebad8c4f1c5aacdbe974796484265c3711ed7,validation,open,simple_w_condition,slow-changing,static_default_policy,static,True,/open/search_entity_by_name,1,1,1,0.028667040169239044,1.0,0,0,0,0.0,0.0,0.0,0.0,0.0,True,0.0,0.0
ebe1ed8bb096f22a0a8caabebffe2df54cdd39d67c8d97e2599b51db6993ce75,240402fcdcb240ce12298eeda45ebad8c4f1c5aacdbe974796484265c3711ed7,validation,open,simple_w_condition,slow-changing,rag_compass_optional,rag,True,/open/get_entity|/open/search_entity_by_name,2,2,2,0.058166682720184326,2.0,0,0,0,0.0,0.0,0.0,0.0,0.0,True,0.0,0.0
69ccf1e16e8559ff602f62b8cd7c37375761680d70b0e6c6166e9cc8a3fde427,e11dc82defa9122a50574861161a676415ded1b0fcdc047fc7aa9208c6b720e9,calibration,movie,set,slow-changing,low_retrieval_single_endpoint,low,True,/movie/get_movie_info,1,1,1,0.029292888939380646,1.0,0,0,0,0.0,0.0,0.0,0.0,0.0,True,0.0,0.0
69ccf1e16e8559ff602f62b8cd7c37375761680d70b0e6c6166e9cc8a3fde427,e11dc82defa9122a50574861161a676415ded1b0fcdc047fc7aa9208c6b720e9,calibration,movie,set,slow-changing,expanded_retrieval_multi_endpoint,expanded,True,/movie/get_movie_info|/movie/get_person_info,2,2,2,0.06670784205198288,2.0,0,0,0,0.0,0.0,0.0,0.0,0.0,True,0.0,0.0
69ccf1e16e8559ff602f62b8cd7c37375761680d70b0e6c6166e9cc8a3fde427,e11dc82defa9122a50574861161a676415ded1b0fcdc047fc7aa9208c6b720e9,calibration,movie,set,slow-changing,adaptive_routing_on_insufficient_evidence,adaptive,True,/movie/get_movie_info|/movie/get_person_info,2,2,2,0.06412528455257416,2.0,0,0,0,0.0,0.0,0.0,0.0,0.0,True,0.0,0.0
69ccf1e16e8559ff602f62b8cd7c37375761680d70b0e6c6166e9cc8a3fde427,e11dc82defa9122a50574861161a676415ded1b0fcdc047fc7aa9208c6b720e9,calibration,movie,set,slow-changing,measured_cost_minimizer_at_quality_floor,measured,True,/movie/get_movie_info,1,1,1,0.03525055944919586,1.0,0,0,0,0.0,0.0,0.0,0.0,0.0,True,0.0,0.0
69ccf1e16e8559ff602f62b8cd7c37375761680d70b0e6c6166e9cc8a3fde427,e11dc82defa9122a50574861161a676415ded1b0fcdc047fc7aa9208c6b720e9,calibration,movie,set,slow-changing,measured_latency_minimizer_at_quality_floor,measured,True,/movie/get_movie_info,1,1,1,0.04066620022058487,1.0,0,0,0,0.0,0.0,0.0,0.0,0.0,True,0.0,0.0
69ccf1e16e8559ff602f62b8cd7c37375761680d70b0e6c6166e9cc8a3fde427,e11dc82defa9122a50574861161a676415ded1b0fcdc047fc7aa9208c6b720e9,calibration,movie,set,slow-changing,quality_only_best_on_validation,quality,True,/movie/get_movie_info|/movie/get_person_info,2,2,2,0.11316780000925064,2.0,0,0,0,0.0,0.0,0.0,0.0,0.0,True,0.0,0.0
69ccf1e16e8559ff602f62b8cd7c37375761680d70b0e6c6166e9cc8a3fde427,e11dc82defa9122a50574861161a676415ded1b0fcdc047fc7aa9208c6b720e9,calibration,movie,set,slow-changing,constrained_quality_optimizer,constrained,True,/movie/get_movie_info|/movie/get_person_info,2,2,2,0.24970714002847672,2.0,0,0,0,0.0,0.0,0.0,0.0,0.0,True,0.0,0.0
69ccf1e16e8559ff602f62b8cd7c37375761680d70b0e6c6166e9cc8a3fde427,e11dc82defa9122a50574861161a676415ded1b0fcdc047fc7aa9208c6b720e9,calibration,movie,set,slow-changing,pareto_frontier_selector,pareto,True,/movie/get_movie_info|/movie/get_person_info,2,2,2,0.09350106120109558,2.0,0,0,0,0.0,0.0,0.0,0.0,0.0,True,0.0,0.0
69ccf1e16e8559ff602f62b8cd7c37375761680d70b0e6c6166e9cc8a3fde427,e11dc82defa9122a50574861161a676415ded1b0fcdc047fc7aa9208c6b720e9,calibration,movie,set,slow-changing,governed_selection,governed,True,/movie/get_movie_info|/movie/get_person_info,2,2,2,0.08129235357046127,2.0,0,0,0,0.0,0.0,0.0,0.0,0.0,True,0.0,0.0
69ccf1e16e8559ff602f62b8cd7c37375761680d70b0e6c6166e9cc8a3fde427,e11dc82defa9122a50574861161a676415ded1b0fcdc047fc7aa9208c6b720e9,calibration,movie,set,slow-changing,static_default_policy,static,True,/movie/get_movie_info,1,1,1,0.03704242408275604,1.0,0,0,0,0.0,0.0,0.0,0.0,0.0,True,0.0,0.0
69ccf1e16e8559ff602f62b8cd7c37375761680d70b0e6c6166e9cc8a3fde427,e11dc82defa9122a50574861161a676415ded1b0fcdc047fc7aa9208c6b720e9,calibration,movie,set,slow-changing,rag_compass_optional,rag,True,/movie/get_person_info|/movie/get_movie_info,2,2,2,0.06604008376598358,2.0,0,0,0,0.0,0.0,0.0,0.0,0.0,True,0.0,0.0
530b1ef2fc6b303ab762216b7a44b33123fa534b09012ed3a425a0325fbc5234,582de4798f3079287bc1993ea380e7a7605a2aa4f6b0b8a471040c89190feec7,calibration,sports,simple_w_condition,static,low_retrieval_single_endpoint,low,True,/sports/nba/get_games_on_date,1,1,1,0.040708109736442566,1.0,0,0,0,0.0,0.0,0.0,0.0,0.0,True,0.0,0.0
530b1ef2fc6b303ab762216b7a44b33123fa534b09012ed3a425a0325fbc5234,582de4798f3079287bc1993ea380e7a7605a2aa4f6b0b8a471040c89190feec7,calibration,sports,simple_w_condition,static,expanded_retrieval_multi_endpoint,expanded,True,/sports/nba/get_games_on_date|/sports/soccer/get_games_on_date,2,2,2,0.07145758718252182,2.0,0,0,0,0.0,0.0,0.0,0.0,0.0,True,0.0,0.0
530b1ef2fc6b303ab762216b7a44b33123fa534b09012ed3a425a0325fbc5234,582de4798f3079287bc1993ea380e7a7605a2aa4f6b0b8a471040c89190feec7,calibration,sports,simple_w_condition,static,adaptive_routing_on_insufficient_evidence,adaptive,True,/sports/nba/get_games_on_date|/sports/soccer/get_games_on_date,2,2,2,0.0722082331776619,2.0,0,0,0,0.0,0.0,0.0,0.0,0.0,True,0.0,0.0
530b1ef2fc6b303ab762216b7a44b33123fa534b09012ed3a425a0325fbc5234,582de4798f3079287bc1993ea380e7a7605a2aa4f6b0b8a471040c89190feec7,calibration,sports,simple_w_condition,static,measured_cost_minimizer_at_quality_floor,measured,True,/sports/nba/get_games_on_date,1,1,1,0.03641657531261444,1.0,0,0,0,0.0,0.0,0.0,0.0,0.0,True,0.0,0.0
530b1ef2fc6b303ab762216b7a44b33123fa534b09012ed3a425a0325fbc5234,582de4798f3079287bc1993ea380e7a7605a2aa4f6b0b8a471040c89190feec7,calibration,sports,simple_w_condition,static,measured_latency_minimizer_at_quality_floor,measured,True,/sports/nba/get_games_on_date,1,1,1,0.03833230584859848,1.0,0,0,0,0.0,0.0,0.0,0.0,0.0,True,0.0,0.0
530b1ef2fc6b303ab762216b7a44b33123fa534b09012ed3a425a0325fbc5234,582de4798f3079287bc1993ea380e7a7605a2aa4f6b0b8a471040c89190feec7,calibration,sports,simple_w_condition,static,quality_only_best_on_validation,quality,True,/sports/nba/get_games_on_date|/sports/soccer/get_games_on_date,2,2,2,0.06854068487882614,2.0,0,0,0,0.0,0.0,0.0,0.0,0.0,True,0.0,0.0
530b1ef2fc6b303ab762216b7a44b33123fa534b09012ed3a425a0325fbc5234,582de4798f3079287bc1993ea380e7a7605a2aa4f6b0b8a471040c89190feec7,calibration,sports,simple_w_condition,static,constrained_quality_optimizer,constrained,True,/sports/nba/get_games_on_date|/sports/soccer/get_games_on_date,2,2,2,0.063333660364151,2.0,0,0,0,0.0,0.0,0.0,0.0,0.0,True,0.0,0.0
530b1ef2fc6b303ab762216b7a44b33123fa534b09012ed3a425a0325fbc5234,582de4798f3079287bc1993ea380e7a7605a2aa4f6b0b8a471040c89190feec7,calibration,sports,simple_w_condition,static,pareto_frontier_selector,pareto,True,/sports/nba/get_games_on_date|/sports/soccer/get_games_on_date,2,2,2,0.0672927126288414,2.0,0,0,0,0.0,0.0,0.0,0.0,0.0,True,0.0,0.0
530b1ef2fc6b303ab762216b7a44b33123fa534b09012ed3a425a0325fbc5234,582de4798f3079287bc1993ea380e7a7605a2aa4f6b0b8a471040c89190feec7,calibration,sports,simple_w_condition,static,governed_selection,governed,True,/sports/nba/get_games_on_date|/sports/soccer/get_games_on_date,2,2,2,0.06445776671171188,2.0,0,0,0,0.0,0.0,0.0,0.0,0.0,True,0.0,0.0
530b1ef2fc6b303ab762216b7a44b33123fa534b09012ed3a425a0325fbc5234,582de4798f3079287bc1993ea380e7a7605a2aa4f6b0b8a471040c89190feec7,calibration,sports,simple_w_condition,static,static_default_policy,static,True,/sports/nba/get_games_on_date,1,1,1,0.033457763493061066,1.0,0,0,0,0.0,0.0,0.0,0.0,0.0,True,0.0,0.0
530b1ef2fc6b303ab762216b7a44b33123fa534b09012ed3a425a0325fbc5234,582de4798f3079287bc1993ea380e7a7605a2aa4f6b0b8a471040c89190feec7,calibration,sports,simple_w_condition,static,rag_compass_optional,rag,True,/sports/soccer/get_games_on_date|/sports/nba/get_games_on_date,2,2,2,0.06787478923797607,2.0,0,0,0,0.0,0.0,0.0,0.0,0.0,True,0.0,0.0
1e48df6c66a1267d9b86f1e55561f5abb9a76a0b67fcc0ce205105105f12f310,3768d95de6304cb63149507719936f49cee5ebd350fbc10e127c8e880909d2c5,validation,music,simple_w_condition,fast-changing,low_retrieval_single_endpoint,low,True,/music/search_artist_entity_by_name,1,1,1,0.04120822995901108,1.0,0,0,0,0.0,0.0,0.0,0.0,0.0,True,0.0,0.0
1e48df6c66a1267d9b86f1e55561f5abb9a76a0b67fcc0ce205105105f12f310,3768d95de6304cb63149507719936f49cee5ebd350fbc10e127c8e880909d2c5,validation,music,simple_w_condition,fast-changing,expanded_retrieval_multi_endpoint,expanded,True,/music/search_artist_entity_by_name|/music/search_song_entity_by_name,2,2,2,0.07850024849176407,2.0,0,0,0,0.0,0.0,0.0,0.0,0.0,True,0.0,0.0
1e48df6c66a1267d9b86f1e55561f5abb9a76a0b67fcc0ce205105105f12f310,3768d95de6304cb63149507719936f49cee5ebd350fbc10e127c8e880909d2c5,validation,music,simple_w_condition,fast-changing,adaptive_routing_on_insufficient_evidence,adaptive,True,/music/search_artist_entity_by_name|/music/search_song_entity_by_name,2,2,2,0.06191711872816086,2.0,0,0,0,0.0,0.0,0.0,0.0,0.0,True,0.0,0.0
1e48df6c66a1267d9b86f1e55561f5abb9a76a0b67fcc0ce205105105f12f310,3768d95de6304cb63149507719936f49cee5ebd350fbc10e127c8e880909d2c5,validation,music,simple_w_condition,fast-changing,measured_cost_minimizer_at_quality_floor,measured,True,/music/search_artist_entity_by_name,1,1,1,0.03599934279918671,1.0,0,0,0,0.0,0.0,0.0,0.0,0.0,True,0.0,0.0
1e48df6c66a1267d9b86f1e55561f5abb9a76a0b67fcc0ce205105105f12f310,3768d95de6304cb63149507719936f49cee5ebd350fbc10e127c8e880909d2c5,validation,music,simple_w_condition,fast-changing,measured_latency_minimizer_at_quality_floor,measured,True,/music/search_artist_entity_by_name,1,1,1,0.032541342079639435,1.0,0,0,0,0.0,0.0,0.0,0.0,0.0,True,0.0,0.0
1e48df6c66a1267d9b86f1e55561f5abb9a76a0b67fcc0ce205105105f12f310,3768d95de6304cb63149507719936f49cee5ebd350fbc10e127c8e880909d2c5,validation,music,simple_w_condition,fast-changing,quality_only_best_on_validation,quality,True,/music/search_artist_entity_by_name|/music/search_song_entity_by_name,2,2,2,0.05904119461774826,2.0,0,0,0,0.0,0.0,0.0,0.0,0.0,True,0.0,0.0
1e48df6c66a1267d9b86f1e55561f5abb9a76a0b67fcc0ce205105105f12f310,3768d95de6304cb63149507719936f49cee5ebd350fbc10e127c8e880909d2c5,validation,music,simple_w_condition,fast-changing,constrained_quality_optimizer,constrained,True,/music/search_artist_entity_by_name|/music/search_song_entity_by_name,2,2,2,0.4715006798505783,2.0,0,0,0,0.0,0.0,0.0,0.0,0.0,True,0.0,0.0
1e48df6c66a1267d9b86f1e55561f5abb9a76a0b67fcc0ce205105105f12f310,3768d95de6304cb63149507719936f49cee5ebd350fbc10e127c8e880909d2c5,validation,music,simple_w_condition,fast-changing,pareto_frontier_selector,pareto,True,/music/search_artist_entity_by_name|/music/search_song_entity_by_name,2,2,2,0.10695774108171463,2.0,0,0,0,0.0,0.0,0.0,0.0,0.0,True,0.0,0.0
1e48df6c66a1267d9b86f1e55561f5abb9a76a0b67fcc0ce205105105f12f310,3768d95de6304cb63149507719936f49cee5ebd350fbc10e127c8e880909d2c5,validation,music,simple_w_condition,fast-changing,governed_selection,governed,True,/music/search_artist_entity_by_name|/music/search_song_entity_by_name,2,2,2,0.08679088205099106,2.0,0,0,0,0.0,0.0,0.0,0.0,0.0,True,0.0,0.0
1e48df6c66a1267d9b86f1e55561f5abb9a76a0b67fcc0ce205105105f12f310,3768d95de6304cb63149507719936f49cee5ebd350fbc10e127c8e880909d2c5,validation,music,simple_w_condition,fast-changing,static_default_policy,static,True,/music/search_artist_entity_by_name,1,1,1,0.04424992948770523,1.0,0,0,0,0.0,0.0,0.0,0.0,0.0,True,0.0,0.0
1e48df6c66a1267d9b86f1e55561f5abb9a76a0b67fcc0ce205105105f12f310,3768d95de6304cb63149507719936f49cee5ebd350fbc10e127c8e880909d2c5,validation,music,simple_w_condition,fast-changing,rag_compass_optional,rag,True,/music/search_song_entity_by_name|/music/search_artist_entity_by_name,2,2,2,0.06708316504955292,2.0,0,0,0,0.0,0.0,0.0,0.0,0.0,True,0.0,0.0
969e7f08bb0d8c7280584c7d97e636541d272b7a9132897733a9481c000d336a,b764257ccd70eedfa727e9d2b06423f08ca4d260a5f32f57f0f0405e0d11f7c4,calibration,music,comparison,slow-changing,low_retrieval_single_endpoint,low,True,/music/search_artist_entity_by_name,1,1,1,0.039208680391311646,1.0,0,0,0,0.0,0.0,0.0,0.0,0.0,True,0.0,0.0
969e7f08bb0d8c7280584c7d97e636541d272b7a9132897733a9481c000d336a,b764257ccd70eedfa727e9d2b06423f08ca4d260a5f32f57f0f0405e0d11f7c4,calibration,music,comparison,slow-changing,expanded_retrieval_multi_endpoint,expanded,True,/music/search_artist_entity_by_name|/music/search_song_entity_by_name,2,2,2,0.060374848544597626,2.0,0,0,0,0.0,0.0,0.0,0.0,0.0,True,0.0,0.0
969e7f08bb0d8c7280584c7d97e636541d272b7a9132897733a9481c000d336a,b764257ccd70eedfa727e9d2b06423f08ca4d260a5f32f57f0f0405e0d11f7c4,calibration,music,comparison,slow-changing,adaptive_routing_on_insufficient_evidence,adaptive,True,/music/search_artist_entity_by_name|/music/search_song_entity_by_name,2,2,2,0.06766617298126221,2.0,0,0,0,0.0,0.0,0.0,0.0,0.0,True,0.0,0.0
969e7f08bb0d8c7280584c7d97e636541d272b7a9132897733a9481c000d336a,b764257ccd70eedfa727e9d2b06423f08ca4d260a5f32f57f0f0405e0d11f7c4,calibration,music,comparison,slow-changing,measured_cost_minimizer_at_quality_floor,measured,True,/music/search_artist_entity_by_name,1,1,1,0.03941729664802551,1.0,0,0,0,0.0,0.0,0.0,0.0,0.0,True,0.0,0.0
969e7f08bb0d8c7280584c7d97e636541d272b7a9132897733a9481c000d336a,b764257ccd70eedfa727e9d2b06423f08ca4d260a5f32f57f0f0405e0d11f7c4,calibration,music,comparison,slow-changing,measured_latency_minimizer_at_quality_floor,measured,True,/music/search_artist_entity_by_name,1,1,1,0.0349581241607666,1.0,0,0,0,0.0,0.0,0.0,0.0,0.0,True,0.0,0.0
969e7f08bb0d8c7280584c7d97e636541d272b7a9132897733a9481c000d336a,b764257ccd70eedfa727e9d2b06423f08ca4d260a5f32f57f0f0405e0d11f7c4,calibration,music,comparison,slow-changing,quality_only_best_on_validation,quality,True,/music/search_artist_entity_by_name|/music/search_song_entity_by_name,2,2,2,0.0649159774184227,2.0,0,0,0,0.0,0.0,0.0,0.0,0.0,True,0.0,0.0
969e7f08bb0d8c7280584c7d97e636541d272b7a9132897733a9481c000d336a,b764257ccd70eedfa727e9d2b06423f08ca4d260a5f32f57f0f0405e0d11f7c4,calibration,music,comparison,slow-changing,constrained_quality_optimizer,constrained,True,/music/search_artist_entity_by_name|/music/search_song_entity_by_name,2,2,2,0.06837490946054459,2.0,0,0,0,0.0,0.0,0.0,0.0,0.0,True,0.0,0.0
969e7f08bb0d8c7280584c7d97e636541d272b7a9132897733a9481c000d336a,b764257ccd70eedfa727e9d2b06423f08ca4d260a5f32f57f0f0405e0d11f7c4,calibration,music,comparison,slow-changing,pareto_frontier_selector,pareto,True,/music/search_artist_entity_by_name|/music/search_song_entity_by_name,2,2,2,0.0711251050233841,2.0,0,0,0,0.0,0.0,0.0,0.0,0.0,True,0.0,0.0
969e7f08bb0d8c7280584c7d97e636541d272b7a9132897733a9481c000d336a,b764257ccd70eedfa727e9d2b06423f08ca4d260a5f32f57f0f0405e0d11f7c4,calibration,music,comparison,slow-changing,governed_selection,governed,True,/music/search_artist_entity_by_name|/music/search_song_entity_by_name,2,2,2,0.060791149735450745,2.0,0,0,0,0.0,0.0,0.0,0.0,0.0,True,0.0,0.0
969e7f08bb0d8c7280584c7d97e636541d272b7a9132897733a9481c000d336a,b764257ccd70eedfa727e9d2b06423f08ca4d260a5f32f57f0f0405e0d11f7c4,calibration,music,comparison,slow-changing,static_default_policy,static,True,/music/search_artist_entity_by_name,1,1,1,0.0349581241607666,1.0,0,0,0,0.0,0.0,0.0,0.0,0.0,True,0.0,0.0
969e7f08bb0d8c7280584c7d97e636541d272b7a9132897733a9481c000d336a,b764257ccd70eedfa727e9d2b06423f08ca4d260a5f32f57f0f0405e0d11f7c4,calibration,music,comparison,slow-changing,rag_compass_optional,rag,True,/music/search_song_entity_by_name|/music/search_artist_entity_by_name,2,2,2,0.07074885070323944,2.0,0,0,0,0.0,0.0,0.0,0.0,0.0,True,0.0,0.0
0df7c9fcf19061b2f5bb9771a61e42fbb2cfea2efffdb06121a69a4c623e52c0,96d65a69589a72ca11351092bc512762ecab44404bd5e1196d3e2ac718c9069f,calibration,music,aggregation,slow-changing,low_retrieval_single_endpoint,low,True,/music/search_artist_entity_by_name,1,1,1,0.037999823689460754,1.0,0,0,0,0.0,0.0,0.0,0.0,0.0,True,0.0,0.0
0df7c9fcf19061b2f5bb9771a61e42fbb2cfea2efffdb06121a69a4c623e52c0,96d65a69589a72ca11351092bc512762ecab44404bd5e1196d3e2ac718c9069f,calibration,music,aggregation,slow-changing,expanded_retrieval_multi_endpoint,expanded,True,/music/search_artist_entity_by_name|/music/search_song_entity_by_name,2,2,2,0.06366800516843796,2.0,0,0,0,0.0,0.0,0.0,0.0,0.0,True,0.0,0.0
0df7c9fcf19061b2f5bb9771a61e42fbb2cfea2efffdb06121a69a4c623e52c0,96d65a69589a72ca11351092bc512762ecab44404bd5e1196d3e2ac718c9069f,calibration,music,aggregation,slow-changing,adaptive_routing_on_insufficient_evidence,adaptive,True,/music/search_artist_entity_by_name|/music/search_song_entity_by_name,2,2,2,0.07212627679109573,2.0,0,0,0,0.0,0.0,0.0,0.0,0.0,True,0.0,0.0
0df7c9fcf19061b2f5bb9771a61e42fbb2cfea2efffdb06121a69a4c623e52c0,96d65a69589a72ca11351092bc512762ecab44404bd5e1196d3e2ac718c9069f,calibration,music,aggregation,slow-changing,measured_cost_minimizer_at_quality_floor,measured,True,/music/search_artist_entity_by_name,1,1,1,0.03350060433149338,1.0,0,0,0,0.0,0.0,0.0,0.0,0.0,True,0.0,0.0
0df7c9fcf19061b2f5bb9771a61e42fbb2cfea2efffdb06121a69a4c623e52c0,96d65a69589a72ca11351092bc512762ecab44404bd5e1196d3e2ac718c9069f,calibration,music,aggregation,slow-changing,measured_latency_minimizer_at_quality_floor,measured,True,/music/search_artist_entity_by_name,1,1,1,0.032125040888786316,1.0,0,0,0,0.0,0.0,0.0,0.0,0.0,True,0.0,0.0
0df7c9fcf19061b2f5bb9771a61e42fbb2cfea2efffdb06121a69a4c623e52c0,96d65a69589a72ca11351092bc512762ecab44404bd5e1196d3e2ac718c9069f,calibration,music,aggregation,slow-changing,quality_only_best_on_validation,quality,True,/music/search_artist_entity_by_name|/music/search_song_entity_by_name,2,2,2,0.06275065243244171,2.0,0,0,0,0.0,0.0,0.0,0.0,0.0,True,0.0,0.0
0df7c9fcf19061b2f5bb9771a61e42fbb2cfea2efffdb06121a69a4c623e52c0,96d65a69589a72ca11351092bc512762ecab44404bd5e1196d3e2ac718c9069f,calibration,music,aggregation,slow-changing,constrained_quality_optimizer,constrained,True,/music/search_artist_entity_by_name|/music/search_song_entity_by_name,2,2,2,0.11233240365982056,2.0,0,0,0,0.0,0.0,0.0,0.0,0.0,True,0.0,0.0
0df7c9fcf19061b2f5bb9771a61e42fbb2cfea2efffdb06121a69a4c623e52c0,96d65a69589a72ca11351092bc512762ecab44404bd5e1196d3e2ac718c9069f,calibration,music,aggregation,slow-changing,pareto_frontier_selector,pareto,True,/music/search_artist_entity_by_name|/music/search_song_entity_by_name,2,2,2,0.07370859384536743,2.0,0,0,0,0.0,0.0,0.0,0.0,0.0,True,0.0,0.0
0df7c9fcf19061b2f5bb9771a61e42fbb2cfea2efffdb06121a69a4c623e52c0,96d65a69589a72ca11351092bc512762ecab44404bd5e1196d3e2ac718c9069f,calibration,music,aggregation,slow-changing,governed_selection,governed,True,/music/search_artist_entity_by_name|/music/search_song_entity_by_name,2,2,2,0.07028970867395401,2.0,0,0,0,0.0,0.0,0.0,0.0,0.0,True,0.0,0.0
0df7c9fcf19061b2f5bb9771a61e42fbb2cfea2efffdb06121a69a4c623e52c0,96d65a69589a72ca11351092bc512762ecab44404bd5e1196d3e2ac718c9069f,calibration,music,aggregation,slow-changing,static_default_policy,static,True,/music/search_artist_entity_by_name,1,1,1,0.03370828926563263,1.0,0,0,0,0.0,0.0,0.0,0.0,0.0,True,0.0,0.0
0df7c9fcf19061b2f5bb9771a61e42fbb2cfea2efffdb06121a69a4c623e52c0,96d65a69589a72ca11351092bc512762ecab44404bd5e1196d3e2ac718c9069f,calibration,music,aggregation,slow-changing,rag_compass_optional,rag,True,/music/search_song_entity_by_name|/music/search_artist_entity_by_name,2,2,2,0.06941799074411392,2.0,0,0,0,0.0,0.0,0.0,0.0,0.0,True,0.0,0.0
476d05c7e7ec00b206d3f0366bdf7b48453ada9b58ffce075dd6ccdb0c4c957c,14c5cd688a6cdf5d1b6c20a775d2ff73a1f102bce27f290a10c0aaa14c10ac39,calibration,sports,post-processing,static,low_retrieval_single_endpoint,low,True,/sports/nba/get_games_on_date,1,1,1,0.03770831972360611,1.0,0,0,0,0.0,0.0,0.0,0.0,0.0,True,0.0,0.0
476d05c7e7ec00b206d3f0366bdf7b48453ada9b58ffce075dd6ccdb0c4c957c,14c5cd688a6cdf5d1b6c20a775d2ff73a1f102bce27f290a10c0aaa14c10ac39,calibration,sports,post-processing,static,expanded_retrieval_multi_endpoint,expanded,True,/sports/nba/get_games_on_date|/sports/soccer/get_games_on_date,2,2,2,0.07058307528495789,2.0,0,0,0,0.0,0.0,0.0,0.0,0.0,True,0.0,0.0
476d05c7e7ec00b206d3f0366bdf7b48453ada9b58ffce075dd6ccdb0c4c957c,14c5cd688a6cdf5d1b6c20a775d2ff73a1f102bce27f290a10c0aaa14c10ac39,calibration,sports,post-processing,static,adaptive_routing_on_insufficient_evidence,adaptive,True,/sports/nba/get_games_on_date|/sports/soccer/get_games_on_date,2,2,2,0.06733369082212448,2.0,0,0,0,0.0,0.0,0.0,0.0,0.0,True,0.0,0.0
476d05c7e7ec00b206d3f0366bdf7b48453ada9b58ffce075dd6ccdb0c4c957c,14c5cd688a6cdf5d1b6c20a775d2ff73a1f102bce27f290a10c0aaa14c10ac39,calibration,sports,post-processing,static,measured_cost_minimizer_at_quality_floor,measured,True,/sports/nba/get_games_on_date,1,1,1,0.030541792511940002,1.0,0,0,0,0.0,0.0,0.0,0.0,0.0,True,0.0,0.0
476d05c7e7ec00b206d3f0366bdf7b48453ada9b58ffce075dd6ccdb0c4c957c,14c5cd688a6cdf5d1b6c20a775d2ff73a1f102bce27f290a10c0aaa14c10ac39,calibration,sports,post-processing,static,measured_latency_minimizer_at_quality_floor,measured,True,/sports/nba/get_games_on_date,1,1,1,0.030416063964366913,1.0,0,0,0,0.0,0.0,0.0,0.0,0.0,True,0.0,0.0
476d05c7e7ec00b206d3f0366bdf7b48453ada9b58ffce075dd6ccdb0c4c957c,14c5cd688a6cdf5d1b6c20a775d2ff73a1f102bce27f290a10c0aaa14c10ac39,calibration,sports,post-processing,static,quality_only_best_on_validation,quality,True,/sports/nba/get_games_on_date|/sports/soccer/get_games_on_date,2,2,2,0.06158370524644852,2.0,0,0,0,0.0,0.0,0.0,0.0,0.0,True,0.0,0.0
476d05c7e7ec00b206d3f0366bdf7b48453ada9b58ffce075dd6ccdb0c4c957c,14c5cd688a6cdf5d1b6c20a775d2ff73a1f102bce27f290a10c0aaa14c10ac39,calibration,sports,post-processing,static,constrained_quality_optimizer,constrained,True,/sports/nba/get_games_on_date|/sports/soccer/get_games_on_date,2,2,2,0.06191618740558624,2.0,0,0,0,0.0,0.0,0.0,0.0,0.0,True,0.0,0.0
476d05c7e7ec00b206d3f0366bdf7b48453ada9b58ffce075dd6ccdb0c4c957c,14c5cd688a6cdf5d1b6c20a775d2ff73a1f102bce27f290a10c0aaa14c10ac39,calibration,sports,post-processing,static,pareto_frontier_selector,pareto,True,/sports/nba/get_games_on_date|/sports/soccer/get_games_on_date,2,2,2,0.063333660364151,2.0,0,0,0,0.0,0.0,0.0,0.0,0.0,True,0.0,0.0
476d05c7e7ec00b206d3f0366bdf7b48453ada9b58ffce075dd6ccdb0c4c957c,14c5cd688a6cdf5d1b6c20a775d2ff73a1f102bce27f290a10c0aaa14c10ac39,calibration,sports,post-processing,static,governed_selection,governed,True,/sports/nba/get_games_on_date|/sports/soccer/get_games_on_date,2,2,2,0.09541679173707962,2.0,0,0,0,0.0,0.0,0.0,0.0,0.0,True,0.0,0.0
476d05c7e7ec00b206d3f0366bdf7b48453ada9b58ffce075dd6ccdb0c4c957c,14c5cd688a6cdf5d1b6c20a775d2ff73a1f102bce27f290a10c0aaa14c10ac39,calibration,sports,post-processing,static,static_default_policy,static,True,/sports/nba/get_games_on_date,1,1,1,0.06287544965744019,1.0,0,0,0,0.0,0.0,0.0,0.0,0.0,True,0.0,0.0
476d05c7e7ec00b206d3f0366bdf7b48453ada9b58ffce075dd6ccdb0c4c957c,14c5cd688a6cdf5d1b6c20a775d2ff73a1f102bce27f290a10c0aaa14c10ac39,calibration,sports,post-processing,static,rag_compass_optional,rag,True,/sports/soccer/get_games_on_date|/sports/nba/get_games_on_date,2,2,2,0.08766632527112961,2.0,0,0,0,0.0,0.0,0.0,0.0,0.0,True,0.0,0.0
06accd6110a6dccd63733e157b0058dbf1510dd1121b960bdad9e7da4b1142c7,9f765630ddbb8f0fdfb687f09a7066e355962eb7f47e59d7ff92a85da6ee692c,validation,movie,set,static,low_retrieval_single_endpoint,low,True,/movie/get_movie_info,1,1,1,0.03662426024675369,1.0,0,0,0,0.0,0.0,0.0,0.0,0.0,True,0.0,0.0
06accd6110a6dccd63733e157b0058dbf1510dd1121b960bdad9e7da4b1142c7,9f765630ddbb8f0fdfb687f09a7066e355962eb7f47e59d7ff92a85da6ee692c,validation,movie,set,static,expanded_retrieval_multi_endpoint,expanded,True,/movie/get_movie_info|/movie/get_person_info,2,2,2,0.07066689431667328,2.0,0,0,0,0.0,0.0,0.0,0.0,0.0,True,0.0,0.0
06accd6110a6dccd63733e157b0058dbf1510dd1121b960bdad9e7da4b1142c7,9f765630ddbb8f0fdfb687f09a7066e355962eb7f47e59d7ff92a85da6ee692c,validation,movie,set,static,adaptive_routing_on_insufficient_evidence,adaptive,True,/movie/get_movie_info|/movie/get_person_info,2,2,2,0.0649159774184227,2.0,0,0,0,0.0,0.0,0.0,0.0,0.0,True,0.0,0.0
06accd6110a6dccd63733e157b0058dbf1510dd1121b960bdad9e7da4b1142c7,9f765630ddbb8f0fdfb687f09a7066e355962eb7f47e59d7ff92a85da6ee692c,validation,movie,set,static,measured_cost_minimizer_at_quality_floor,measured,True,/movie/get_movie_info,1,1,1,0.0327499583363533,1.0,0,0,0,0.0,0.0,0.0,0.0,0.0,True,0.0,0.0
06accd6110a6dccd63733e157b0058dbf1510dd1121b960bdad9e7da4b1142c7,9f765630ddbb8f0fdfb687f09a7066e355962eb7f47e59d7ff92a85da6ee692c,validation,movie,set,static,measured_latency_minimizer_at_quality_floor,measured,True,/movie/get_movie_info,1,1,1,0.032667070627212524,1.0,0,0,0,0.0,0.0,0.0,0.0,0.0,True,0.0,0.0
06accd6110a6dccd63733e157b0058dbf1510dd1121b960bdad9e7da4b1142c7,9f765630ddbb8f0fdfb687f09a7066e355962eb7f47e59d7ff92a85da6ee692c,validation,movie,set,static,quality_only_best_on_validation,quality,True,/movie/get_movie_info|/movie/get_person_info,2,2,2,0.060959719121456146,2.0,0,0,0,0.0,0.0,0.0,0.0,0.0,True,0.0,0.0
06accd6110a6dccd63733e157b0058dbf1510dd1121b960bdad9e7da4b1142c7,9f765630ddbb8f0fdfb687f09a7066e355962eb7f47e59d7ff92a85da6ee692c,validation,movie,set,static,constrained_quality_optimizer,constrained,True,/movie/get_movie_info|/movie/get_person_info,2,2,2,0.062623992562294,2.0,0,0,0,0.0,0.0,0.0,0.0,0.0,True,0.0,0.0
06accd6110a6dccd63733e157b0058dbf1510dd1121b960bdad9e7da4b1142c7,9f765630ddbb8f0fdfb687f09a7066e355962eb7f47e59d7ff92a85da6ee692c,validation,movie,set,static,pareto_frontier_selector,pareto,True,/movie/get_movie_info|/movie/get_person_info,2,2,2,0.059791840612888336,2.0,0,0,0,0.0,0.0,0.0,0.0,0.0,True,0.0,0.0
06accd6110a6dccd63733e157b0058dbf1510dd1121b960bdad9e7da4b1142c7,9f765630ddbb8f0fdfb687f09a7066e355962eb7f47e59d7ff92a85da6ee692c,validation,movie,set,static,governed_selection,governed,True,/movie/get_movie_info|/movie/get_person_info,2,2,2,0.06466731429100037,2.0,0,0,0,0.0,0.0,0.0,0.0,0.0,True,0.0,0.0
06accd6110a6dccd63733e157b0058dbf1510dd1121b960bdad9e7da4b1142c7,9f765630ddbb8f0fdfb687f09a7066e355962eb7f47e59d7ff92a85da6ee692c,validation,movie,set,static,static_default_policy,static,True,/movie/get_movie_info,1,1,1,0.03454089164733887,1.0,0,0,0,0.0,0.0,0.0,0.0,0.0,True,0.0,0.0
06accd6110a6dccd63733e157b0058dbf1510dd1121b960bdad9e7da4b1142c7,9f765630ddbb8f0fdfb687f09a7066e355962eb7f47e59d7ff92a85da6ee692c,validation,movie,set,static,rag_compass_optional,rag,True,/movie/get_person_info|/movie/get_movie_info,2,2,2,0.06104167550802231,2.0,0,0,0,0.0,0.0,0.0,0.0,0.0,True,0.0,0.0
aa6758a3943e758ebefbc0fe67eca80bd1b779540c9fdc42d070142a1e5b50d0,a20816f67d09c6538d5476f32185a3e6bccfead7b17ef0c75ff4bd51d69a673f,calibration,finance,comparison,fast-changing,low_retrieval_single_endpoint,low,True,/finance/get_ticker_by_name,1,1,1,0.03229174762964249,1.0,0,0,0,0.0,0.0,0.0,0.0,0.0,True,0.0,0.0
aa6758a3943e758ebefbc0fe67eca80bd1b779540c9fdc42d070142a1e5b50d0,a20816f67d09c6538d5476f32185a3e6bccfead7b17ef0c75ff4bd51d69a673f,calibration,finance,comparison,fast-changing,expanded_retrieval_multi_endpoint,expanded,True,/finance/get_ticker_by_name|/finance/get_company_name,2,2,2,0.060541555285453796,2.0,0,0,0,0.0,0.0,0.0,0.0,0.0,True,0.0,0.0
aa6758a3943e758ebefbc0fe67eca80bd1b779540c9fdc42d070142a1e5b50d0,a20816f67d09c6538d5476f32185a3e6bccfead7b17ef0c75ff4bd51d69a673f,calibration,finance,comparison,fast-changing,adaptive_routing_on_insufficient_evidence,adaptive,True,/finance/get_ticker_by_name|/finance/get_company_name,2,2,2,0.06216857582330704,2.0,0,0,0,0.0,0.0,0.0,0.0,0.0,True,0.0,0.0
aa6758a3943e758ebefbc0fe67eca80bd1b779540c9fdc42d070142a1e5b50d0,a20816f67d09c6538d5476f32185a3e6bccfead7b17ef0c75ff4bd51d69a673f,calibration,finance,comparison,fast-changing,measured_cost_minimizer_at_quality_floor,measured,True,/finance/get_ticker_by_name,1,1,1,0.030707567930221558,1.0,0,0,0,0.0,0.0,0.0,0.0,0.0,True,0.0,0.0
aa6758a3943e758ebefbc0fe67eca80bd1b779540c9fdc42d070142a1e5b50d0,a20816f67d09c6538d5476f32185a3e6bccfead7b17ef0c75ff4bd51d69a673f,calibration,finance,comparison,fast-changing,measured_latency_minimizer_at_quality_floor,measured,True,/finance/get_ticker_by_name,1,1,1,0.029499642550945282,1.0,0,0,0,0.0,0.0,0.0,0.0,0.0,True,0.0,0.0
aa6758a3943e758ebefbc0fe67eca80bd1b779540c9fdc42d070142a1e5b50d0,a20816f67d09c6538d5476f32185a3e6bccfead7b17ef0c75ff4bd51d69a673f,calibration,finance,comparison,fast-changing,quality_only_best_on_validation,quality,True,/finance/get_ticker_by_name|/finance/get_company_name,2,2,2,0.08479226380586624,2.0,0,0,0,0.0,0.0,0.0,0.0,0.0,True,0.0,0.0
aa6758a3943e758ebefbc0fe67eca80bd1b779540c9fdc42d070142a1e5b50d0,a20816f67d09c6538d5476f32185a3e6bccfead7b17ef0c75ff4bd51d69a673f,calibration,finance,comparison,fast-changing,constrained_quality_optimizer,constrained,True,/finance/get_ticker_by_name|/finance/get_company_name,2,2,2,0.09591691195964813,2.0,0,0,0,0.0,0.0,0.0,0.0,0.0,True,0.0,0.0
aa6758a3943e758ebefbc0fe67eca80bd1b779540c9fdc42d070142a1e5b50d0,a20816f67d09c6538d5476f32185a3e6bccfead7b17ef0c75ff4bd51d69a673f,calibration,finance,comparison,fast-changing,pareto_frontier_selector,pareto,True,/finance/get_ticker_by_name|/finance/get_company_name,2,2,2,0.09179208427667618,2.0,0,0,0,0.0,0.0,0.0,0.0,0.0,True,0.0,0.0
aa6758a3943e758ebefbc0fe67eca80bd1b779540c9fdc42d070142a1e5b50d0,a20816f67d09c6538d5476f32185a3e6bccfead7b17ef0c75ff4bd51d69a673f,calibration,finance,comparison,fast-changing,governed_selection,governed,True,/finance/get_ticker_by_name|/finance/get_company_name,2,2,2,0.14937669038772583,2.0,0,0,0,0.0,0.0,0.0,0.0,0.0,True,0.0,0.0
aa6758a3943e758ebefbc0fe67eca80bd1b779540c9fdc42d070142a1e5b50d0,a20816f67d09c6538d5476f32185a3e6bccfead7b17ef0c75ff4bd51d69a673f,calibration,finance,comparison,fast-changing,static_default_policy,static,True,/finance/get_ticker_by_name,1,1,1,0.07929187268018723,1.0,0,0,0,0.0,0.0,0.0,0.0,0.0,True,0.0,0.0
aa6758a3943e758ebefbc0fe67eca80bd1b779540c9fdc42d070142a1e5b50d0,a20816f67d09c6538d5476f32185a3e6bccfead7b17ef0c75ff4bd51d69a673f,calibration,finance,comparison,fast-changing,rag_compass_optional,rag,True,/finance/get_company_name|/finance/get_ticker_by_name,2,2,2,0.19512511789798737,2.0,0,0,0,0.0,0.0,0.0,0.0,0.0,True,0.0,0.0
e0b76427df5b20122506b934a4627b17cdfaa8974a24d54a9146ac1b940313a8,8a8ab238cf27e13fd9cbb4a6dfd41942feefb9a498a3db65758c0bca9609c479,calibration,open,false_premise,static,low_retrieval_single_endpoint,low,True,/open/search_entity_by_name,1,1,1,0.045583583414554596,1.0,0,0,0,0.0,0.0,0.0,0.0,0.0,True,0.0,0.0
e0b76427df5b20122506b934a4627b17cdfaa8974a24d54a9146ac1b940313a8,8a8ab238cf27e13fd9cbb4a6dfd41942feefb9a498a3db65758c0bca9609c479,calibration,open,false_premise,static,expanded_retrieval_multi_endpoint,expanded,True,/open/search_entity_by_name|/open/get_entity,2,2,2,0.07750093936920166,2.0,0,0,0,0.0,0.0,0.0,0.0,0.0,True,0.0,0.0
e0b76427df5b20122506b934a4627b17cdfaa8974a24d54a9146ac1b940313a8,8a8ab238cf27e13fd9cbb4a6dfd41942feefb9a498a3db65758c0bca9609c479,calibration,open,false_premise,static,adaptive_routing_on_insufficient_evidence,adaptive,True,/open/search_entity_by_name|/open/get_entity,2,2,2,0.0693323090672493,2.0,0,0,0,0.0,0.0,0.0,0.0,0.0,True,0.0,0.0
e0b76427df5b20122506b934a4627b17cdfaa8974a24d54a9146ac1b940313a8,8a8ab238cf27e13fd9cbb4a6dfd41942feefb9a498a3db65758c0bca9609c479,calibration,open,false_premise,static,measured_cost_minimizer_at_quality_floor,measured,True,/open/search_entity_by_name,1,1,1,0.049416907131671906,1.0,0,0,0,0.0,0.0,0.0,0.0,0.0,True,0.0,0.0
e0b76427df5b20122506b934a4627b17cdfaa8974a24d54a9146ac1b940313a8,8a8ab238cf27e13fd9cbb4a6dfd41942feefb9a498a3db65758c0bca9609c479,calibration,open,false_premise,static,measured_latency_minimizer_at_quality_floor,measured,True,/open/search_entity_by_name,1,1,1,0.041250139474868774,1.0,0,0,0,0.0,0.0,0.0,0.0,0.0,True,0.0,0.0
e0b76427df5b20122506b934a4627b17cdfaa8974a24d54a9146ac1b940313a8,8a8ab238cf27e13fd9cbb4a6dfd41942feefb9a498a3db65758c0bca9609c479,calibration,open,false_premise,static,quality_only_best_on_validation,quality,True,/open/search_entity_by_name|/open/get_entity,2,2,2,0.06996002048254013,2.0,0,0,0,0.0,0.0,0.0,0.0,0.0,True,0.0,0.0
e0b76427df5b20122506b934a4627b17cdfaa8974a24d54a9146ac1b940313a8,8a8ab238cf27e13fd9cbb4a6dfd41942feefb9a498a3db65758c0bca9609c479,calibration,open,false_premise,static,constrained_quality_optimizer,constrained,True,/open/search_entity_by_name|/open/get_entity,2,2,2,0.07575098425149918,2.0,0,0,0,0.0,0.0,0.0,0.0,0.0,True,0.0,0.0
e0b76427df5b20122506b934a4627b17cdfaa8974a24d54a9146ac1b940313a8,8a8ab238cf27e13fd9cbb4a6dfd41942feefb9a498a3db65758c0bca9609c479,calibration,open,false_premise,static,pareto_frontier_selector,pareto,True,/open/search_entity_by_name|/open/get_entity,2,2,2,0.07620919495820999,2.0,0,0,0,0.0,0.0,0.0,0.0,0.0,True,0.0,0.0
e0b76427df5b20122506b934a4627b17cdfaa8974a24d54a9146ac1b940313a8,8a8ab238cf27e13fd9cbb4a6dfd41942feefb9a498a3db65758c0bca9609c479,calibration,open,false_premise,static,governed_selection,governed,True,/open/search_entity_by_name|/open/get_entity,2,2,2,0.06837490946054459,2.0,0,0,0,0.0,0.0,0.0,0.0,0.0,True,0.0,0.0
e0b76427df5b20122506b934a4627b17cdfaa8974a24d54a9146ac1b940313a8,8a8ab238cf27e13fd9cbb4a6dfd41942feefb9a498a3db65758c0bca9609c479,calibration,open,false_premise,static,static_default_policy,static,True,/open/search_entity_by_name,1,1,1,0.031041912734508514,1.0,0,0,0,0.0,0.0,0.0,0.0,0.0,True,0.0,0.0
e0b76427df5b20122506b934a4627b17cdfaa8974a24d54a9146ac1b940313a8,8a8ab238cf27e13fd9cbb4a6dfd41942feefb9a498a3db65758c0bca9609c479,calibration,open,false_premise,static,rag_compass_optional,rag,True,/open/get_entity|/open/search_entity_by_name,2,2,2,0.06179045885801315,2.0,0,0,0,0.0,0.0,0.0,0.0,0.0,True,0.0,0.0
62acc49ff87d40942e1d34b105268bd50976bbbfbc1fe90cf378560322bcc28b,6faeb34b51e052d233e80fa88a8dd076cbabab632badc63b8cb31e550ecde22e,confirmatory_test,movie,simple,static,low_retrieval_single_endpoint,low,True,/movie/get_movie_info,1,1,1,0.033250078558921814,1.0,0,0,0,0.0,0.0,0.0,0.0,0.0,True,0.0,0.0
62acc49ff87d40942e1d34b105268bd50976bbbfbc1fe90cf378560322bcc28b,6faeb34b51e052d233e80fa88a8dd076cbabab632badc63b8cb31e550ecde22e,confirmatory_test,movie,simple,static,expanded_retrieval_multi_endpoint,expanded,True,/movie/get_movie_info|/movie/get_person_info,2,2,2,0.06041675806045532,2.0,0,0,0,0.0,0.0,0.0,0.0,0.0,True,0.0,0.0
62acc49ff87d40942e1d34b105268bd50976bbbfbc1fe90cf378560322bcc28b,6faeb34b51e052d233e80fa88a8dd076cbabab632badc63b8cb31e550ecde22e,confirmatory_test,movie,simple,static,adaptive_routing_on_insufficient_evidence,adaptive,True,/movie/get_movie_info|/movie/get_person_info,2,2,2,0.06191711872816086,2.0,0,0,0,0.0,0.0,0.0,0.0,0.0,True,0.0,0.0
62acc49ff87d40942e1d34b105268bd50976bbbfbc1fe90cf378560322bcc28b,6faeb34b51e052d233e80fa88a8dd076cbabab632badc63b8cb31e550ecde22e,confirmatory_test,movie,simple,static,measured_cost_minimizer_at_quality_floor,measured,True,/movie/get_movie_info,1,1,1,0.031208619475364685,1.0,0,0,0,0.0,0.0,0.0,0.0,0.0,True,0.0,0.0
62acc49ff87d40942e1d34b105268bd50976bbbfbc1fe90cf378560322bcc28b,6faeb34b51e052d233e80fa88a8dd076cbabab632badc63b8cb31e550ecde22e,confirmatory_test,movie,simple,static,measured_latency_minimizer_at_quality_floor,measured,True,/movie/get_movie_info,1,1,1,0.029916875064373016,1.0,0,0,0,0.0,0.0,0.0,0.0,0.0,True,0.0,0.0
62acc49ff87d40942e1d34b105268bd50976bbbfbc1fe90cf378560322bcc28b,6faeb34b51e052d233e80fa88a8dd076cbabab632badc63b8cb31e550ecde22e,confirmatory_test,movie,simple,static,quality_only_best_on_validation,quality,True,/movie/get_movie_info|/movie/get_person_info,2,2,2,0.062292441725730896,2.0,0,0,0,0.0,0.0,0.0,0.0,0.0,True,0.0,0.0
62acc49ff87d40942e1d34b105268bd50976bbbfbc1fe90cf378560322bcc28b,6faeb34b51e052d233e80fa88a8dd076cbabab632badc63b8cb31e550ecde22e,confirmatory_test,movie,simple,static,constrained_quality_optimizer,constrained,True,/movie/get_movie_info|/movie/get_person_info,2,2,2,0.05995854735374451,2.0,0,0,0,0.0,0.0,0.0,0.0,0.0,True,0.0,0.0
62acc49ff87d40942e1d34b105268bd50976bbbfbc1fe90cf378560322bcc28b,6faeb34b51e052d233e80fa88a8dd076cbabab632badc63b8cb31e550ecde22e,confirmatory_test,movie,simple,static,pareto_frontier_selector,pareto,True,/movie/get_movie_info|/movie/get_person_info,2,2,2,0.06475113332271576,2.0,0,0,0,0.0,0.0,0.0,0.0,0.0,True,0.0,0.0
62acc49ff87d40942e1d34b105268bd50976bbbfbc1fe90cf378560322bcc28b,6faeb34b51e052d233e80fa88a8dd076cbabab632badc63b8cb31e550ecde22e,confirmatory_test,movie,simple,static,governed_selection,governed,True,/movie/get_movie_info|/movie/get_person_info,2,2,2,0.057083554565906525,2.0,0,0,0,0.0,0.0,0.0,0.0,0.0,True,0.0,0.0
62acc49ff87d40942e1d34b105268bd50976bbbfbc1fe90cf378560322bcc28b,6faeb34b51e052d233e80fa88a8dd076cbabab632badc63b8cb31e550ecde22e,confirmatory_test,movie,simple,static,static_default_policy,static,True,/movie/get_movie_info,1,1,1,0.02929195761680603,1.0,0,0,0,0.0,0.0,0.0,0.0,0.0,True,0.0,0.0
62acc49ff87d40942e1d34b105268bd50976bbbfbc1fe90cf378560322bcc28b,6faeb34b51e052d233e80fa88a8dd076cbabab632badc63b8cb31e550ecde22e,confirmatory_test,movie,simple,static,rag_compass_optional,rag,True,/movie/get_person_info|/movie/get_movie_info,2,2,2,0.05925074219703674,2.0,0,0,0,0.0,0.0,0.0,0.0,0.0,True,0.0,0.0
36fb4f9be7dc4e145b611c44036c8f21c0b2a06059bb132ff0ff1c213ce1c886,9c840c8472d7755810ce898649f45c4e50ecc8c60c8728216c269f22eefe175e,confirmatory_test,sports,simple,static,low_retrieval_single_endpoint,low,True,/sports/nba/get_games_on_date,1,1,1,0.03633275628089905,1.0,0,0,0,0.0,0.0,0.0,0.0,0.0,True,0.0,0.0
36fb4f9be7dc4e145b611c44036c8f21c0b2a06059bb132ff0ff1c213ce1c886,9c840c8472d7755810ce898649f45c4e50ecc8c60c8728216c269f22eefe175e,confirmatory_test,sports,simple,static,expanded_retrieval_multi_endpoint,expanded,True,/sports/nba/get_games_on_date|/sports/soccer/get_games_on_date,2,2,2,0.05979090929031372,2.0,0,0,0,0.0,0.0,0.0,0.0,0.0,True,0.0,0.0
36fb4f9be7dc4e145b611c44036c8f21c0b2a06059bb132ff0ff1c213ce1c886,9c840c8472d7755810ce898649f45c4e50ecc8c60c8728216c269f22eefe175e,confirmatory_test,sports,simple,static,adaptive_routing_on_insufficient_evidence,adaptive,True,/sports/nba/get_games_on_date|/sports/soccer/get_games_on_date,2,2,2,0.08758250623941422,2.0,0,0,0,0.0,0.0,0.0,0.0,0.0,True,0.0,0.0
36fb4f9be7dc4e145b611c44036c8f21c0b2a06059bb132ff0ff1c213ce1c886,9c840c8472d7755810ce898649f45c4e50ecc8c60c8728216c269f22eefe175e,confirmatory_test,sports,simple,static,measured_cost_minimizer_at_quality_floor,measured,True,/sports/nba/get_games_on_date,1,1,1,0.057542696595191956,1.0,0,0,0,0.0,0.0,0.0,0.0,0.0,True,0.0,0.0
36fb4f9be7dc4e145b611c44036c8f21c0b2a06059bb132ff0ff1c213ce1c886,9c840c8472d7755810ce898649f45c4e50ecc8c60c8728216c269f22eefe175e,confirmatory_test,sports,simple,static,measured_latency_minimizer_at_quality_floor,measured,True,/sports/nba/get_games_on_date,1,1,1,0.07841642946004868,1.0,0,0,0,0.0,0.0,0.0,0.0,0.0,True,0.0,0.0
36fb4f9be7dc4e145b611c44036c8f21c0b2a06059bb132ff0ff1c213ce1c886,9c840c8472d7755810ce898649f45c4e50ecc8c60c8728216c269f22eefe175e,confirmatory_test,sports,simple,static,quality_only_best_on_validation,quality,True,/sports/nba/get_games_on_date|/sports/soccer/get_games_on_date,2,2,2,0.12412667274475098,2.0,0,0,0,0.0,0.0,0.0,0.0,0.0,True,0.0,0.0
36fb4f9be7dc4e145b611c44036c8f21c0b2a06059bb132ff0ff1c213ce1c886,9c840c8472d7755810ce898649f45c4e50ecc8c60c8728216c269f22eefe175e,confirmatory_test,sports,simple,static,constrained_quality_optimizer,constrained,True,/sports/nba/get_games_on_date|/sports/soccer/get_games_on_date,2,2,2,0.13729277998209,2.0,0,0,0,0.0,0.0,0.0,0.0,0.0,True,0.0,0.0
36fb4f9be7dc4e145b611c44036c8f21c0b2a06059bb132ff0ff1c213ce1c886,9c840c8472d7755810ce898649f45c4e50ecc8c60c8728216c269f22eefe175e,confirmatory_test,sports,simple,static,pareto_frontier_selector,pareto,True,/sports/nba/get_games_on_date|/sports/soccer/get_games_on_date,2,2,2,0.10449998080730438,2.0,0,0,0,0.0,0.0,0.0,0.0,0.0,True,0.0,0.0
36fb4f9be7dc4e145b611c44036c8f21c0b2a06059bb132ff0ff1c213ce1c886,9c840c8472d7755810ce898649f45c4e50ecc8c60c8728216c269f22eefe175e,confirmatory_test,sports,simple,static,governed_selection,governed,True,/sports/nba/get_games_on_date|/sports/soccer/get_games_on_date,2,2,2,0.0677080824971199,2.0,0,0,0,0.0,0.0,0.0,0.0,0.0,True,0.0,0.0
36fb4f9be7dc4e145b611c44036c8f21c0b2a06059bb132ff0ff1c213ce1c886,9c840c8472d7755810ce898649f45c4e50ecc8c60c8728216c269f22eefe175e,confirmatory_test,sports,simple,static,static_default_policy,static,True,/sports/nba/get_games_on_date,1,1,1,0.038166530430316925,1.0,0,0,0,0.0,0.0,0.0,0.0,0.0,True,0.0,0.0
36fb4f9be7dc4e145b611c44036c8f21c0b2a06059bb132ff0ff1c213ce1c886,9c840c8472d7755810ce898649f45c4e50ecc8c60c8728216c269f22eefe175e,confirmatory_test,sports,simple,static,rag_compass_optional,rag,True,/sports/soccer/get_games_on_date|/sports/nba/get_games_on_date,2,2,2,0.07387436926364899,2.0,0,0,0,0.0,0.0,0.0,0.0,0.0,True,0.0,0.0
1c828c48b03044ea96c8926a9b28a42f633ab20bc675fe2ce6e97d0d09e14dd5,6e9c5d6b13e390fad02bc323bea47c9ee8eed3462960e3a3549dca995fd6a602,calibration,open,comparison,slow-changing,low_retrieval_single_endpoint,low,True,/open/search_entity_by_name,1,1,1,0.04754122346639633,1.0,0,0,0,0.0,0.0,0.0,0.0,0.0,True,0.0,0.0
1c828c48b03044ea96c8926a9b28a42f633ab20bc675fe2ce6e97d0d09e14dd5,6e9c5d6b13e390fad02bc323bea47c9ee8eed3462960e3a3549dca995fd6a602,calibration,open,comparison,slow-changing,expanded_retrieval_multi_endpoint,expanded,True,/open/search_entity_by_name|/open/get_entity,2,2,2,0.09949877858161926,2.0,0,0,0,0.0,0.0,0.0,0.0,0.0,True,0.0,0.0
1c828c48b03044ea96c8926a9b28a42f633ab20bc675fe2ce6e97d0d09e14dd5,6e9c5d6b13e390fad02bc323bea47c9ee8eed3462960e3a3549dca995fd6a602,calibration,open,comparison,slow-changing,adaptive_routing_on_insufficient_evidence,adaptive,True,/open/search_entity_by_name|/open/get_entity,2,2,2,0.13312511146068573,2.0,0,0,0,0.0,0.0,0.0,0.0,0.0,True,0.0,0.0
1c828c48b03044ea96c8926a9b28a42f633ab20bc675fe2ce6e97d0d09e14dd5,6e9c5d6b13e390fad02bc323bea47c9ee8eed3462960e3a3549dca995fd6a602,calibration,open,comparison,slow-changing,measured_cost_minimizer_at_quality_floor,measured,True,/open/search_entity_by_name,1,1,1,0.07374957203865051,1.0,0,0,0,0.0,0.0,0.0,0.0,0.0,True,0.0,0.0
1c828c48b03044ea96c8926a9b28a42f633ab20bc675fe2ce6e97d0d09e14dd5,6e9c5d6b13e390fad02bc323bea47c9ee8eed3462960e3a3549dca995fd6a602,calibration,open,comparison,slow-changing,measured_latency_minimizer_at_quality_floor,measured,True,/open/search_entity_by_name,1,1,1,0.035249628126621246,1.0,0,0,0,0.0,0.0,0.0,0.0,0.0,True,0.0,0.0
1c828c48b03044ea96c8926a9b28a42f633ab20bc675fe2ce6e97d0d09e14dd5,6e9c5d6b13e390fad02bc323bea47c9ee8eed3462960e3a3549dca995fd6a602,calibration,open,comparison,slow-changing,quality_only_best_on_validation,quality,True,/open/search_entity_by_name|/open/get_entity,2,2,2,0.12970902025699615,2.0,0,0,0,0.0,0.0,0.0,0.0,0.0,True,0.0,0.0
1c828c48b03044ea96c8926a9b28a42f633ab20bc675fe2ce6e97d0d09e14dd5,6e9c5d6b13e390fad02bc323bea47c9ee8eed3462960e3a3549dca995fd6a602,calibration,open,comparison,slow-changing,constrained_quality_optimizer,constrained,True,/open/search_entity_by_name|/open/get_entity,2,2,2,0.11245999485254288,2.0,0,0,0,0.0,0.0,0.0,0.0,0.0,True,0.0,0.0
1c828c48b03044ea96c8926a9b28a42f633ab20bc675fe2ce6e97d0d09e14dd5,6e9c5d6b13e390fad02bc323bea47c9ee8eed3462960e3a3549dca995fd6a602,calibration,open,comparison,slow-changing,pareto_frontier_selector,pareto,True,/open/search_entity_by_name|/open/get_entity,2,2,2,0.14275126159191132,2.0,0,0,0,0.0,0.0,0.0,0.0,0.0,True,0.0,0.0
1c828c48b03044ea96c8926a9b28a42f633ab20bc675fe2ce6e97d0d09e14dd5,6e9c5d6b13e390fad02bc323bea47c9ee8eed3462960e3a3549dca995fd6a602,calibration,open,comparison,slow-changing,governed_selection,governed,True,/open/search_entity_by_name|/open/get_entity,2,2,2,0.10333303362131119,2.0,0,0,0,0.0,0.0,0.0,0.0,0.0,True,0.0,0.0
1c828c48b03044ea96c8926a9b28a42f633ab20bc675fe2ce6e97d0d09e14dd5,6e9c5d6b13e390fad02bc323bea47c9ee8eed3462960e3a3549dca995fd6a602,calibration,open,comparison,slow-changing,static_default_policy,static,True,/open/search_entity_by_name,1,1,1,0.06420910358428955,1.0,0,0,0,0.0,0.0,0.0,0.0,0.0,True,0.0,0.0
1c828c48b03044ea96c8926a9b28a42f633ab20bc675fe2ce6e97d0d09e14dd5,6e9c5d6b13e390fad02bc323bea47c9ee8eed3462960e3a3549dca995fd6a602,calibration,open,comparison,slow-changing,rag_compass_optional,rag,True,/open/get_entity|/open/search_entity_by_name,2,2,2,0.3009578213095665,2.0,0,0,0,0.0,0.0,0.0,0.0,0.0,True,0.0,0.0
fec8294213a3b02defa806566f2ffb5eb8c8ad09c0678456ea7b7fa32f0b83a6,cc7a38130d9d7a3ba6dd8283f4ad9aada5e5b63017373d3b06e66633b0e8a0d6,calibration,movie,simple,static,low_retrieval_single_endpoint,low,True,/movie/get_movie_info,1,1,1,0.04179216921329498,1.0,0,0,0,0.0,0.0,0.0,0.0,0.0,True,0.0,0.0
fec8294213a3b02defa806566f2ffb5eb8c8ad09c0678456ea7b7fa32f0b83a6,cc7a38130d9d7a3ba6dd8283f4ad9aada5e5b63017373d3b06e66633b0e8a0d6,calibration,movie,simple,static,expanded_retrieval_multi_endpoint,expanded,True,/movie/get_movie_info|/movie/get_person_info,2,2,2,0.07649976760149002,2.0,0,0,0,0.0,0.0,0.0,0.0,0.0,True,0.0,0.0
fec8294213a3b02defa806566f2ffb5eb8c8ad09c0678456ea7b7fa32f0b83a6,cc7a38130d9d7a3ba6dd8283f4ad9aada5e5b63017373d3b06e66633b0e8a0d6,calibration,movie,simple,static,adaptive_routing_on_insufficient_evidence,adaptive,True,/movie/get_movie_info|/movie/get_person_info,2,2,2,0.06320886313915253,2.0,0,0,0,0.0,0.0,0.0,0.0,0.0,True,0.0,0.0
fec8294213a3b02defa806566f2ffb5eb8c8ad09c0678456ea7b7fa32f0b83a6,cc7a38130d9d7a3ba6dd8283f4ad9aada5e5b63017373d3b06e66633b0e8a0d6,calibration,movie,simple,static,measured_cost_minimizer_at_quality_floor,measured,True,/movie/get_movie_info,1,1,1,0.036417506635189056,1.0,0,0,0,0.0,0.0,0.0,0.0,0.0,True,0.0,0.0
fec8294213a3b02defa806566f2ffb5eb8c8ad09c0678456ea7b7fa32f0b83a6,cc7a38130d9d7a3ba6dd8283f4ad9aada5e5b63017373d3b06e66633b0e8a0d6,calibration,movie,simple,static,measured_latency_minimizer_at_quality_floor,measured,True,/movie/get_movie_info,1,1,1,0.03275088965892792,1.0,0,0,0,0.0,0.0,0.0,0.0,0.0,True,0.0,0.0
fec8294213a3b02defa806566f2ffb5eb8c8ad09c0678456ea7b7fa32f0b83a6,cc7a38130d9d7a3ba6dd8283f4ad9aada5e5b63017373d3b06e66633b0e8a0d6,calibration,movie,simple,static,quality_only_best_on_validation,quality,True,/movie/get_movie_info|/movie/get_person_info,2,2,2,0.06633531302213669,2.0,0,0,0,0.0,0.0,0.0,0.0,0.0,True,0.0,0.0
fec8294213a3b02defa806566f2ffb5eb8c8ad09c0678456ea7b7fa32f0b83a6,cc7a38130d9d7a3ba6dd8283f4ad9aada5e5b63017373d3b06e66633b0e8a0d6,calibration,movie,simple,static,constrained_quality_optimizer,constrained,True,/movie/get_movie_info|/movie/get_person_info,2,2,2,0.06412528455257416,2.0,0,0,0,0.0,0.0,0.0,0.0,0.0,True,0.0,0.0
fec8294213a3b02defa806566f2ffb5eb8c8ad09c0678456ea7b7fa32f0b83a6,cc7a38130d9d7a3ba6dd8283f4ad9aada5e5b63017373d3b06e66633b0e8a0d6,calibration,movie,simple,static,pareto_frontier_selector,pareto,True,/movie/get_movie_info|/movie/get_person_info,2,2,2,0.05795806646347046,2.0,0,0,0,0.0,0.0,0.0,0.0,0.0,True,0.0,0.0
fec8294213a3b02defa806566f2ffb5eb8c8ad09c0678456ea7b7fa32f0b83a6,cc7a38130d9d7a3ba6dd8283f4ad9aada5e5b63017373d3b06e66633b0e8a0d6,calibration,movie,simple,static,governed_selection,governed,True,/movie/get_movie_info|/movie/get_person_info,2,2,2,0.06070826202630997,2.0,0,0,0,0.0,0.0,0.0,0.0,0.0,True,0.0,0.0
fec8294213a3b02defa806566f2ffb5eb8c8ad09c0678456ea7b7fa32f0b83a6,cc7a38130d9d7a3ba6dd8283f4ad9aada5e5b63017373d3b06e66633b0e8a0d6,calibration,movie,simple,static,static_default_policy,static,True,/movie/get_movie_info,1,1,1,0.0294586643576622,1.0,0,0,0,0.0,0.0,0.0,0.0,0.0,True,0.0,0.0
fec8294213a3b02defa806566f2ffb5eb8c8ad09c0678456ea7b7fa32f0b83a6,cc7a38130d9d7a3ba6dd8283f4ad9aada5e5b63017373d3b06e66633b0e8a0d6,calibration,movie,simple,static,rag_compass_optional,rag,True,/movie/get_person_info|/movie/get_movie_info,2,2,2,0.05637388676404953,2.0,0,0,0,0.0,0.0,0.0,0.0,0.0,True,0.0,0.0
3238c2ad60d86a0b5d10c6ed74dfb4c19230564a9b38ba5d9399d3a88c488db2,5292d75c0fc4bab22cb62b510fd1b53312a1fbe52cd80f2fd8851dd9b6c603c1,validation,open,multi-hop,static,low_retrieval_single_endpoint,low,True,/open/search_entity_by_name,1,1,1,0.03595743328332901,1.0,0,0,0,0.0,0.0,0.0,0.0,0.0,True,0.0,0.0
3238c2ad60d86a0b5d10c6ed74dfb4c19230564a9b38ba5d9399d3a88c488db2,5292d75c0fc4bab22cb62b510fd1b53312a1fbe52cd80f2fd8851dd9b6c603c1,validation,open,multi-hop,static,expanded_retrieval_multi_endpoint,expanded,True,/open/search_entity_by_name|/open/get_entity,2,2,2,0.05983281880617142,2.0,0,0,0,0.0,0.0,0.0,0.0,0.0,True,0.0,0.0
3238c2ad60d86a0b5d10c6ed74dfb4c19230564a9b38ba5d9399d3a88c488db2,5292d75c0fc4bab22cb62b510fd1b53312a1fbe52cd80f2fd8851dd9b6c603c1,validation,open,multi-hop,static,adaptive_routing_on_insufficient_evidence,adaptive,True,/open/search_entity_by_name|/open/get_entity,2,2,2,0.08483231067657471,2.0,0,0,0,0.0,0.0,0.0,0.0,0.0,True,0.0,0.0
3238c2ad60d86a0b5d10c6ed74dfb4c19230564a9b38ba5d9399d3a88c488db2,5292d75c0fc4bab22cb62b510fd1b53312a1fbe52cd80f2fd8851dd9b6c603c1,validation,open,multi-hop,static,measured_cost_minimizer_at_quality_floor,measured,True,/open/search_entity_by_name,1,1,1,0.03445800393819809,1.0,0,0,0,0.0,0.0,0.0,0.0,0.0,True,0.0,0.0
3238c2ad60d86a0b5d10c6ed74dfb4c19230564a9b38ba5d9399d3a88c488db2,5292d75c0fc4bab22cb62b510fd1b53312a1fbe52cd80f2fd8851dd9b6c603c1,validation,open,multi-hop,static,measured_latency_minimizer_at_quality_floor,measured,True,/open/search_entity_by_name,1,1,1,0.041833147406578064,1.0,0,0,0,0.0,0.0,0.0,0.0,0.0,True,0.0,0.0
3238c2ad60d86a0b5d10c6ed74dfb4c19230564a9b38ba5d9399d3a88c488db2,5292d75c0fc4bab22cb62b510fd1b53312a1fbe52cd80f2fd8851dd9b6c603c1,validation,open,multi-hop,static,quality_only_best_on_validation,quality,True,/open/search_entity_by_name|/open/get_entity,2,2,2,0.07074978202581406,2.0,0,0,0,0.0,0.0,0.0,0.0,0.0,True,0.0,0.0
3238c2ad60d86a0b5d10c6ed74dfb4c19230564a9b38ba5d9399d3a88c488db2,5292d75c0fc4bab22cb62b510fd1b53312a1fbe52cd80f2fd8851dd9b6c603c1,validation,open,multi-hop,static,constrained_quality_optimizer,constrained,True,/open/search_entity_by_name|/open/get_entity,2,2,2,0.061207450926303864,2.0,0,0,0,0.0,0.0,0.0,0.0,0.0,True,0.0,0.0
3238c2ad60d86a0b5d10c6ed74dfb4c19230564a9b38ba5d9399d3a88c488db2,5292d75c0fc4bab22cb62b510fd1b53312a1fbe52cd80f2fd8851dd9b6c603c1,validation,open,multi-hop,static,pareto_frontier_selector,pareto,True,/open/search_entity_by_name|/open/get_entity,2,2,2,0.06587523967027664,2.0,0,0,0,0.0,0.0,0.0,0.0,0.0,True,0.0,0.0
3238c2ad60d86a0b5d10c6ed74dfb4c19230564a9b38ba5d9399d3a88c488db2,5292d75c0fc4bab22cb62b510fd1b53312a1fbe52cd80f2fd8851dd9b6c603c1,validation,open,multi-hop,static,governed_selection,governed,True,/open/search_entity_by_name|/open/get_entity,2,2,2,0.057499855756759644,2.0,0,0,0,0.0,0.0,0.0,0.0,0.0,True,0.0,0.0
3238c2ad60d86a0b5d10c6ed74dfb4c19230564a9b38ba5d9399d3a88c488db2,5292d75c0fc4bab22cb62b510fd1b53312a1fbe52cd80f2fd8851dd9b6c603c1,validation,open,multi-hop,static,static_default_policy,static,True,/open/search_entity_by_name,1,1,1,0.0310409814119339,1.0,0,0,0,0.0,0.0,0.0,0.0,0.0,True,0.0,0.0
3238c2ad60d86a0b5d10c6ed74dfb4c19230564a9b38ba5d9399d3a88c488db2,5292d75c0fc4bab22cb62b510fd1b53312a1fbe52cd80f2fd8851dd9b6c603c1,validation,open,multi-hop,static,rag_compass_optional,rag,True,/open/get_entity|/open/search_entity_by_name,2,2,2,0.05966611206531525,2.0,0,0,0,0.0,0.0,0.0,0.0,0.0,True,0.0,0.0
3440f7ce2d4920da038b707d2b708ab171b342c92caebc744a2d0faa5a53f944,5819444905580053fba5ca283adf0ba4a8e717e9fd60bbbf1fabb71018be7fb2,validation,sports,false_premise,fast-changing,low_retrieval_single_endpoint,low,True,/sports/nba/get_games_on_date,1,1,1,0.02958253026008606,1.0,0,0,0,0.0,0.0,0.0,0.0,0.0,True,0.0,0.0
3440f7ce2d4920da038b707d2b708ab171b342c92caebc744a2d0faa5a53f944,5819444905580053fba5ca283adf0ba4a8e717e9fd60bbbf1fabb71018be7fb2,validation,sports,false_premise,fast-changing,expanded_retrieval_multi_endpoint,expanded,True,/sports/nba/get_games_on_date|/sports/soccer/get_games_on_date,2,2,2,0.05862489342689514,2.0,0,0,0,0.0,0.0,0.0,0.0,0.0,True,0.0,0.0
3440f7ce2d4920da038b707d2b708ab171b342c92caebc744a2d0faa5a53f944,5819444905580053fba5ca283adf0ba4a8e717e9fd60bbbf1fabb71018be7fb2,validation,sports,false_premise,fast-changing,adaptive_routing_on_insufficient_evidence,adaptive,True,/sports/nba/get_games_on_date|/sports/soccer/get_games_on_date,2,2,2,0.05970802158117294,2.0,0,0,0,0.0,0.0,0.0,0.0,0.0,True,0.0,0.0
3440f7ce2d4920da038b707d2b708ab171b342c92caebc744a2d0faa5a53f944,5819444905580053fba5ca283adf0ba4a8e717e9fd60bbbf1fabb71018be7fb2,validation,sports,false_premise,fast-changing,measured_cost_minimizer_at_quality_floor,measured,True,/sports/nba/get_games_on_date,1,1,1,0.029750168323516846,1.0,0,0,0,0.0,0.0,0.0,0.0,0.0,True,0.0,0.0
3440f7ce2d4920da038b707d2b708ab171b342c92caebc744a2d0faa5a53f944,5819444905580053fba5ca283adf0ba4a8e717e9fd60bbbf1fabb71018be7fb2,validation,sports,false_premise,fast-changing,measured_latency_minimizer_at_quality_floor,measured,True,/sports/nba/get_games_on_date,1,1,1,0.030834227800369263,1.0,0,0,0,0.0,0.0,0.0,0.0,0.0,True,0.0,0.0
3440f7ce2d4920da038b707d2b708ab171b342c92caebc744a2d0faa5a53f944,5819444905580053fba5ca283adf0ba4a8e717e9fd60bbbf1fabb71018be7fb2,validation,sports,false_premise,fast-changing,quality_only_best_on_validation,quality,True,/sports/nba/get_games_on_date|/sports/soccer/get_games_on_date,2,2,2,0.05900021642446518,2.0,0,0,0,0.0,0.0,0.0,0.0,0.0,True,0.0,0.0
3440f7ce2d4920da038b707d2b708ab171b342c92caebc744a2d0faa5a53f944,5819444905580053fba5ca283adf0ba4a8e717e9fd60bbbf1fabb71018be7fb2,validation,sports,false_premise,fast-changing,constrained_quality_optimizer,constrained,True,/sports/nba/get_games_on_date|/sports/soccer/get_games_on_date,2,2,2,0.06133224815130234,2.0,0,0,0,0.0,0.0,0.0,0.0,0.0,True,0.0,0.0
3440f7ce2d4920da038b707d2b708ab171b342c92caebc744a2d0faa5a53f944,5819444905580053fba5ca283adf0ba4a8e717e9fd60bbbf1fabb71018be7fb2,validation,sports,false_premise,fast-changing,pareto_frontier_selector,pareto,True,/sports/nba/get_games_on_date|/sports/soccer/get_games_on_date,2,2,2,0.05783233791589737,2.0,0,0,0,0.0,0.0,0.0,0.0,0.0,True,0.0,0.0
3440f7ce2d4920da038b707d2b708ab171b342c92caebc744a2d0faa5a53f944,5819444905580053fba5ca283adf0ba4a8e717e9fd60bbbf1fabb71018be7fb2,validation,sports,false_premise,fast-changing,governed_selection,governed,True,/sports/nba/get_games_on_date|/sports/soccer/get_games_on_date,2,2,2,0.05995854735374451,2.0,0,0,0,0.0,0.0,0.0,0.0,0.0,True,0.0,0.0
3440f7ce2d4920da038b707d2b708ab171b342c92caebc744a2d0faa5a53f944,5819444905580053fba5ca283adf0ba4a8e717e9fd60bbbf1fabb71018be7fb2,validation,sports,false_premise,fast-changing,static_default_policy,static,True,/sports/nba/get_games_on_date,1,1,1,0.02879183739423752,1.0,0,0,0,0.0,0.0,0.0,0.0,0.0,True,0.0,0.0
3440f7ce2d4920da038b707d2b708ab171b342c92caebc744a2d0faa5a53f944,5819444905580053fba5ca283adf0ba4a8e717e9fd60bbbf1fabb71018be7fb2,validation,sports,false_premise,fast-changing,rag_compass_optional,rag,True,/sports/soccer/get_games_on_date|/sports/nba/get_games_on_date,2,2,2,0.05875062197446823,2.0,0,0,0,0.0,0.0,0.0,0.0,0.0,True,0.0,0.0
e5f48237283821584610860cd74f7c49f11c31a30313e1c59a86b1bf6f7c9672,933ecbe6189221c49fa8059ce1dc7de25ba6d18cb8be1d59af4a0b1f53a0cceb,confirmatory_test,finance,simple,real-time,low_retrieval_single_endpoint,low,True,/finance/get_ticker_by_name,1,1,1,0.046834349632263184,1.0,0,0,0,0.0,0.0,0.0,0.0,0.0,True,0.0,0.0
e5f48237283821584610860cd74f7c49f11c31a30313e1c59a86b1bf6f7c9672,933ecbe6189221c49fa8059ce1dc7de25ba6d18cb8be1d59af4a0b1f53a0cceb,confirmatory_test,finance,simple,real-time,expanded_retrieval_multi_endpoint,expanded,True,/finance/get_ticker_by_name|/finance/get_company_name,2,2,2,0.06679072976112366,2.0,0,0,0,0.0,0.0,0.0,0.0,0.0,True,0.0,0.0
e5f48237283821584610860cd74f7c49f11c31a30313e1c59a86b1bf6f7c9672,933ecbe6189221c49fa8059ce1dc7de25ba6d18cb8be1d59af4a0b1f53a0cceb,confirmatory_test,finance,simple,real-time,adaptive_routing_on_insufficient_evidence,adaptive,True,/finance/get_ticker_by_name|/finance/get_company_name,2,2,2,0.06679166108369827,2.0,0,0,0,0.0,0.0,0.0,0.0,0.0,True,0.0,0.0
e5f48237283821584610860cd74f7c49f11c31a30313e1c59a86b1bf6f7c9672,933ecbe6189221c49fa8059ce1dc7de25ba6d18cb8be1d59af4a0b1f53a0cceb,confirmatory_test,finance,simple,real-time,measured_cost_minimizer_at_quality_floor,measured,True,/finance/get_ticker_by_name,1,1,1,0.030875205993652344,1.0,0,0,0,0.0,0.0,0.0,0.0,0.0,True,0.0,0.0
e5f48237283821584610860cd74f7c49f11c31a30313e1c59a86b1bf6f7c9672,933ecbe6189221c49fa8059ce1dc7de25ba6d18cb8be1d59af4a0b1f53a0cceb,confirmatory_test,finance,simple,real-time,measured_latency_minimizer_at_quality_floor,measured,True,/finance/get_ticker_by_name,1,1,1,0.03770831972360611,1.0,0,0,0,0.0,0.0,0.0,0.0,0.0,True,0.0,0.0
e5f48237283821584610860cd74f7c49f11c31a30313e1c59a86b1bf6f7c9672,933ecbe6189221c49fa8059ce1dc7de25ba6d18cb8be1d59af4a0b1f53a0cceb,confirmatory_test,finance,simple,real-time,quality_only_best_on_validation,quality,True,/finance/get_ticker_by_name|/finance/get_company_name,2,2,2,0.06475020200014114,2.0,0,0,0,0.0,0.0,0.0,0.0,0.0,True,0.0,0.0
e5f48237283821584610860cd74f7c49f11c31a30313e1c59a86b1bf6f7c9672,933ecbe6189221c49fa8059ce1dc7de25ba6d18cb8be1d59af4a0b1f53a0cceb,confirmatory_test,finance,simple,real-time,constrained_quality_optimizer,constrained,True,/finance/get_ticker_by_name|/finance/get_company_name,2,2,2,0.05879160016775131,2.0,0,0,0,0.0,0.0,0.0,0.0,0.0,True,0.0,0.0
e5f48237283821584610860cd74f7c49f11c31a30313e1c59a86b1bf6f7c9672,933ecbe6189221c49fa8059ce1dc7de25ba6d18cb8be1d59af4a0b1f53a0cceb,confirmatory_test,finance,simple,real-time,pareto_frontier_selector,pareto,True,/finance/get_ticker_by_name|/finance/get_company_name,2,2,2,0.06045866757631302,2.0,0,0,0,0.0,0.0,0.0,0.0,0.0,True,0.0,0.0
e5f48237283821584610860cd74f7c49f11c31a30313e1c59a86b1bf6f7c9672,933ecbe6189221c49fa8059ce1dc7de25ba6d18cb8be1d59af4a0b1f53a0cceb,confirmatory_test,finance,simple,real-time,governed_selection,governed,True,/finance/get_ticker_by_name|/finance/get_company_name,2,2,2,0.05904305726289749,2.0,0,0,0,0.0,0.0,0.0,0.0,0.0,True,0.0,0.0
e5f48237283821584610860cd74f7c49f11c31a30313e1c59a86b1bf6f7c9672,933ecbe6189221c49fa8059ce1dc7de25ba6d18cb8be1d59af4a0b1f53a0cceb,confirmatory_test,finance,simple,real-time,static_default_policy,static,True,/finance/get_ticker_by_name,1,1,1,0.029666349291801453,1.0,0,0,0,0.0,0.0,0.0,0.0,0.0,True,0.0,0.0
e5f48237283821584610860cd74f7c49f11c31a30313e1c59a86b1bf6f7c9672,933ecbe6189221c49fa8059ce1dc7de25ba6d18cb8be1d59af4a0b1f53a0cceb,confirmatory_test,finance,simple,real-time,rag_compass_optional,rag,True,/finance/get_company_name|/finance/get_ticker_by_name,2,2,2,0.2932921051979065,2.0,0,0,0,0.0,0.0,0.0,0.0,0.0,True,0.0,0.0
87e9cb53c712259bf968a66d6cf1d52b1eeba25189f2f8c6ce7c3ad5d915e14c,d88fb988144b5422c6c327a85d9a0512709a0a2bc6b9cd5a8793f43d3947a7e2,confirmatory_test,finance,simple,fast-changing,low_retrieval_single_endpoint,low,True,/finance/get_ticker_by_name,1,1,1,0.06845779716968536,1.0,0,0,0,0.0,0.0,0.0,0.0,0.0,True,0.0,0.0
87e9cb53c712259bf968a66d6cf1d52b1eeba25189f2f8c6ce7c3ad5d915e14c,d88fb988144b5422c6c327a85d9a0512709a0a2bc6b9cd5a8793f43d3947a7e2,confirmatory_test,finance,simple,fast-changing,expanded_retrieval_multi_endpoint,expanded,True,/finance/get_ticker_by_name|/finance/get_company_name,2,2,2,0.14008395373821259,2.0,0,0,0,0.0,0.0,0.0,0.0,0.0,True,0.0,0.0
87e9cb53c712259bf968a66d6cf1d52b1eeba25189f2f8c6ce7c3ad5d915e14c,d88fb988144b5422c6c327a85d9a0512709a0a2bc6b9cd5a8793f43d3947a7e2,confirmatory_test,finance,simple,fast-changing,adaptive_routing_on_insufficient_evidence,adaptive,True,/finance/get_ticker_by_name|/finance/get_company_name,2,2,2,0.07633306086063385,2.0,0,0,0,0.0,0.0,0.0,0.0,0.0,True,0.0,0.0
87e9cb53c712259bf968a66d6cf1d52b1eeba25189f2f8c6ce7c3ad5d915e14c,d88fb988144b5422c6c327a85d9a0512709a0a2bc6b9cd5a8793f43d3947a7e2,confirmatory_test,finance,simple,fast-changing,measured_cost_minimizer_at_quality_floor,measured,True,/finance/get_ticker_by_name,1,1,1,0.0345008447766304,1.0,0,0,0,0.0,0.0,0.0,0.0,0.0,True,0.0,0.0
87e9cb53c712259bf968a66d6cf1d52b1eeba25189f2f8c6ce7c3ad5d915e14c,d88fb988144b5422c6c327a85d9a0512709a0a2bc6b9cd5a8793f43d3947a7e2,confirmatory_test,finance,simple,fast-changing,measured_latency_minimizer_at_quality_floor,measured,True,/finance/get_ticker_by_name,1,1,1,0.043917447328567505,1.0,0,0,0,0.0,0.0,0.0,0.0,0.0,True,0.0,0.0
87e9cb53c712259bf968a66d6cf1d52b1eeba25189f2f8c6ce7c3ad5d915e14c,d88fb988144b5422c6c327a85d9a0512709a0a2bc6b9cd5a8793f43d3947a7e2,confirmatory_test,finance,simple,fast-changing,quality_only_best_on_validation,quality,True,/finance/get_ticker_by_name|/finance/get_company_name,2,2,2,0.07387436926364899,2.0,0,0,0,0.0,0.0,0.0,0.0,0.0,True,0.0,0.0
87e9cb53c712259bf968a66d6cf1d52b1eeba25189f2f8c6ce7c3ad5d915e14c,d88fb988144b5422c6c327a85d9a0512709a0a2bc6b9cd5a8793f43d3947a7e2,confirmatory_test,finance,simple,fast-changing,constrained_quality_optimizer,constrained,True,/finance/get_ticker_by_name|/finance/get_company_name,2,2,2,0.08912570774555206,2.0,0,0,0,0.0,0.0,0.0,0.0,0.0,True,0.0,0.0
87e9cb53c712259bf968a66d6cf1d52b1eeba25189f2f8c6ce7c3ad5d915e14c,d88fb988144b5422c6c327a85d9a0512709a0a2bc6b9cd5a8793f43d3947a7e2,confirmatory_test,finance,simple,fast-changing,pareto_frontier_selector,pareto,True,/finance/get_ticker_by_name|/finance/get_company_name,2,2,2,0.0733332708477974,2.0,0,0,0,0.0,0.0,0.0,0.0,0.0,True,0.0,0.0
87e9cb53c712259bf968a66d6cf1d52b1eeba25189f2f8c6ce7c3ad5d915e14c,d88fb988144b5422c6c327a85d9a0512709a0a2bc6b9cd5a8793f43d3947a7e2,confirmatory_test,finance,simple,fast-changing,governed_selection,governed,True,/finance/get_ticker_by_name|/finance/get_company_name,2,2,2,0.07483270019292831,2.0,0,0,0,0.0,0.0,0.0,0.0,0.0,True,0.0,0.0
87e9cb53c712259bf968a66d6cf1d52b1eeba25189f2f8c6ce7c3ad5d915e14c,d88fb988144b5422c6c327a85d9a0512709a0a2bc6b9cd5a8793f43d3947a7e2,confirmatory_test,finance,simple,fast-changing,static_default_policy,static,True,/finance/get_ticker_by_name,1,1,1,0.03437511622905731,1.0,0,0,0,0.0,0.0,0.0,0.0,0.0,True,0.0,0.0
87e9cb53c712259bf968a66d6cf1d52b1eeba25189f2f8c6ce7c3ad5d915e14c,d88fb988144b5422c6c327a85d9a0512709a0a2bc6b9cd5a8793f43d3947a7e2,confirmatory_test,finance,simple,fast-changing,rag_compass_optional,rag,True,/finance/get_company_name|/finance/get_ticker_by_name,2,2,2,0.06479211151599884,2.0,0,0,0,0.0,0.0,0.0,0.0,0.0,True,0.0,0.0
e49e80d9a141a5457d90f90e99efd8e24cd4aefbcbe4f51dff7991edc551135f,dbf35d4e7e30a1e4edcfad2cd3038e0be45940939a42d51ad2c8988205f6d616,calibration,sports,simple,fast-changing,low_retrieval_single_endpoint,low,True,/sports/nba/get_games_on_date,1,1,1,0.034040771424770355,1.0,0,0,0,0.0,0.0,0.0,0.0,0.0,True,0.0,0.0
e49e80d9a141a5457d90f90e99efd8e24cd4aefbcbe4f51dff7991edc551135f,dbf35d4e7e30a1e4edcfad2cd3038e0be45940939a42d51ad2c8988205f6d616,calibration,sports,simple,fast-changing,expanded_retrieval_multi_endpoint,expanded,True,/sports/nba/get_games_on_date|/sports/soccer/get_games_on_date,2,2,2,0.06387569010257721,2.0,0,0,0,0.0,0.0,0.0,0.0,0.0,True,0.0,0.0
e49e80d9a141a5457d90f90e99efd8e24cd4aefbcbe4f51dff7991edc551135f,dbf35d4e7e30a1e4edcfad2cd3038e0be45940939a42d51ad2c8988205f6d616,calibration,sports,simple,fast-changing,adaptive_routing_on_insufficient_evidence,adaptive,True,/sports/nba/get_games_on_date|/sports/soccer/get_games_on_date,2,2,2,0.06366707384586334,2.0,0,0,0,0.0,0.0,0.0,0.0,0.0,True,0.0,0.0
e49e80d9a141a5457d90f90e99efd8e24cd4aefbcbe4f51dff7991edc551135f,dbf35d4e7e30a1e4edcfad2cd3038e0be45940939a42d51ad2c8988205f6d616,calibration,sports,simple,fast-changing,measured_cost_minimizer_at_quality_floor,measured,True,/sports/nba/get_games_on_date,1,1,1,0.03141630440950394,1.0,0,0,0,0.0,0.0,0.0,0.0,0.0,True,0.0,0.0
e49e80d9a141a5457d90f90e99efd8e24cd4aefbcbe4f51dff7991edc551135f,dbf35d4e7e30a1e4edcfad2cd3038e0be45940939a42d51ad2c8988205f6d616,calibration,sports,simple,fast-changing,measured_latency_minimizer_at_quality_floor,measured,True,/sports/nba/get_games_on_date,1,1,1,0.029792077839374542,1.0,0,0,0,0.0,0.0,0.0,0.0,0.0,True,0.0,0.0
e49e80d9a141a5457d90f90e99efd8e24cd4aefbcbe4f51dff7991edc551135f,dbf35d4e7e30a1e4edcfad2cd3038e0be45940939a42d51ad2c8988205f6d616,calibration,sports,simple,fast-changing,quality_only_best_on_validation,quality,True,/sports/nba/get_games_on_date|/sports/soccer/get_games_on_date,2,2,2,0.061833299696445465,2.0,0,0,0,0.0,0.0,0.0,0.0,0.0,True,0.0,0.0
e49e80d9a141a5457d90f90e99efd8e24cd4aefbcbe4f51dff7991edc551135f,dbf35d4e7e30a1e4edcfad2cd3038e0be45940939a42d51ad2c8988205f6d616,calibration,sports,simple,fast-changing,constrained_quality_optimizer,constrained,True,/sports/nba/get_games_on_date|/sports/soccer/get_games_on_date,2,2,2,0.05962606519460678,2.0,0,0,0,0.0,0.0,0.0,0.0,0.0,True,0.0,0.0
e49e80d9a141a5457d90f90e99efd8e24cd4aefbcbe4f51dff7991edc551135f,dbf35d4e7e30a1e4edcfad2cd3038e0be45940939a42d51ad2c8988205f6d616,calibration,sports,simple,fast-changing,pareto_frontier_selector,pareto,True,/sports/nba/get_games_on_date|/sports/soccer/get_games_on_date,2,2,2,0.06462540477514267,2.0,0,0,0,0.0,0.0,0.0,0.0,0.0,True,0.0,0.0
e49e80d9a141a5457d90f90e99efd8e24cd4aefbcbe4f51dff7991edc551135f,dbf35d4e7e30a1e4edcfad2cd3038e0be45940939a42d51ad2c8988205f6d616,calibration,sports,simple,fast-changing,governed_selection,governed,True,/sports/nba/get_games_on_date|/sports/soccer/get_games_on_date,2,2,2,0.059499405324459076,2.0,0,0,0,0.0,0.0,0.0,0.0,0.0,True,0.0,0.0
e49e80d9a141a5457d90f90e99efd8e24cd4aefbcbe4f51dff7991edc551135f,dbf35d4e7e30a1e4edcfad2cd3038e0be45940939a42d51ad2c8988205f6d616,calibration,sports,simple,fast-changing,static_default_policy,static,True,/sports/nba/get_games_on_date,1,1,1,0.028833746910095215,1.0,0,0,0,0.0,0.0,0.0,0.0,0.0,True,0.0,0.0
e49e80d9a141a5457d90f90e99efd8e24cd4aefbcbe4f51dff7991edc551135f,dbf35d4e7e30a1e4edcfad2cd3038e0be45940939a42d51ad2c8988205f6d616,calibration,sports,simple,fast-changing,rag_compass_optional,rag,True,/sports/soccer/get_games_on_date|/sports/nba/get_games_on_date,2,2,2,0.062375329434871674,2.0,0,0,0,0.0,0.0,0.0,0.0,0.0,True,0.0,0.0
035aefc4a3e40f663684d0d274db839fb2b0cc9aa37d6e7915bbb1ea000f468a,08f0c7d2ced26162fc282f0a4cd31567364030af0fb6b9e1a40683ba8c6349ba,validation,movie,simple,static,low_retrieval_single_endpoint,low,True,/movie/get_movie_info,1,1,1,0.032125040888786316,1.0,0,0,0,0.0,0.0,0.0,0.0,0.0,True,0.0,0.0
035aefc4a3e40f663684d0d274db839fb2b0cc9aa37d6e7915bbb1ea000f468a,08f0c7d2ced26162fc282f0a4cd31567364030af0fb6b9e1a40683ba8c6349ba,validation,movie,simple,static,expanded_retrieval_multi_endpoint,expanded,True,/movie/get_movie_info|/movie/get_person_info,2,2,2,0.0622086226940155,2.0,0,0,0,0.0,0.0,0.0,0.0,0.0,True,0.0,0.0
035aefc4a3e40f663684d0d274db839fb2b0cc9aa37d6e7915bbb1ea000f468a,08f0c7d2ced26162fc282f0a4cd31567364030af0fb6b9e1a40683ba8c6349ba,validation,movie,simple,static,adaptive_routing_on_insufficient_evidence,adaptive,True,/movie/get_movie_info|/movie/get_person_info,2,2,2,0.06170850247144699,2.0,0,0,0,0.0,0.0,0.0,0.0,0.0,True,0.0,0.0
035aefc4a3e40f663684d0d274db839fb2b0cc9aa37d6e7915bbb1ea000f468a,08f0c7d2ced26162fc282f0a4cd31567364030af0fb6b9e1a40683ba8c6349ba,validation,movie,simple,static,measured_cost_minimizer_at_quality_floor,measured,True,/movie/get_movie_info,1,1,1,0.029750168323516846,1.0,0,0,0,0.0,0.0,0.0,0.0,0.0,True,0.0,0.0
035aefc4a3e40f663684d0d274db839fb2b0cc9aa37d6e7915bbb1ea000f468a,08f0c7d2ced26162fc282f0a4cd31567364030af0fb6b9e1a40683ba8c6349ba,validation,movie,simple,static,measured_latency_minimizer_at_quality_floor,measured,True,/movie/get_movie_info,1,1,1,0.0332491472363472,1.0,0,0,0,0.0,0.0,0.0,0.0,0.0,True,0.0,0.0
035aefc4a3e40f663684d0d274db839fb2b0cc9aa37d6e7915bbb1ea000f468a,08f0c7d2ced26162fc282f0a4cd31567364030af0fb6b9e1a40683ba8c6349ba,validation,movie,simple,static,quality_only_best_on_validation,quality,True,/movie/get_movie_info|/movie/get_person_info,2,2,2,0.05999952554702759,2.0,0,0,0,0.0,0.0,0.0,0.0,0.0,True,0.0,0.0
035aefc4a3e40f663684d0d274db839fb2b0cc9aa37d6e7915bbb1ea000f468a,08f0c7d2ced26162fc282f0a4cd31567364030af0fb6b9e1a40683ba8c6349ba,validation,movie,simple,static,constrained_quality_optimizer,constrained,True,/movie/get_movie_info|/movie/get_person_info,2,2,2,0.060498714447021484,2.0,0,0,0,0.0,0.0,0.0,0.0,0.0,True,0.0,0.0
035aefc4a3e40f663684d0d274db839fb2b0cc9aa37d6e7915bbb1ea000f468a,08f0c7d2ced26162fc282f0a4cd31567364030af0fb6b9e1a40683ba8c6349ba,validation,movie,simple,static,pareto_frontier_selector,pareto,True,/movie/get_movie_info|/movie/get_person_info,2,2,2,0.05970802158117294,2.0,0,0,0,0.0,0.0,0.0,0.0,0.0,True,0.0,0.0
035aefc4a3e40f663684d0d274db839fb2b0cc9aa37d6e7915bbb1ea000f468a,08f0c7d2ced26162fc282f0a4cd31567364030af0fb6b9e1a40683ba8c6349ba,validation,movie,simple,static,governed_selection,governed,True,/movie/get_movie_info|/movie/get_person_info,2,2,2,0.05983375012874603,2.0,0,0,0,0.0,0.0,0.0,0.0,0.0,True,0.0,0.0
035aefc4a3e40f663684d0d274db839fb2b0cc9aa37d6e7915bbb1ea000f468a,08f0c7d2ced26162fc282f0a4cd31567364030af0fb6b9e1a40683ba8c6349ba,validation,movie,simple,static,static_default_policy,static,True,/movie/get_movie_info,1,1,1,0.03041699528694153,1.0,0,0,0,0.0,0.0,0.0,0.0,0.0,True,0.0,0.0
035aefc4a3e40f663684d0d274db839fb2b0cc9aa37d6e7915bbb1ea000f468a,08f0c7d2ced26162fc282f0a4cd31567364030af0fb6b9e1a40683ba8c6349ba,validation,movie,simple,static,rag_compass_optional,rag,True,/movie/get_person_info|/movie/get_movie_info,2,2,2,0.05812477320432663,2.0,0,0,0,0.0,0.0,0.0,0.0,0.0,True,0.0,0.0
4061bdcc0a9a474952ffb024e214e90cfdb736048b8a39ac695681228d9b526e,b6be279092693c7707204cb7eccb27f6f1d96ef1c35e93fd92c22251fc08833e,calibration,sports,simple_w_condition,fast-changing,low_retrieval_single_endpoint,low,True,/sports/nba/get_games_on_date,1,1,1,0.03224983811378479,1.0,0,0,0,0.0,0.0,0.0,0.0,0.0,True,0.0,0.0
4061bdcc0a9a474952ffb024e214e90cfdb736048b8a39ac695681228d9b526e,b6be279092693c7707204cb7eccb27f6f1d96ef1c35e93fd92c22251fc08833e,calibration,sports,simple_w_condition,fast-changing,expanded_retrieval_multi_endpoint,expanded,True,/sports/nba/get_games_on_date|/sports/soccer/get_games_on_date,2,2,2,0.061499886214733124,2.0,0,0,0,0.0,0.0,0.0,0.0,0.0,True,0.0,0.0
4061bdcc0a9a474952ffb024e214e90cfdb736048b8a39ac695681228d9b526e,b6be279092693c7707204cb7eccb27f6f1d96ef1c35e93fd92c22251fc08833e,calibration,sports,simple_w_condition,fast-changing,adaptive_routing_on_insufficient_evidence,adaptive,True,/sports/nba/get_games_on_date|/sports/soccer/get_games_on_date,2,2,2,0.27887430042028427,2.0,0,0,0,0.0,0.0,0.0,0.0,0.0,True,0.0,0.0
4061bdcc0a9a474952ffb024e214e90cfdb736048b8a39ac695681228d9b526e,b6be279092693c7707204cb7eccb27f6f1d96ef1c35e93fd92c22251fc08833e,calibration,sports,simple_w_condition,fast-changing,measured_cost_minimizer_at_quality_floor,measured,True,/sports/nba/get_games_on_date,1,1,1,0.040667131543159485,1.0,0,0,0,0.0,0.0,0.0,0.0,0.0,True,0.0,0.0
4061bdcc0a9a474952ffb024e214e90cfdb736048b8a39ac695681228d9b526e,b6be279092693c7707204cb7eccb27f6f1d96ef1c35e93fd92c22251fc08833e,calibration,sports,simple_w_condition,fast-changing,measured_latency_minimizer_at_quality_floor,measured,True,/sports/nba/get_games_on_date,1,1,1,0.03629177808761597,1.0,0,0,0,0.0,0.0,0.0,0.0,0.0,True,0.0,0.0
4061bdcc0a9a474952ffb024e214e90cfdb736048b8a39ac695681228d9b526e,b6be279092693c7707204cb7eccb27f6f1d96ef1c35e93fd92c22251fc08833e,calibration,sports,simple_w_condition,fast-changing,quality_only_best_on_validation,quality,True,/sports/nba/get_games_on_date|/sports/soccer/get_games_on_date,2,2,2,0.06991717964410782,2.0,0,0,0,0.0,0.0,0.0,0.0,0.0,True,0.0,0.0
4061bdcc0a9a474952ffb024e214e90cfdb736048b8a39ac695681228d9b526e,b6be279092693c7707204cb7eccb27f6f1d96ef1c35e93fd92c22251fc08833e,calibration,sports,simple_w_condition,fast-changing,constrained_quality_optimizer,constrained,True,/sports/nba/get_games_on_date|/sports/soccer/get_games_on_date,2,2,2,0.06170850247144699,2.0,0,0,0,0.0,0.0,0.0,0.0,0.0,True,0.0,0.0
4061bdcc0a9a474952ffb024e214e90cfdb736048b8a39ac695681228d9b526e,b6be279092693c7707204cb7eccb27f6f1d96ef1c35e93fd92c22251fc08833e,calibration,sports,simple_w_condition,fast-changing,pareto_frontier_selector,pareto,True,/sports/nba/get_games_on_date|/sports/soccer/get_games_on_date,2,2,2,0.11529121547937393,2.0,0,0,0,0.0,0.0,0.0,0.0,0.0,True,0.0,0.0
4061bdcc0a9a474952ffb024e214e90cfdb736048b8a39ac695681228d9b526e,b6be279092693c7707204cb7eccb27f6f1d96ef1c35e93fd92c22251fc08833e,calibration,sports,simple_w_condition,fast-changing,governed_selection,governed,True,/sports/nba/get_games_on_date|/sports/soccer/get_games_on_date,2,2,2,0.06133317947387695,2.0,0,0,0,0.0,0.0,0.0,0.0,0.0,True,0.0,0.0
4061bdcc0a9a474952ffb024e214e90cfdb736048b8a39ac695681228d9b526e,b6be279092693c7707204cb7eccb27f6f1d96ef1c35e93fd92c22251fc08833e,calibration,sports,simple_w_condition,fast-changing,static_default_policy,static,True,/sports/nba/get_games_on_date,1,1,1,0.03229174762964249,1.0,0,0,0,0.0,0.0,0.0,0.0,0.0,True,0.0,0.0
4061bdcc0a9a474952ffb024e214e90cfdb736048b8a39ac695681228d9b526e,b6be279092693c7707204cb7eccb27f6f1d96ef1c35e93fd92c22251fc08833e,calibration,sports,simple_w_condition,fast-changing,rag_compass_optional,rag,True,/sports/soccer/get_games_on_date|/sports/nba/get_games_on_date,2,2,2,0.06466731429100037,2.0,0,0,0,0.0,0.0,0.0,0.0,0.0,True,0.0,0.0
5b36933a3d8bbf723e8ea2ef20bd6fa173fca02c84fe48a699d6348747995949,8bbdf20a3fe5d3b4081d5e570d39ab971ea48f36be3fbedbaba0609869e1b95b,confirmatory_test,sports,aggregation,slow-changing,low_retrieval_single_endpoint,low,True,/sports/nba/get_games_on_date,1,1,1,0.031082890927791595,1.0,0,0,0,0.0,0.0,0.0,0.0,0.0,True,0.0,0.0
5b36933a3d8bbf723e8ea2ef20bd6fa173fca02c84fe48a699d6348747995949,8bbdf20a3fe5d3b4081d5e570d39ab971ea48f36be3fbedbaba0609869e1b95b,confirmatory_test,sports,aggregation,slow-changing,expanded_retrieval_multi_endpoint,expanded,True,/sports/nba/get_games_on_date|/sports/soccer/get_games_on_date,2,2,2,0.0634174793958664,2.0,0,0,0,0.0,0.0,0.0,0.0,0.0,True,0.0,0.0
5b36933a3d8bbf723e8ea2ef20bd6fa173fca02c84fe48a699d6348747995949,8bbdf20a3fe5d3b4081d5e570d39ab971ea48f36be3fbedbaba0609869e1b95b,confirmatory_test,sports,aggregation,slow-changing,adaptive_routing_on_insufficient_evidence,adaptive,True,/sports/nba/get_games_on_date|/sports/soccer/get_games_on_date,2,2,2,0.06258208304643631,2.0,0,0,0,0.0,0.0,0.0,0.0,0.0,True,0.0,0.0
5b36933a3d8bbf723e8ea2ef20bd6fa173fca02c84fe48a699d6348747995949,8bbdf20a3fe5d3b4081d5e570d39ab971ea48f36be3fbedbaba0609869e1b95b,confirmatory_test,sports,aggregation,slow-changing,measured_cost_minimizer_at_quality_floor,measured,True,/sports/nba/get_games_on_date,1,1,1,0.031167641282081604,1.0,0,0,0,0.0,0.0,0.0,0.0,0.0,True,0.0,0.0
5b36933a3d8bbf723e8ea2ef20bd6fa173fca02c84fe48a699d6348747995949,8bbdf20a3fe5d3b4081d5e570d39ab971ea48f36be3fbedbaba0609869e1b95b,confirmatory_test,sports,aggregation,slow-changing,measured_latency_minimizer_at_quality_floor,measured,True,/sports/nba/get_games_on_date,1,1,1,0.031208619475364685,1.0,0,0,0,0.0,0.0,0.0,0.0,0.0,True,0.0,0.0
5b36933a3d8bbf723e8ea2ef20bd6fa173fca02c84fe48a699d6348747995949,8bbdf20a3fe5d3b4081d5e570d39ab971ea48f36be3fbedbaba0609869e1b95b,confirmatory_test,sports,aggregation,slow-changing,quality_only_best_on_validation,quality,True,/sports/nba/get_games_on_date|/sports/soccer/get_games_on_date,2,2,2,0.06074924021959305,2.0,0,0,0,0.0,0.0,0.0,0.0,0.0,True,0.0,0.0
5b36933a3d8bbf723e8ea2ef20bd6fa173fca02c84fe48a699d6348747995949,8bbdf20a3fe5d3b4081d5e570d39ab971ea48f36be3fbedbaba0609869e1b95b,confirmatory_test,sports,aggregation,slow-changing,constrained_quality_optimizer,constrained,True,/sports/nba/get_games_on_date|/sports/soccer/get_games_on_date,2,2,2,0.6309989839792252,2.0,0,0,0,0.0,0.0,0.0,0.0,0.0,True,0.0,0.0
5b36933a3d8bbf723e8ea2ef20bd6fa173fca02c84fe48a699d6348747995949,8bbdf20a3fe5d3b4081d5e570d39ab971ea48f36be3fbedbaba0609869e1b95b,confirmatory_test,sports,aggregation,slow-changing,pareto_frontier_selector,pareto,True,/sports/nba/get_games_on_date|/sports/soccer/get_games_on_date,2,2,2,0.7576672360301018,2.0,0,0,0,0.0,0.0,0.0,0.0,0.0,True,0.0,0.0
5b36933a3d8bbf723e8ea2ef20bd6fa173fca02c84fe48a699d6348747995949,8bbdf20a3fe5d3b4081d5e570d39ab971ea48f36be3fbedbaba0609869e1b95b,confirmatory_test,sports,aggregation,slow-changing,governed_selection,governed,True,/sports/nba/get_games_on_date|/sports/soccer/get_games_on_date,2,2,2,0.07791724056005478,2.0,0,0,0,0.0,0.0,0.0,0.0,0.0,True,0.0,0.0
5b36933a3d8bbf723e8ea2ef20bd6fa173fca02c84fe48a699d6348747995949,8bbdf20a3fe5d3b4081d5e570d39ab971ea48f36be3fbedbaba0609869e1b95b,confirmatory_test,sports,aggregation,slow-changing,static_default_policy,static,True,/sports/nba/get_games_on_date,1,1,1,0.112166628241539,1.0,0,0,0,0.0,0.0,0.0,0.0,0.0,True,0.0,0.0
5b36933a3d8bbf723e8ea2ef20bd6fa173fca02c84fe48a699d6348747995949,8bbdf20a3fe5d3b4081d5e570d39ab971ea48f36be3fbedbaba0609869e1b95b,confirmatory_test,sports,aggregation,slow-changing,rag_compass_optional,rag,True,/sports/soccer/get_games_on_date|/sports/nba/get_games_on_date,2,2,2,0.08149910718202591,2.0,0,0,0,0.0,0.0,0.0,0.0,0.0,True,0.0,0.0
6a39faf9999baac19bf247f56a5c63fdd56a4445cbc03a64550f94902592f252,d83bc25ec6fd8b9713b453c08de81609fdffa53b0dc98cbdbc9542c82f749c49,confirmatory_test,sports,simple_w_condition,slow-changing,low_retrieval_single_endpoint,low,True,/sports/nba/get_games_on_date,1,1,1,0.036250799894332886,1.0,0,0,0,0.0,0.0,0.0,0.0,0.0,True,0.0,0.0
6a39faf9999baac19bf247f56a5c63fdd56a4445cbc03a64550f94902592f252,d83bc25ec6fd8b9713b453c08de81609fdffa53b0dc98cbdbc9542c82f749c49,confirmatory_test,sports,simple_w_condition,slow-changing,expanded_retrieval_multi_endpoint,expanded,True,/sports/nba/get_games_on_date|/sports/soccer/get_games_on_date,2,2,2,0.8482495322823524,2.0,0,0,0,0.0,0.0,0.0,0.0,0.0,True,0.0,0.0
6a39faf9999baac19bf247f56a5c63fdd56a4445cbc03a64550f94902592f252,d83bc25ec6fd8b9713b453c08de81609fdffa53b0dc98cbdbc9542c82f749c49,confirmatory_test,sports,simple_w_condition,slow-changing,adaptive_routing_on_insufficient_evidence,adaptive,True,/sports/nba/get_games_on_date|/sports/soccer/get_games_on_date,2,2,2,0.07908325642347336,2.0,0,0,0,0.0,0.0,0.0,0.0,0.0,True,0.0,0.0
6a39faf9999baac19bf247f56a5c63fdd56a4445cbc03a64550f94902592f252,d83bc25ec6fd8b9713b453c08de81609fdffa53b0dc98cbdbc9542c82f749c49,confirmatory_test,sports,simple_w_condition,slow-changing,measured_cost_minimizer_at_quality_floor,measured,True,/sports/nba/get_games_on_date,1,1,1,0.03158394247293472,1.0,0,0,0,0.0,0.0,0.0,0.0,0.0,True,0.0,0.0
6a39faf9999baac19bf247f56a5c63fdd56a4445cbc03a64550f94902592f252,d83bc25ec6fd8b9713b453c08de81609fdffa53b0dc98cbdbc9542c82f749c49,confirmatory_test,sports,simple_w_condition,slow-changing,measured_latency_minimizer_at_quality_floor,measured,True,/sports/nba/get_games_on_date,1,1,1,0.03045797348022461,1.0,0,0,0,0.0,0.0,0.0,0.0,0.0,True,0.0,0.0
6a39faf9999baac19bf247f56a5c63fdd56a4445cbc03a64550f94902592f252,d83bc25ec6fd8b9713b453c08de81609fdffa53b0dc98cbdbc9542c82f749c49,confirmatory_test,sports,simple_w_condition,slow-changing,quality_only_best_on_validation,quality,True,/sports/nba/get_games_on_date|/sports/soccer/get_games_on_date,2,2,2,0.06491690874099731,2.0,0,0,0,0.0,0.0,0.0,0.0,0.0,True,0.0,0.0
6a39faf9999baac19bf247f56a5c63fdd56a4445cbc03a64550f94902592f252,d83bc25ec6fd8b9713b453c08de81609fdffa53b0dc98cbdbc9542c82f749c49,confirmatory_test,sports,simple_w_condition,slow-changing,constrained_quality_optimizer,constrained,True,/sports/nba/get_games_on_date|/sports/soccer/get_games_on_date,2,2,2,0.060832127928733826,2.0,0,0,0,0.0,0.0,0.0,0.0,0.0,True,0.0,0.0
6a39faf9999baac19bf247f56a5c63fdd56a4445cbc03a64550f94902592f252,d83bc25ec6fd8b9713b453c08de81609fdffa53b0dc98cbdbc9542c82f749c49,confirmatory_test,sports,simple_w_condition,slow-changing,pareto_frontier_selector,pareto,True,/sports/nba/get_games_on_date|/sports/soccer/get_games_on_date,2,2,2,0.06254110485315323,2.0,0,0,0,0.0,0.0,0.0,0.0,0.0,True,0.0,0.0
6a39faf9999baac19bf247f56a5c63fdd56a4445cbc03a64550f94902592f252,d83bc25ec6fd8b9713b453c08de81609fdffa53b0dc98cbdbc9542c82f749c49,confirmatory_test,sports,simple_w_condition,slow-changing,governed_selection,governed,True,/sports/nba/get_games_on_date|/sports/soccer/get_games_on_date,2,2,2,0.06041768938302994,2.0,0,0,0,0.0,0.0,0.0,0.0,0.0,True,0.0,0.0
6a39faf9999baac19bf247f56a5c63fdd56a4445cbc03a64550f94902592f252,d83bc25ec6fd8b9713b453c08de81609fdffa53b0dc98cbdbc9542c82f749c49,confirmatory_test,sports,simple_w_condition,slow-changing,static_default_policy,static,True,/sports/nba/get_games_on_date,1,1,1,0.029624439775943756,1.0,0,0,0,0.0,0.0,0.0,0.0,0.0,True,0.0,0.0
6a39faf9999baac19bf247f56a5c63fdd56a4445cbc03a64550f94902592f252,d83bc25ec6fd8b9713b453c08de81609fdffa53b0dc98cbdbc9542c82f749c49,confirmatory_test,sports,simple_w_condition,slow-changing,rag_compass_optional,rag,True,/sports/soccer/get_games_on_date|/sports/nba/get_games_on_date,2,2,2,0.06295926868915558,2.0,0,0,0,0.0,0.0,0.0,0.0,0.0,True,0.0,0.0
119f53e1dc233bef9a319405e24dc6331b7a13dc3f3f4f10d89cdcf5b356b45b,fc94ca4d26a8626bdcf5d40fd10fe376e7dde974b553181dc755e4c9d44e0905,validation,movie,comparison,static,low_retrieval_single_endpoint,low,True,/movie/get_movie_info,1,1,1,0.0327499583363533,1.0,0,0,0,0.0,0.0,0.0,0.0,0.0,True,0.0,0.0
119f53e1dc233bef9a319405e24dc6331b7a13dc3f3f4f10d89cdcf5b356b45b,fc94ca4d26a8626bdcf5d40fd10fe376e7dde974b553181dc755e4c9d44e0905,validation,movie,comparison,static,expanded_retrieval_multi_endpoint,expanded,True,/movie/get_movie_info|/movie/get_person_info,2,2,2,0.0665830448269844,2.0,0,0,0,0.0,0.0,0.0,0.0,0.0,True,0.0,0.0
119f53e1dc233bef9a319405e24dc6331b7a13dc3f3f4f10d89cdcf5b356b45b,fc94ca4d26a8626bdcf5d40fd10fe376e7dde974b553181dc755e4c9d44e0905,validation,movie,comparison,static,adaptive_routing_on_insufficient_evidence,adaptive,True,/movie/get_movie_info|/movie/get_person_info,2,2,2,0.061207450926303864,2.0,0,0,0,0.0,0.0,0.0,0.0,0.0,True,0.0,0.0
119f53e1dc233bef9a319405e24dc6331b7a13dc3f3f4f10d89cdcf5b356b45b,fc94ca4d26a8626bdcf5d40fd10fe376e7dde974b553181dc755e4c9d44e0905,validation,movie,comparison,static,measured_cost_minimizer_at_quality_floor,measured,True,/movie/get_movie_info,1,1,1,0.028916634619235992,1.0,0,0,0,0.0,0.0,0.0,0.0,0.0,True,0.0,0.0
119f53e1dc233bef9a319405e24dc6331b7a13dc3f3f4f10d89cdcf5b356b45b,fc94ca4d26a8626bdcf5d40fd10fe376e7dde974b553181dc755e4c9d44e0905,validation,movie,comparison,static,measured_latency_minimizer_at_quality_floor,measured,True,/movie/get_movie_info,1,1,1,0.03441609442234039,1.0,0,0,0,0.0,0.0,0.0,0.0,0.0,True,0.0,0.0
119f53e1dc233bef9a319405e24dc6331b7a13dc3f3f4f10d89cdcf5b356b45b,fc94ca4d26a8626bdcf5d40fd10fe376e7dde974b553181dc755e4c9d44e0905,validation,movie,comparison,static,quality_only_best_on_validation,quality,True,/movie/get_movie_info|/movie/get_person_info,2,2,2,0.05862489342689514,2.0,0,0,0,0.0,0.0,0.0,0.0,0.0,True,0.0,0.0
119f53e1dc233bef9a319405e24dc6331b7a13dc3f3f4f10d89cdcf5b356b45b,fc94ca4d26a8626bdcf5d40fd10fe376e7dde974b553181dc755e4c9d44e0905,validation,movie,comparison,static,constrained_quality_optimizer,constrained,True,/movie/get_movie_info|/movie/get_person_info,2,2,2,0.05962420254945755,2.0,0,0,0,0.0,0.0,0.0,0.0,0.0,True,0.0,0.0
119f53e1dc233bef9a319405e24dc6331b7a13dc3f3f4f10d89cdcf5b356b45b,fc94ca4d26a8626bdcf5d40fd10fe376e7dde974b553181dc755e4c9d44e0905,validation,movie,comparison,static,pareto_frontier_selector,pareto,True,/movie/get_movie_info|/movie/get_person_info,2,2,2,0.057666562497615814,2.0,0,0,0,0.0,0.0,0.0,0.0,0.0,True,0.0,0.0
119f53e1dc233bef9a319405e24dc6331b7a13dc3f3f4f10d89cdcf5b356b45b,fc94ca4d26a8626bdcf5d40fd10fe376e7dde974b553181dc755e4c9d44e0905,validation,movie,comparison,static,governed_selection,governed,True,/movie/get_movie_info|/movie/get_person_info,2,2,2,0.09962450712919235,2.0,0,0,0,0.0,0.0,0.0,0.0,0.0,True,0.0,0.0
119f53e1dc233bef9a319405e24dc6331b7a13dc3f3f4f10d89cdcf5b356b45b,fc94ca4d26a8626bdcf5d40fd10fe376e7dde974b553181dc755e4c9d44e0905,validation,movie,comparison,static,static_default_policy,static,True,/movie/get_movie_info,1,1,1,0.04691723734140396,1.0,0,0,0,0.0,0.0,0.0,0.0,0.0,True,0.0,0.0
119f53e1dc233bef9a319405e24dc6331b7a13dc3f3f4f10d89cdcf5b356b45b,fc94ca4d26a8626bdcf5d40fd10fe376e7dde974b553181dc755e4c9d44e0905,validation,movie,comparison,static,rag_compass_optional,rag,True,/movie/get_person_info|/movie/get_movie_info,2,2,2,0.0743744894862175,2.0,0,0,0,0.0,0.0,0.0,0.0,0.0,True,0.0,0.0
7bf6fb88cd8f2ea4696cdbeba22c588c0d780f3130bee24f40d2a74510b4f6d2,cd06eb29e7dc45ba001e03321a86152570664ac6b77cdf97d7da8426b56c901b,calibration,open,simple,static,low_retrieval_single_endpoint,low,True,/open/search_entity_by_name,1,1,1,0.0350000336766243,1.0,0,0,0,0.0,0.0,0.0,0.0,0.0,True,0.0,0.0
7bf6fb88cd8f2ea4696cdbeba22c588c0d780f3130bee24f40d2a74510b4f6d2,cd06eb29e7dc45ba001e03321a86152570664ac6b77cdf97d7da8426b56c901b,calibration,open,simple,static,expanded_retrieval_multi_endpoint,expanded,True,/open/search_entity_by_name|/open/get_entity,2,2,2,0.06879214197397232,2.0,0,0,0,0.0,0.0,0.0,0.0,0.0,True,0.0,0.0
7bf6fb88cd8f2ea4696cdbeba22c588c0d780f3130bee24f40d2a74510b4f6d2,cd06eb29e7dc45ba001e03321a86152570664ac6b77cdf97d7da8426b56c901b,calibration,open,simple,static,adaptive_routing_on_insufficient_evidence,adaptive,True,/open/search_entity_by_name|/open/get_entity,2,2,2,0.0653732568025589,2.0,0,0,0,0.0,0.0,0.0,0.0,0.0,True,0.0,0.0
7bf6fb88cd8f2ea4696cdbeba22c588c0d780f3130bee24f40d2a74510b4f6d2,cd06eb29e7dc45ba001e03321a86152570664ac6b77cdf97d7da8426b56c901b,calibration,open,simple,static,measured_cost_minimizer_at_quality_floor,measured,True,/open/search_entity_by_name,1,1,1,0.16512535512447357,1.0,0,0,0,0.0,0.0,0.0,0.0,0.0,True,0.0,0.0
7bf6fb88cd8f2ea4696cdbeba22c588c0d780f3130bee24f40d2a74510b4f6d2,cd06eb29e7dc45ba001e03321a86152570664ac6b77cdf97d7da8426b56c901b,calibration,open,simple,static,measured_latency_minimizer_at_quality_floor,measured,True,/open/search_entity_by_name,1,1,1,0.04770979285240173,1.0,0,0,0,0.0,0.0,0.0,0.0,0.0,True,0.0,0.0
7bf6fb88cd8f2ea4696cdbeba22c588c0d780f3130bee24f40d2a74510b4f6d2,cd06eb29e7dc45ba001e03321a86152570664ac6b77cdf97d7da8426b56c901b,calibration,open,simple,static,quality_only_best_on_validation,quality,True,/open/search_entity_by_name|/open/get_entity,2,2,2,0.09466707706451416,2.0,0,0,0,0.0,0.0,0.0,0.0,0.0,True,0.0,0.0
7bf6fb88cd8f2ea4696cdbeba22c588c0d780f3130bee24f40d2a74510b4f6d2,cd06eb29e7dc45ba001e03321a86152570664ac6b77cdf97d7da8426b56c901b,calibration,open,simple,static,constrained_quality_optimizer,constrained,True,/open/search_entity_by_name|/open/get_entity,2,2,2,0.37674978375434875,2.0,0,0,0,0.0,0.0,0.0,0.0,0.0,True,0.0,0.0
7bf6fb88cd8f2ea4696cdbeba22c588c0d780f3130bee24f40d2a74510b4f6d2,cd06eb29e7dc45ba001e03321a86152570664ac6b77cdf97d7da8426b56c901b,calibration,open,simple,static,pareto_frontier_selector,pareto,True,/open/search_entity_by_name|/open/get_entity,2,2,2,0.12745894491672516,2.0,0,0,0,0.0,0.0,0.0,0.0,0.0,True,0.0,0.0
7bf6fb88cd8f2ea4696cdbeba22c588c0d780f3130bee24f40d2a74510b4f6d2,cd06eb29e7dc45ba001e03321a86152570664ac6b77cdf97d7da8426b56c901b,calibration,open,simple,static,governed_selection,governed,True,/open/search_entity_by_name|/open/get_entity,2,2,2,0.08975155651569366,2.0,0,0,0,0.0,0.0,0.0,0.0,0.0,True,0.0,0.0
7bf6fb88cd8f2ea4696cdbeba22c588c0d780f3130bee24f40d2a74510b4f6d2,cd06eb29e7dc45ba001e03321a86152570664ac6b77cdf97d7da8426b56c901b,calibration,open,simple,static,static_default_policy,static,True,/open/search_entity_by_name,1,1,1,0.03662519156932831,1.0,0,0,0,0.0,0.0,0.0,0.0,0.0,True,0.0,0.0
7bf6fb88cd8f2ea4696cdbeba22c588c0d780f3130bee24f40d2a74510b4f6d2,cd06eb29e7dc45ba001e03321a86152570664ac6b77cdf97d7da8426b56c901b,calibration,open,simple,static,rag_compass_optional,rag,True,/open/get_entity|/open/search_entity_by_name,2,2,2,0.07166620343923569,2.0,0,0,0,0.0,0.0,0.0,0.0,0.0,True,0.0,0.0
d3eb786ec252c11044b8f56d545166bb1cdad9ec607a669ea82d63c0fbebcb9e,8be6bed8ac47e1f8ad6dfcafa087ff26e90c846a83e6fd4e1b0c6255f0561da3,validation,music,simple_w_condition,static,low_retrieval_single_endpoint,low,True,/music/search_artist_entity_by_name,1,1,1,0.038708560168743134,1.0,0,0,0,0.0,0.0,0.0,0.0,0.0,True,0.0,0.0
d3eb786ec252c11044b8f56d545166bb1cdad9ec607a669ea82d63c0fbebcb9e,8be6bed8ac47e1f8ad6dfcafa087ff26e90c846a83e6fd4e1b0c6255f0561da3,validation,music,simple_w_condition,static,expanded_retrieval_multi_endpoint,expanded,True,/music/search_artist_entity_by_name|/music/search_song_entity_by_name,2,2,2,0.06966851651668549,2.0,0,0,0,0.0,0.0,0.0,0.0,0.0,True,0.0,0.0
d3eb786ec252c11044b8f56d545166bb1cdad9ec607a669ea82d63c0fbebcb9e,8be6bed8ac47e1f8ad6dfcafa087ff26e90c846a83e6fd4e1b0c6255f0561da3,validation,music,simple_w_condition,static,adaptive_routing_on_insufficient_evidence,adaptive,True,/music/search_artist_entity_by_name|/music/search_song_entity_by_name,2,2,2,0.06216764450073242,2.0,0,0,0,0.0,0.0,0.0,0.0,0.0,True,0.0,0.0
d3eb786ec252c11044b8f56d545166bb1cdad9ec607a669ea82d63c0fbebcb9e,8be6bed8ac47e1f8ad6dfcafa087ff26e90c846a83e6fd4e1b0c6255f0561da3,validation,music,simple_w_condition,static,measured_cost_minimizer_at_quality_floor,measured,True,/music/search_artist_entity_by_name,1,1,1,0.03079138696193695,1.0,0,0,0,0.0,0.0,0.0,0.0,0.0,True,0.0,0.0
d3eb786ec252c11044b8f56d545166bb1cdad9ec607a669ea82d63c0fbebcb9e,8be6bed8ac47e1f8ad6dfcafa087ff26e90c846a83e6fd4e1b0c6255f0561da3,validation,music,simple_w_condition,static,measured_latency_minimizer_at_quality_floor,measured,True,/music/search_artist_entity_by_name,1,1,1,0.03520771861076355,1.0,0,0,0,0.0,0.0,0.0,0.0,0.0,True,0.0,0.0
d3eb786ec252c11044b8f56d545166bb1cdad9ec607a669ea82d63c0fbebcb9e,8be6bed8ac47e1f8ad6dfcafa087ff26e90c846a83e6fd4e1b0c6255f0561da3,validation,music,simple_w_condition,static,quality_only_best_on_validation,quality,True,/music/search_artist_entity_by_name|/music/search_song_entity_by_name,2,2,2,0.060624442994594574,2.0,0,0,0,0.0,0.0,0.0,0.0,0.0,True,0.0,0.0
d3eb786ec252c11044b8f56d545166bb1cdad9ec607a669ea82d63c0fbebcb9e,8be6bed8ac47e1f8ad6dfcafa087ff26e90c846a83e6fd4e1b0c6255f0561da3,validation,music,simple_w_condition,static,constrained_quality_optimizer,constrained,True,/music/search_artist_entity_by_name|/music/search_song_entity_by_name,2,2,2,0.06741750985383987,2.0,0,0,0,0.0,0.0,0.0,0.0,0.0,True,0.0,0.0
d3eb786ec252c11044b8f56d545166bb1cdad9ec607a669ea82d63c0fbebcb9e,8be6bed8ac47e1f8ad6dfcafa087ff26e90c846a83e6fd4e1b0c6255f0561da3,validation,music,simple_w_condition,static,pareto_frontier_selector,pareto,True,/music/search_artist_entity_by_name|/music/search_song_entity_by_name,2,2,2,0.06079208105802536,2.0,0,0,0,0.0,0.0,0.0,0.0,0.0,True,0.0,0.0
d3eb786ec252c11044b8f56d545166bb1cdad9ec607a669ea82d63c0fbebcb9e,8be6bed8ac47e1f8ad6dfcafa087ff26e90c846a83e6fd4e1b0c6255f0561da3,validation,music,simple_w_condition,static,governed_selection,governed,True,/music/search_artist_entity_by_name|/music/search_song_entity_by_name,2,2,2,0.06083492189645767,2.0,0,0,0,0.0,0.0,0.0,0.0,0.0,True,0.0,0.0
d3eb786ec252c11044b8f56d545166bb1cdad9ec607a669ea82d63c0fbebcb9e,8be6bed8ac47e1f8ad6dfcafa087ff26e90c846a83e6fd4e1b0c6255f0561da3,validation,music,simple_w_condition,static,static_default_policy,static,True,/music/search_artist_entity_by_name,1,1,1,0.028749927878379822,1.0,0,0,0,0.0,0.0,0.0,0.0,0.0,True,0.0,0.0
d3eb786ec252c11044b8f56d545166bb1cdad9ec607a669ea82d63c0fbebcb9e,8be6bed8ac47e1f8ad6dfcafa087ff26e90c846a83e6fd4e1b0c6255f0561da3,validation,music,simple_w_condition,static,rag_compass_optional,rag,True,/music/search_song_entity_by_name|/music/search_artist_entity_by_name,2,2,2,0.06229151040315628,2.0,0,0,0,0.0,0.0,0.0,0.0,0.0,True,0.0,0.0
2d69f6aff6a2a780933072cfc182dc09e2105ddd691db7423ab8e06ae6bf83d7,5b8a475ccf49adaf08d509ce91aeecf796991b0bccb62d578611495bccb9cecd,validation,music,false_premise,static,low_retrieval_single_endpoint,low,True,/music/search_artist_entity_by_name,1,1,1,0.03141723573207855,1.0,0,0,0,0.0,0.0,0.0,0.0,0.0,True,0.0,0.0
2d69f6aff6a2a780933072cfc182dc09e2105ddd691db7423ab8e06ae6bf83d7,5b8a475ccf49adaf08d509ce91aeecf796991b0bccb62d578611495bccb9cecd,validation,music,false_premise,static,expanded_retrieval_multi_endpoint,expanded,True,/music/search_artist_entity_by_name|/music/search_song_entity_by_name,2,2,2,0.05762651562690735,2.0,0,0,0,0.0,0.0,0.0,0.0,0.0,True,0.0,0.0
2d69f6aff6a2a780933072cfc182dc09e2105ddd691db7423ab8e06ae6bf83d7,5b8a475ccf49adaf08d509ce91aeecf796991b0bccb62d578611495bccb9cecd,validation,music,false_premise,static,adaptive_routing_on_insufficient_evidence,adaptive,True,/music/search_artist_entity_by_name|/music/search_song_entity_by_name,2,2,2,0.06004050374031067,2.0,0,0,0,0.0,0.0,0.0,0.0,0.0,True,0.0,0.0
2d69f6aff6a2a780933072cfc182dc09e2105ddd691db7423ab8e06ae6bf83d7,5b8a475ccf49adaf08d509ce91aeecf796991b0bccb62d578611495bccb9cecd,validation,music,false_premise,static,measured_cost_minimizer_at_quality_floor,measured,True,/music/search_artist_entity_by_name,1,1,1,0.02912525087594986,1.0,0,0,0,0.0,0.0,0.0,0.0,0.0,True,0.0,0.0
2d69f6aff6a2a780933072cfc182dc09e2105ddd691db7423ab8e06ae6bf83d7,5b8a475ccf49adaf08d509ce91aeecf796991b0bccb62d578611495bccb9cecd,validation,music,false_premise,static,measured_latency_minimizer_at_quality_floor,measured,True,/music/search_artist_entity_by_name,1,1,1,0.02841651439666748,1.0,0,0,0,0.0,0.0,0.0,0.0,0.0,True,0.0,0.0
2d69f6aff6a2a780933072cfc182dc09e2105ddd691db7423ab8e06ae6bf83d7,5b8a475ccf49adaf08d509ce91aeecf796991b0bccb62d578611495bccb9cecd,validation,music,false_premise,static,quality_only_best_on_validation,quality,True,/music/search_artist_entity_by_name|/music/search_song_entity_by_name,2,2,2,0.06220769137144089,2.0,0,0,0,0.0,0.0,0.0,0.0,0.0,True,0.0,0.0
2d69f6aff6a2a780933072cfc182dc09e2105ddd691db7423ab8e06ae6bf83d7,5b8a475ccf49adaf08d509ce91aeecf796991b0bccb62d578611495bccb9cecd,validation,music,false_premise,static,constrained_quality_optimizer,constrained,True,/music/search_artist_entity_by_name|/music/search_song_entity_by_name,2,2,2,0.05820766091346741,2.0,0,0,0,0.0,0.0,0.0,0.0,0.0,True,0.0,0.0
2d69f6aff6a2a780933072cfc182dc09e2105ddd691db7423ab8e06ae6bf83d7,5b8a475ccf49adaf08d509ce91aeecf796991b0bccb62d578611495bccb9cecd,validation,music,false_premise,static,pareto_frontier_selector,pareto,True,/music/search_artist_entity_by_name|/music/search_song_entity_by_name,2,2,2,0.05883350968360901,2.0,0,0,0,0.0,0.0,0.0,0.0,0.0,True,0.0,0.0
2d69f6aff6a2a780933072cfc182dc09e2105ddd691db7423ab8e06ae6bf83d7,5b8a475ccf49adaf08d509ce91aeecf796991b0bccb62d578611495bccb9cecd,validation,music,false_premise,static,governed_selection,governed,True,/music/search_artist_entity_by_name|/music/search_song_entity_by_name,2,2,2,0.058582983911037445,2.0,0,0,0,0.0,0.0,0.0,0.0,0.0,True,0.0,0.0
2d69f6aff6a2a780933072cfc182dc09e2105ddd691db7423ab8e06ae6bf83d7,5b8a475ccf49adaf08d509ce91aeecf796991b0bccb62d578611495bccb9cecd,validation,music,false_premise,static,static_default_policy,static,True,/music/search_artist_entity_by_name,1,1,1,0.02845749258995056,1.0,0,0,0,0.0,0.0,0.0,0.0,0.0,True,0.0,0.0
2d69f6aff6a2a780933072cfc182dc09e2105ddd691db7423ab8e06ae6bf83d7,5b8a475ccf49adaf08d509ce91aeecf796991b0bccb62d578611495bccb9cecd,validation,music,false_premise,static,rag_compass_optional,rag,True,/music/search_song_entity_by_name|/music/search_artist_entity_by_name,2,2,2,0.060916878283023834,2.0,0,0,0,0.0,0.0,0.0,0.0,0.0,True,0.0,0.0
02f56cb2e5d77ee549b77b571c6ba8259648cab901fa67c47f86c62ff408ad93,fb7058818d81657e950fac1d5e10c308492e7f74699cd30c929a980e320c7bac,confirmatory_test,music,post-processing,static,low_retrieval_single_endpoint,low,True,/music/search_artist_entity_by_name,1,1,1,0.029583461582660675,1.0,0,0,0,0.0,0.0,0.0,0.0,0.0,True,0.0,0.0
02f56cb2e5d77ee549b77b571c6ba8259648cab901fa67c47f86c62ff408ad93,fb7058818d81657e950fac1d5e10c308492e7f74699cd30c929a980e320c7bac,confirmatory_test,music,post-processing,static,expanded_retrieval_multi_endpoint,expanded,True,/music/search_artist_entity_by_name|/music/search_song_entity_by_name,2,2,2,0.058875419199466705,2.0,0,0,0,0.0,0.0,0.0,0.0,0.0,True,0.0,0.0
02f56cb2e5d77ee549b77b571c6ba8259648cab901fa67c47f86c62ff408ad93,fb7058818d81657e950fac1d5e10c308492e7f74699cd30c929a980e320c7bac,confirmatory_test,music,post-processing,static,adaptive_routing_on_insufficient_evidence,adaptive,True,/music/search_artist_entity_by_name|/music/search_song_entity_by_name,2,2,2,0.05758460611104965,2.0,0,0,0,0.0,0.0,0.0,0.0,0.0,True,0.0,0.0
02f56cb2e5d77ee549b77b571c6ba8259648cab901fa67c47f86c62ff408ad93,fb7058818d81657e950fac1d5e10c308492e7f74699cd30c929a980e320c7bac,confirmatory_test,music,post-processing,static,measured_cost_minimizer_at_quality_floor,measured,True,/music/search_artist_entity_by_name,1,1,1,0.028541311621665955,1.0,0,0,0,0.0,0.0,0.0,0.0,0.0,True,0.0,0.0
02f56cb2e5d77ee549b77b571c6ba8259648cab901fa67c47f86c62ff408ad93,fb7058818d81657e950fac1d5e10c308492e7f74699cd30c929a980e320c7bac,confirmatory_test,music,post-processing,static,measured_latency_minimizer_at_quality_floor,measured,True,/music/search_artist_entity_by_name,1,1,1,0.03087427467107773,1.0,0,0,0,0.0,0.0,0.0,0.0,0.0,True,0.0,0.0
02f56cb2e5d77ee549b77b571c6ba8259648cab901fa67c47f86c62ff408ad93,fb7058818d81657e950fac1d5e10c308492e7f74699cd30c929a980e320c7bac,confirmatory_test,music,post-processing,static,quality_only_best_on_validation,quality,True,/music/search_artist_entity_by_name|/music/search_song_entity_by_name,2,2,2,0.05700066685676575,2.0,0,0,0,0.0,0.0,0.0,0.0,0.0,True,0.0,0.0
02f56cb2e5d77ee549b77b571c6ba8259648cab901fa67c47f86c62ff408ad93,fb7058818d81657e950fac1d5e10c308492e7f74699cd30c929a980e320c7bac,confirmatory_test,music,post-processing,static,constrained_quality_optimizer,constrained,True,/music/search_artist_entity_by_name|/music/search_song_entity_by_name,2,2,2,0.05920883268117905,2.0,0,0,0,0.0,0.0,0.0,0.0,0.0,True,0.0,0.0
02f56cb2e5d77ee549b77b571c6ba8259648cab901fa67c47f86c62ff408ad93,fb7058818d81657e950fac1d5e10c308492e7f74699cd30c929a980e320c7bac,confirmatory_test,music,post-processing,static,pareto_frontier_selector,pareto,True,/music/search_artist_entity_by_name|/music/search_song_entity_by_name,2,2,2,0.057291239500045776,2.0,0,0,0,0.0,0.0,0.0,0.0,0.0,True,0.0,0.0
02f56cb2e5d77ee549b77b571c6ba8259648cab901fa67c47f86c62ff408ad93,fb7058818d81657e950fac1d5e10c308492e7f74699cd30c929a980e320c7bac,confirmatory_test,music,post-processing,static,governed_selection,governed,True,/music/search_artist_entity_by_name|/music/search_song_entity_by_name,2,2,2,0.0638747587800026,2.0,0,0,0,0.0,0.0,0.0,0.0,0.0,True,0.0,0.0
02f56cb2e5d77ee549b77b571c6ba8259648cab901fa67c47f86c62ff408ad93,fb7058818d81657e950fac1d5e10c308492e7f74699cd30c929a980e320c7bac,confirmatory_test,music,post-processing,static,static_default_policy,static,True,/music/search_artist_entity_by_name,1,1,1,0.030749477446079254,1.0,0,0,0,0.0,0.0,0.0,0.0,0.0,True,0.0,0.0
02f56cb2e5d77ee549b77b571c6ba8259648cab901fa67c47f86c62ff408ad93,fb7058818d81657e950fac1d5e10c308492e7f74699cd30c929a980e320c7bac,confirmatory_test,music,post-processing,static,rag_compass_optional,rag,True,/music/search_song_entity_by_name|/music/search_artist_entity_by_name,2,2,2,0.05879253149032593,2.0,0,0,0,0.0,0.0,0.0,0.0,0.0,True,0.0,0.0
e4cef1686c3f4ba961adf5c9214ea198cbfb21c89c24d2b6af7df3444069cdcd,e53b1b715642feca2660e6c45cae32bf50fb5c3de36380f2c9ba97aa968c8607,validation,music,set,static,low_retrieval_single_endpoint,low,True,/music/search_artist_entity_by_name,1,1,1,0.031375326216220856,1.0,0,0,0,0.0,0.0,0.0,0.0,0.0,True,0.0,0.0
e4cef1686c3f4ba961adf5c9214ea198cbfb21c89c24d2b6af7df3444069cdcd,e53b1b715642feca2660e6c45cae32bf50fb5c3de36380f2c9ba97aa968c8607,validation,music,set,static,expanded_retrieval_multi_endpoint,expanded,True,/music/search_artist_entity_by_name|/music/search_song_entity_by_name,2,2,2,0.056667253375053406,2.0,0,0,0,0.0,0.0,0.0,0.0,0.0,True,0.0,0.0
e4cef1686c3f4ba961adf5c9214ea198cbfb21c89c24d2b6af7df3444069cdcd,e53b1b715642feca2660e6c45cae32bf50fb5c3de36380f2c9ba97aa968c8607,validation,music,set,static,adaptive_routing_on_insufficient_evidence,adaptive,True,/music/search_artist_entity_by_name|/music/search_song_entity_by_name,2,2,2,0.06066635251045227,2.0,0,0,0,0.0,0.0,0.0,0.0,0.0,True,0.0,0.0
e4cef1686c3f4ba961adf5c9214ea198cbfb21c89c24d2b6af7df3444069cdcd,e53b1b715642feca2660e6c45cae32bf50fb5c3de36380f2c9ba97aa968c8607,validation,music,set,static,measured_cost_minimizer_at_quality_floor,measured,True,/music/search_artist_entity_by_name,1,1,1,0.028500333428382874,1.0,0,0,0,0.0,0.0,0.0,0.0,0.0,True,0.0,0.0
e4cef1686c3f4ba961adf5c9214ea198cbfb21c89c24d2b6af7df3444069cdcd,e53b1b715642feca2660e6c45cae32bf50fb5c3de36380f2c9ba97aa968c8607,validation,music,set,static,measured_latency_minimizer_at_quality_floor,measured,True,/music/search_artist_entity_by_name,1,1,1,0.0288328155875206,1.0,0,0,0,0.0,0.0,0.0,0.0,0.0,True,0.0,0.0
e4cef1686c3f4ba961adf5c9214ea198cbfb21c89c24d2b6af7df3444069cdcd,e53b1b715642feca2660e6c45cae32bf50fb5c3de36380f2c9ba97aa968c8607,validation,music,set,static,quality_only_best_on_validation,quality,True,/music/search_artist_entity_by_name|/music/search_song_entity_by_name,2,2,2,0.10820850729942322,2.0,0,0,0,0.0,0.0,0.0,0.0,0.0,True,0.0,0.0
e4cef1686c3f4ba961adf5c9214ea198cbfb21c89c24d2b6af7df3444069cdcd,e53b1b715642feca2660e6c45cae32bf50fb5c3de36380f2c9ba97aa968c8607,validation,music,set,static,constrained_quality_optimizer,constrained,True,/music/search_artist_entity_by_name|/music/search_song_entity_by_name,2,2,2,0.07679127156734467,2.0,0,0,0,0.0,0.0,0.0,0.0,0.0,True,0.0,0.0
e4cef1686c3f4ba961adf5c9214ea198cbfb21c89c24d2b6af7df3444069cdcd,e53b1b715642feca2660e6c45cae32bf50fb5c3de36380f2c9ba97aa968c8607,validation,music,set,static,pareto_frontier_selector,pareto,True,/music/search_artist_entity_by_name|/music/search_song_entity_by_name,2,2,2,0.2054153010249138,2.0,0,0,0,0.0,0.0,0.0,0.0,0.0,True,0.0,0.0
e4cef1686c3f4ba961adf5c9214ea198cbfb21c89c24d2b6af7df3444069cdcd,e53b1b715642feca2660e6c45cae32bf50fb5c3de36380f2c9ba97aa968c8607,validation,music,set,static,governed_selection,governed,True,/music/search_artist_entity_by_name|/music/search_song_entity_by_name,2,2,2,0.08141621947288513,2.0,0,0,0,0.0,0.0,0.0,0.0,0.0,True,0.0,0.0
e4cef1686c3f4ba961adf5c9214ea198cbfb21c89c24d2b6af7df3444069cdcd,e53b1b715642feca2660e6c45cae32bf50fb5c3de36380f2c9ba97aa968c8607,validation,music,set,static,static_default_policy,static,True,/music/search_artist_entity_by_name,1,1,1,0.03304146230220795,1.0,0,0,0,0.0,0.0,0.0,0.0,0.0,True,0.0,0.0
e4cef1686c3f4ba961adf5c9214ea198cbfb21c89c24d2b6af7df3444069cdcd,e53b1b715642feca2660e6c45cae32bf50fb5c3de36380f2c9ba97aa968c8607,validation,music,set,static,rag_compass_optional,rag,True,/music/search_song_entity_by_name|/music/search_artist_entity_by_name,2,2,2,0.06591621786355972,2.0,0,0,0,0.0,0.0,0.0,0.0,0.0,True,0.0,0.0
8efc942eee5a8f991f5ab643cfc84b92f7b470dea41d29046d0e572bae6e1dd2,5490926e556b5f0189c0bb2e49cc31efd913950f8c4e8595fb255ace0136dd7d,confirmatory_test,open,simple,static,low_retrieval_single_endpoint,low,True,/open/search_entity_by_name,1,1,1,0.035082921385765076,1.0,0,0,0,0.0,0.0,0.0,0.0,0.0,True,0.0,0.0
8efc942eee5a8f991f5ab643cfc84b92f7b470dea41d29046d0e572bae6e1dd2,5490926e556b5f0189c0bb2e49cc31efd913950f8c4e8595fb255ace0136dd7d,confirmatory_test,open,simple,static,expanded_retrieval_multi_endpoint,expanded,True,/open/search_entity_by_name|/open/get_entity,2,2,2,0.06766617298126221,2.0,0,0,0,0.0,0.0,0.0,0.0,0.0,True,0.0,0.0
8efc942eee5a8f991f5ab643cfc84b92f7b470dea41d29046d0e572bae6e1dd2,5490926e556b5f0189c0bb2e49cc31efd913950f8c4e8595fb255ace0136dd7d,confirmatory_test,open,simple,static,adaptive_routing_on_insufficient_evidence,adaptive,True,/open/search_entity_by_name|/open/get_entity,2,2,2,0.060916878283023834,2.0,0,0,0,0.0,0.0,0.0,0.0,0.0,True,0.0,0.0
8efc942eee5a8f991f5ab643cfc84b92f7b470dea41d29046d0e572bae6e1dd2,5490926e556b5f0189c0bb2e49cc31efd913950f8c4e8595fb255ace0136dd7d,confirmatory_test,open,simple,static,measured_cost_minimizer_at_quality_floor,measured,True,/open/search_entity_by_name,1,1,1,0.03208313137292862,1.0,0,0,0,0.0,0.0,0.0,0.0,0.0,True,0.0,0.0
8efc942eee5a8f991f5ab643cfc84b92f7b470dea41d29046d0e572bae6e1dd2,5490926e556b5f0189c0bb2e49cc31efd913950f8c4e8595fb255ace0136dd7d,confirmatory_test,open,simple,static,measured_latency_minimizer_at_quality_floor,measured,True,/open/search_entity_by_name,1,1,1,0.037250109016895294,1.0,0,0,0,0.0,0.0,0.0,0.0,0.0,True,0.0,0.0
8efc942eee5a8f991f5ab643cfc84b92f7b470dea41d29046d0e572bae6e1dd2,5490926e556b5f0189c0bb2e49cc31efd913950f8c4e8595fb255ace0136dd7d,confirmatory_test,open,simple,static,quality_only_best_on_validation,quality,True,/open/search_entity_by_name|/open/get_entity,2,2,2,0.06116647273302078,2.0,0,0,0,0.0,0.0,0.0,0.0,0.0,True,0.0,0.0
8efc942eee5a8f991f5ab643cfc84b92f7b470dea41d29046d0e572bae6e1dd2,5490926e556b5f0189c0bb2e49cc31efd913950f8c4e8595fb255ace0136dd7d,confirmatory_test,open,simple,static,constrained_quality_optimizer,constrained,True,/open/search_entity_by_name|/open/get_entity,2,2,2,0.06350036710500717,2.0,0,0,0,0.0,0.0,0.0,0.0,0.0,True,0.0,0.0
8efc942eee5a8f991f5ab643cfc84b92f7b470dea41d29046d0e572bae6e1dd2,5490926e556b5f0189c0bb2e49cc31efd913950f8c4e8595fb255ace0136dd7d,confirmatory_test,open,simple,static,pareto_frontier_selector,pareto,True,/open/search_entity_by_name|/open/get_entity,2,2,2,0.06208289414644241,2.0,0,0,0,0.0,0.0,0.0,0.0,0.0,True,0.0,0.0
8efc942eee5a8f991f5ab643cfc84b92f7b470dea41d29046d0e572bae6e1dd2,5490926e556b5f0189c0bb2e49cc31efd913950f8c4e8595fb255ace0136dd7d,confirmatory_test,open,simple,static,governed_selection,governed,True,/open/search_entity_by_name|/open/get_entity,2,2,2,0.06470922380685806,2.0,0,0,0,0.0,0.0,0.0,0.0,0.0,True,0.0,0.0
8efc942eee5a8f991f5ab643cfc84b92f7b470dea41d29046d0e572bae6e1dd2,5490926e556b5f0189c0bb2e49cc31efd913950f8c4e8595fb255ace0136dd7d,confirmatory_test,open,simple,static,static_default_policy,static,True,/open/search_entity_by_name,1,1,1,0.029916875064373016,1.0,0,0,0,0.0,0.0,0.0,0.0,0.0,True,0.0,0.0
8efc942eee5a8f991f5ab643cfc84b92f7b470dea41d29046d0e572bae6e1dd2,5490926e556b5f0189c0bb2e49cc31efd913950f8c4e8595fb255ace0136dd7d,confirmatory_test,open,simple,static,rag_compass_optional,rag,True,/open/get_entity|/open/search_entity_by_name,2,2,2,0.05995761603116989,2.0,0,0,0,0.0,0.0,0.0,0.0,0.0,True,0.0,0.0
4573afc52bf6285aa8cf472d0e142f699d3b4cf163ff25b03ad77147da3d4668,38d6dab4279644bf73ff3ea5ed39fcb31e52c4162af9304ebf6aa1107d1f7203,calibration,music,set,static,low_retrieval_single_endpoint,low,True,/music/search_artist_entity_by_name,1,1,1,0.03312528133392334,1.0,0,0,0,0.0,0.0,0.0,0.0,0.0,True,0.0,0.0
4573afc52bf6285aa8cf472d0e142f699d3b4cf163ff25b03ad77147da3d4668,38d6dab4279644bf73ff3ea5ed39fcb31e52c4162af9304ebf6aa1107d1f7203,calibration,music,set,static,expanded_retrieval_multi_endpoint,expanded,True,/music/search_artist_entity_by_name|/music/search_song_entity_by_name,2,2,2,0.05916692316532135,2.0,0,0,0,0.0,0.0,0.0,0.0,0.0,True,0.0,0.0
4573afc52bf6285aa8cf472d0e142f699d3b4cf163ff25b03ad77147da3d4668,38d6dab4279644bf73ff3ea5ed39fcb31e52c4162af9304ebf6aa1107d1f7203,calibration,music,set,static,adaptive_routing_on_insufficient_evidence,adaptive,True,/music/search_artist_entity_by_name|/music/search_song_entity_by_name,2,2,2,0.061874277889728546,2.0,0,0,0,0.0,0.0,0.0,0.0,0.0,True,0.0,0.0
4573afc52bf6285aa8cf472d0e142f699d3b4cf163ff25b03ad77147da3d4668,38d6dab4279644bf73ff3ea5ed39fcb31e52c4162af9304ebf6aa1107d1f7203,calibration,music,set,static,measured_cost_minimizer_at_quality_floor,measured,True,/music/search_artist_entity_by_name,1,1,1,0.03008265048265457,1.0,0,0,0,0.0,0.0,0.0,0.0,0.0,True,0.0,0.0
4573afc52bf6285aa8cf472d0e142f699d3b4cf163ff25b03ad77147da3d4668,38d6dab4279644bf73ff3ea5ed39fcb31e52c4162af9304ebf6aa1107d1f7203,calibration,music,set,static,measured_latency_minimizer_at_quality_floor,measured,True,/music/search_artist_entity_by_name,1,1,1,0.03204122185707092,1.0,0,0,0,0.0,0.0,0.0,0.0,0.0,True,0.0,0.0
4573afc52bf6285aa8cf472d0e142f699d3b4cf163ff25b03ad77147da3d4668,38d6dab4279644bf73ff3ea5ed39fcb31e52c4162af9304ebf6aa1107d1f7203,calibration,music,set,static,quality_only_best_on_validation,quality,True,/music/search_artist_entity_by_name|/music/search_song_entity_by_name,2,2,2,0.06124936044216156,2.0,0,0,0,0.0,0.0,0.0,0.0,0.0,True,0.0,0.0
4573afc52bf6285aa8cf472d0e142f699d3b4cf163ff25b03ad77147da3d4668,38d6dab4279644bf73ff3ea5ed39fcb31e52c4162af9304ebf6aa1107d1f7203,calibration,music,set,static,constrained_quality_optimizer,constrained,True,/music/search_artist_entity_by_name|/music/search_song_entity_by_name,2,2,2,0.05954224616289139,2.0,0,0,0,0.0,0.0,0.0,0.0,0.0,True,0.0,0.0
4573afc52bf6285aa8cf472d0e142f699d3b4cf163ff25b03ad77147da3d4668,38d6dab4279644bf73ff3ea5ed39fcb31e52c4162af9304ebf6aa1107d1f7203,calibration,music,set,static,pareto_frontier_selector,pareto,True,/music/search_artist_entity_by_name|/music/search_song_entity_by_name,2,2,2,0.06220955401659012,2.0,0,0,0,0.0,0.0,0.0,0.0,0.0,True,0.0,0.0
4573afc52bf6285aa8cf472d0e142f699d3b4cf163ff25b03ad77147da3d4668,38d6dab4279644bf73ff3ea5ed39fcb31e52c4162af9304ebf6aa1107d1f7203,calibration,music,set,static,governed_selection,governed,True,/music/search_artist_entity_by_name|/music/search_song_entity_by_name,2,2,2,0.08533243089914322,2.0,0,0,0,0.0,0.0,0.0,0.0,0.0,True,0.0,0.0
4573afc52bf6285aa8cf472d0e142f699d3b4cf163ff25b03ad77147da3d4668,38d6dab4279644bf73ff3ea5ed39fcb31e52c4162af9304ebf6aa1107d1f7203,calibration,music,set,static,static_default_policy,static,True,/music/search_artist_entity_by_name,1,1,1,0.03683473914861679,1.0,0,0,0,0.0,0.0,0.0,0.0,0.0,True,0.0,0.0
4573afc52bf6285aa8cf472d0e142f699d3b4cf163ff25b03ad77147da3d4668,38d6dab4279644bf73ff3ea5ed39fcb31e52c4162af9304ebf6aa1107d1f7203,calibration,music,set,static,rag_compass_optional,rag,True,/music/search_song_entity_by_name|/music/search_artist_entity_by_name,2,2,2,0.06883405148983002,2.0,0,0,0,0.0,0.0,0.0,0.0,0.0,True,0.0,0.0
6bf3e6aea9d9a42500fb39c665a2bd96ee4c6e26aba252493780a9683cdef6d3,09353a74f2763a8901d69da1ca4d342d7dc5b9f411b94b34b5a4faaac078342a,calibration,open,aggregation,slow-changing,low_retrieval_single_endpoint,low,True,/open/search_entity_by_name,1,1,1,0.033375807106494904,1.0,0,0,0,0.0,0.0,0.0,0.0,0.0,True,0.0,0.0
6bf3e6aea9d9a42500fb39c665a2bd96ee4c6e26aba252493780a9683cdef6d3,09353a74f2763a8901d69da1ca4d342d7dc5b9f411b94b34b5a4faaac078342a,calibration,open,aggregation,slow-changing,expanded_retrieval_multi_endpoint,expanded,True,/open/search_entity_by_name|/open/get_entity,2,2,2,0.06591528654098511,2.0,0,0,0,0.0,0.0,0.0,0.0,0.0,True,0.0,0.0
6bf3e6aea9d9a42500fb39c665a2bd96ee4c6e26aba252493780a9683cdef6d3,09353a74f2763a8901d69da1ca4d342d7dc5b9f411b94b34b5a4faaac078342a,calibration,open,aggregation,slow-changing,adaptive_routing_on_insufficient_evidence,adaptive,True,/open/search_entity_by_name|/open/get_entity,2,2,2,0.06287544965744019,2.0,0,0,0,0.0,0.0,0.0,0.0,0.0,True,0.0,0.0
6bf3e6aea9d9a42500fb39c665a2bd96ee4c6e26aba252493780a9683cdef6d3,09353a74f2763a8901d69da1ca4d342d7dc5b9f411b94b34b5a4faaac078342a,calibration,open,aggregation,slow-changing,measured_cost_minimizer_at_quality_floor,measured,True,/open/search_entity_by_name,1,1,1,0.02987496554851532,1.0,0,0,0,0.0,0.0,0.0,0.0,0.0,True,0.0,0.0
6bf3e6aea9d9a42500fb39c665a2bd96ee4c6e26aba252493780a9683cdef6d3,09353a74f2763a8901d69da1ca4d342d7dc5b9f411b94b34b5a4faaac078342a,calibration,open,aggregation,slow-changing,measured_latency_minimizer_at_quality_floor,measured,True,/open/search_entity_by_name,1,1,1,0.03154110163450241,1.0,0,0,0,0.0,0.0,0.0,0.0,0.0,True,0.0,0.0
6bf3e6aea9d9a42500fb39c665a2bd96ee4c6e26aba252493780a9683cdef6d3,09353a74f2763a8901d69da1ca4d342d7dc5b9f411b94b34b5a4faaac078342a,calibration,open,aggregation,slow-changing,quality_only_best_on_validation,quality,True,/open/search_entity_by_name|/open/get_entity,2,2,2,0.05954038351774216,2.0,0,0,0,0.0,0.0,0.0,0.0,0.0,True,0.0,0.0
6bf3e6aea9d9a42500fb39c665a2bd96ee4c6e26aba252493780a9683cdef6d3,09353a74f2763a8901d69da1ca4d342d7dc5b9f411b94b34b5a4faaac078342a,calibration,open,aggregation,slow-changing,constrained_quality_optimizer,constrained,True,/open/search_entity_by_name|/open/get_entity,2,2,2,0.061581842601299286,2.0,0,0,0,0.0,0.0,0.0,0.0,0.0,True,0.0,0.0
6bf3e6aea9d9a42500fb39c665a2bd96ee4c6e26aba252493780a9683cdef6d3,09353a74f2763a8901d69da1ca4d342d7dc5b9f411b94b34b5a4faaac078342a,calibration,open,aggregation,slow-changing,pareto_frontier_selector,pareto,True,/open/search_entity_by_name|/open/get_entity,2,2,2,0.06174948066473007,2.0,0,0,0,0.0,0.0,0.0,0.0,0.0,True,0.0,0.0
6bf3e6aea9d9a42500fb39c665a2bd96ee4c6e26aba252493780a9683cdef6d3,09353a74f2763a8901d69da1ca4d342d7dc5b9f411b94b34b5a4faaac078342a,calibration,open,aggregation,slow-changing,governed_selection,governed,True,/open/search_entity_by_name|/open/get_entity,2,2,2,0.06129313260316849,2.0,0,0,0,0.0,0.0,0.0,0.0,0.0,True,0.0,0.0
6bf3e6aea9d9a42500fb39c665a2bd96ee4c6e26aba252493780a9683cdef6d3,09353a74f2763a8901d69da1ca4d342d7dc5b9f411b94b34b5a4faaac078342a,calibration,open,aggregation,slow-changing,static_default_policy,static,True,/open/search_entity_by_name,1,1,1,0.029667280614376068,1.0,0,0,0,0.0,0.0,0.0,0.0,0.0,True,0.0,0.0
6bf3e6aea9d9a42500fb39c665a2bd96ee4c6e26aba252493780a9683cdef6d3,09353a74f2763a8901d69da1ca4d342d7dc5b9f411b94b34b5a4faaac078342a,calibration,open,aggregation,slow-changing,rag_compass_optional,rag,True,/open/get_entity|/open/search_entity_by_name,2,2,2,0.061124563217163086,2.0,0,0,0,0.0,0.0,0.0,0.0,0.0,True,0.0,0.0
95f78ec6aab222b95d28f9b09a84de0cf2263b49c893d2eb52023d46abb6df8b,4597f348c6275ad6bd2114b07813763edb36a62b26a032e95bb185b8fe7b45f6,calibration,music,simple_w_condition,static,low_retrieval_single_endpoint,low,True,/music/search_artist_entity_by_name,1,1,1,0.0338749960064888,1.0,0,0,0,0.0,0.0,0.0,0.0,0.0,True,0.0,0.0
95f78ec6aab222b95d28f9b09a84de0cf2263b49c893d2eb52023d46abb6df8b,4597f348c6275ad6bd2114b07813763edb36a62b26a032e95bb185b8fe7b45f6,calibration,music,simple_w_condition,static,expanded_retrieval_multi_endpoint,expanded,True,/music/search_artist_entity_by_name|/music/search_song_entity_by_name,2,2,2,0.05995761603116989,2.0,0,0,0,0.0,0.0,0.0,0.0,0.0,True,0.0,0.0
95f78ec6aab222b95d28f9b09a84de0cf2263b49c893d2eb52023d46abb6df8b,4597f348c6275ad6bd2114b07813763edb36a62b26a032e95bb185b8fe7b45f6,calibration,music,simple_w_condition,static,adaptive_routing_on_insufficient_evidence,adaptive,True,/music/search_artist_entity_by_name|/music/search_song_entity_by_name,2,2,2,0.06404239684343338,2.0,0,0,0,0.0,0.0,0.0,0.0,0.0,True,0.0,0.0
95f78ec6aab222b95d28f9b09a84de0cf2263b49c893d2eb52023d46abb6df8b,4597f348c6275ad6bd2114b07813763edb36a62b26a032e95bb185b8fe7b45f6,calibration,music,simple_w_condition,static,measured_cost_minimizer_at_quality_floor,measured,True,/music/search_artist_entity_by_name,1,1,1,0.043584033846855164,1.0,0,0,0,0.0,0.0,0.0,0.0,0.0,True,0.0,0.0
95f78ec6aab222b95d28f9b09a84de0cf2263b49c893d2eb52023d46abb6df8b,4597f348c6275ad6bd2114b07813763edb36a62b26a032e95bb185b8fe7b45f6,calibration,music,simple_w_condition,static,measured_latency_minimizer_at_quality_floor,measured,True,/music/search_artist_entity_by_name,1,1,1,0.034125521779060364,1.0,0,0,0,0.0,0.0,0.0,0.0,0.0,True,0.0,0.0
95f78ec6aab222b95d28f9b09a84de0cf2263b49c893d2eb52023d46abb6df8b,4597f348c6275ad6bd2114b07813763edb36a62b26a032e95bb185b8fe7b45f6,calibration,music,simple_w_condition,static,quality_only_best_on_validation,quality,True,/music/search_artist_entity_by_name|/music/search_song_entity_by_name,2,2,2,0.06858352571725845,2.0,0,0,0,0.0,0.0,0.0,0.0,0.0,True,0.0,0.0
95f78ec6aab222b95d28f9b09a84de0cf2263b49c893d2eb52023d46abb6df8b,4597f348c6275ad6bd2114b07813763edb36a62b26a032e95bb185b8fe7b45f6,calibration,music,simple_w_condition,static,constrained_quality_optimizer,constrained,True,/music/search_artist_entity_by_name|/music/search_song_entity_by_name,2,2,2,0.06354134529829025,2.0,0,0,0,0.0,0.0,0.0,0.0,0.0,True,0.0,0.0
95f78ec6aab222b95d28f9b09a84de0cf2263b49c893d2eb52023d46abb6df8b,4597f348c6275ad6bd2114b07813763edb36a62b26a032e95bb185b8fe7b45f6,calibration,music,simple_w_condition,static,pareto_frontier_selector,pareto,True,/music/search_artist_entity_by_name|/music/search_song_entity_by_name,2,2,2,0.06504170596599579,2.0,0,0,0,0.0,0.0,0.0,0.0,0.0,True,0.0,0.0
95f78ec6aab222b95d28f9b09a84de0cf2263b49c893d2eb52023d46abb6df8b,4597f348c6275ad6bd2114b07813763edb36a62b26a032e95bb185b8fe7b45f6,calibration,music,simple_w_condition,static,governed_selection,governed,True,/music/search_artist_entity_by_name|/music/search_song_entity_by_name,2,2,2,0.05950126796960831,2.0,0,0,0,0.0,0.0,0.0,0.0,0.0,True,0.0,0.0
95f78ec6aab222b95d28f9b09a84de0cf2263b49c893d2eb52023d46abb6df8b,4597f348c6275ad6bd2114b07813763edb36a62b26a032e95bb185b8fe7b45f6,calibration,music,simple_w_condition,static,static_default_policy,static,True,/music/search_artist_entity_by_name,1,1,1,0.03004167228937149,1.0,0,0,0,0.0,0.0,0.0,0.0,0.0,True,0.0,0.0
95f78ec6aab222b95d28f9b09a84de0cf2263b49c893d2eb52023d46abb6df8b,4597f348c6275ad6bd2114b07813763edb36a62b26a032e95bb185b8fe7b45f6,calibration,music,simple_w_condition,static,rag_compass_optional,rag,True,/music/search_song_entity_by_name|/music/search_artist_entity_by_name,2,2,2,0.0604996457695961,2.0,0,0,0,0.0,0.0,0.0,0.0,0.0,True,0.0,0.0
0b4743177355faeae17d5b8cab77fa0e87894774d673c098dde5452c2d38929b,d5916b4f6f36b2efb6fcb1bbbba0897e7755e46ded20a4520fb4ceaffb899590,calibration,music,simple,static,low_retrieval_single_endpoint,low,True,/music/search_artist_entity_by_name,1,1,1,0.029208138585090637,1.0,0,0,0,0.0,0.0,0.0,0.0,0.0,True,0.0,0.0
0b4743177355faeae17d5b8cab77fa0e87894774d673c098dde5452c2d38929b,d5916b4f6f36b2efb6fcb1bbbba0897e7755e46ded20a4520fb4ceaffb899590,calibration,music,simple,static,expanded_retrieval_multi_endpoint,expanded,True,/music/search_artist_entity_by_name|/music/search_song_entity_by_name,2,2,2,0.06150081753730774,2.0,0,0,0,0.0,0.0,0.0,0.0,0.0,True,0.0,0.0
0b4743177355faeae17d5b8cab77fa0e87894774d673c098dde5452c2d38929b,d5916b4f6f36b2efb6fcb1bbbba0897e7755e46ded20a4520fb4ceaffb899590,calibration,music,simple,static,adaptive_routing_on_insufficient_evidence,adaptive,True,/music/search_artist_entity_by_name|/music/search_song_entity_by_name,2,2,2,0.05916506052017212,2.0,0,0,0,0.0,0.0,0.0,0.0,0.0,True,0.0,0.0
0b4743177355faeae17d5b8cab77fa0e87894774d673c098dde5452c2d38929b,d5916b4f6f36b2efb6fcb1bbbba0897e7755e46ded20a4520fb4ceaffb899590,calibration,music,simple,static,measured_cost_minimizer_at_quality_floor,measured,True,/music/search_artist_entity_by_name,1,1,1,0.029916875064373016,1.0,0,0,0,0.0,0.0,0.0,0.0,0.0,True,0.0,0.0
0b4743177355faeae17d5b8cab77fa0e87894774d673c098dde5452c2d38929b,d5916b4f6f36b2efb6fcb1bbbba0897e7755e46ded20a4520fb4ceaffb899590,calibration,music,simple,static,measured_latency_minimizer_at_quality_floor,measured,True,/music/search_artist_entity_by_name,1,1,1,0.030833296477794647,1.0,0,0,0,0.0,0.0,0.0,0.0,0.0,True,0.0,0.0
0b4743177355faeae17d5b8cab77fa0e87894774d673c098dde5452c2d38929b,d5916b4f6f36b2efb6fcb1bbbba0897e7755e46ded20a4520fb4ceaffb899590,calibration,music,simple,static,quality_only_best_on_validation,quality,True,/music/search_artist_entity_by_name|/music/search_song_entity_by_name,2,2,2,0.059167854487895966,2.0,0,0,0,0.0,0.0,0.0,0.0,0.0,True,0.0,0.0
0b4743177355faeae17d5b8cab77fa0e87894774d673c098dde5452c2d38929b,d5916b4f6f36b2efb6fcb1bbbba0897e7755e46ded20a4520fb4ceaffb899590,calibration,music,simple,static,constrained_quality_optimizer,constrained,True,/music/search_artist_entity_by_name|/music/search_song_entity_by_name,2,2,2,0.061207450926303864,2.0,0,0,0,0.0,0.0,0.0,0.0,0.0,True,0.0,0.0
0b4743177355faeae17d5b8cab77fa0e87894774d673c098dde5452c2d38929b,d5916b4f6f36b2efb6fcb1bbbba0897e7755e46ded20a4520fb4ceaffb899590,calibration,music,simple,static,pareto_frontier_selector,pareto,True,/music/search_artist_entity_by_name|/music/search_song_entity_by_name,2,2,2,0.05654245615005493,2.0,0,0,0,0.0,0.0,0.0,0.0,0.0,True,0.0,0.0
0b4743177355faeae17d5b8cab77fa0e87894774d673c098dde5452c2d38929b,d5916b4f6f36b2efb6fcb1bbbba0897e7755e46ded20a4520fb4ceaffb899590,calibration,music,simple,static,governed_selection,governed,True,/music/search_artist_entity_by_name|/music/search_song_entity_by_name,2,2,2,0.05883257836103439,2.0,0,0,0,0.0,0.0,0.0,0.0,0.0,True,0.0,0.0
0b4743177355faeae17d5b8cab77fa0e87894774d673c098dde5452c2d38929b,d5916b4f6f36b2efb6fcb1bbbba0897e7755e46ded20a4520fb4ceaffb899590,calibration,music,simple,static,static_default_policy,static,True,/music/search_artist_entity_by_name,1,1,1,0.03312528133392334,1.0,0,0,0,0.0,0.0,0.0,0.0,0.0,True,0.0,0.0
0b4743177355faeae17d5b8cab77fa0e87894774d673c098dde5452c2d38929b,d5916b4f6f36b2efb6fcb1bbbba0897e7755e46ded20a4520fb4ceaffb899590,calibration,music,simple,static,rag_compass_optional,rag,True,/music/search_song_entity_by_name|/music/search_artist_entity_by_name,2,2,2,0.059165991842746735,2.0,0,0,0,0.0,0.0,0.0,0.0,0.0,True,0.0,0.0
