path,bytes,sha256
.dockerignore,359,7db947a2e9c9c139f72b1a25ba3497f03a14b360ad82e6c8678eb490899a8240
.gitattributes,261,fcd6699b9b87914dc5b92aa5e986696b883c6c24a7722d6bfde3679b8213c66c
.github/workflows/ci.yml,389,0e4a7d76b43744901a5a54fc1b5ae23d5b7ec4fda2e55c2881c24b0482d5d260
.github/workflows/publication-check.yml,297,b52e81a4e44ab3521173c6a0947aaa6a57bc7d938ea28916fc835929a7453904
.gitignore,185,5cec943b356da34fac02965434c4684389813ac09ab7dd1dfbd314642b5d9bfb
CITATION.cff,336,e7ae4061bab106e1b1d755587a03f20eb2727035436eb607a7f622b02169b3c6
CODE_OF_CONDUCT.md,138,1dbec3c87ad371c935452d7939cf90755c9ae09882df19750c5d3da642489ebb
CONTRIBUTING.md,476,e96721f30b8c83e430c79ab37f5ebf377253cb7f1209005610346b2e4eb782ed
Dockerfile,1553,959ab30510d7bdbc1a35a327c92ec43e33ae31b29535d7cef3af7c06b555a33a
LICENSE,629,df226addde6049a5f5df1ac5a2d17eaf8e8b3f4b99f4e60afb2c6cded15ccddf
Makefile,2062,4636255b09894be63ba2428c03e2d6fab97f6b882c23852128bbcbbaa243df57
README.md,14878,c8046aae5ca18d29d15e393a8f1bbabfdb499939d07d2df12b4cb60040d85ac2
SECURITY.md,270,c2e9063b787a9d38aa665da803b6af5157e12a6ebb0267b6d58748955acf37db
artifacts/README.md,336,df11fa75eb8c875cd0029f8018cdde9e23b829fb95137e861b1829dd9eee26ae
artifacts/aim_hardware_characterization/artifact_size_summary.csv,184,6cce8dc93118c9e96ef6b001a3508a28aff8e5666d1f76d7c7e9e7190718efd7
artifacts/aim_hardware_characterization/generator_throughput_results.csv,79,6584c54da78e466a20e4f97e977277768f78dfac0738abb9f89ace36dc37b08d
artifacts/aim_hardware_characterization/hardware_characterization_report.md,351,08f5fd74db8d66db28e567eaeaed6151b54342ac3e5549a61dbe27501ba2d221
artifacts/aim_hardware_characterization/hardware_manifest.json,645,3b89f0559a096356470fcec54ee6f0150a15daf79bc9fa333b0d1e1f2d565a86
artifacts/aim_hardware_characterization/runtime_benchmark_results.csv,132,b74c6dba5e76bb71a61a61bc5e10a9581c19039e7f5ab9f63dd1d19db58be487
artifacts/aim_hardware_matrix/artifact_size_summary.csv,134,0b44874afd818a835d31f7c119fdd64c62eb327f6cc93d00669ee49bf7f35ad0
artifacts/aim_hardware_matrix/hardware_matrix_manifest.json,625,b49cf306228232b6077771f184b30ed47a1f362f022c9951d5f25ffe4b47619a
artifacts/aim_hardware_matrix/hardware_matrix_report.md,158,5d65561fc41465a733816698e477e3b7f7e42480062e437d234ddac0460f12e0
artifacts/aim_hardware_matrix/runtime_benchmark_results.csv,59,c2a52fc6caac3afad3db465966335813db2c18062dfb83486c6944467ad91d6b
artifacts/audit/publication_export_manifest.json,66118,c12cea2c6de675f9db71a60cdcd4034234da731358e0de2c1abced94292dbb74
artifacts/audit/publication_export_manifest.md,420,419039b7a3b78ff033a6fff479d1b2e02a7e1b1099f3d4b667a856c510fef988
artifacts/audit/publication_safety_audit.json,710,3781ee9941ff2292b4d6308efa8e4c7252522a644a14a786f55637212b308172
artifacts/audit/publication_safety_audit.md,192,1ca1a2ad2f80eb46260f86d5f73d9b32992455b483b8260d0d2e2bfd36c75758
artifacts/baselines/baseline_comparison_report.md,388,ccb62384c3bbc2317720743686e036e172372626ea4c2ce0221b69b0fa9ed987
artifacts/baselines/constrained_optimizer_result.json,340,7756286ac50d7b351bc7d8e607b261bc5c1c1cfb62917177c373d8f17e69e45e
artifacts/baselines/deployment_aware_baseline_comparison.csv,835,140fa0d0d47e453bdd84d8fdd8dcb1742ad8d0318e1cc3d2bd5e17d6e05aff71
artifacts/baselines/pareto_frontier_analysis.json,191,d52ca43e7c2fb2a88479d01779ddf27a59b2e70d46e67679b29c684e2b47a0e2
artifacts/behavioral_governance/pareto_frontier.csv,915,2cc05d96046abfc92754ddca907486c1b61520cb3600136ca6148c0dedf6afd4
artifacts/behavioral_governance/per_query_policy_results.csv,2731646,1f9b7c2f08dfbd31cc94bff233668a169f3cda04f47acf124c4d457d5be83679
artifacts/behavioral_governance/policy_summary_metrics.csv,2361,74879c4d110425838b3b222ab52bcefc7ff25934e65048b58d28f0950d637e4a
artifacts/behavioral_governance/primary_outcome_manifest.json,2120,4e97e5e2c71fa71abe5edf5e4c51713ce0def85c4dc946e48b8c955038c4a8c6
artifacts/behavioral_governance/primary_outcome_report.md,989,96e22312b16a61191865984f8e2f90af971f1cf5fa8dbe0d05b24053a647bf54
artifacts/behavioral_governance/primary_outcome_statistics.json,2120,4e97e5e2c71fa71abe5edf5e4c51713ce0def85c4dc946e48b8c955038c4a8c6
artifacts/behavioral_governance/selector_comparison.csv,835,140fa0d0d47e453bdd84d8fdd8dcb1742ad8d0318e1cc3d2bd5e17d6e05aff71
artifacts/behavioral_governance_repeat/repeat_manifest.json,112,ee39a70fd6f1dda03bf3267b7ae1ed8797b8407a109031d6265ba76de19d612e
artifacts/behavioral_governance_repeat/repeat_report.md,296,bb9c9849a1eebf46e7c76997774b31b9d286a805513b0f7ff7734eb8b18f298f
artifacts/behavioral_governance_repeat/repeat_results.csv,594,bc34007d0672d3eb4b1dfcf4001ca55d4d1185b31ef1f158b5c6ed5fdae799be
artifacts/behavioral_governance_repeat/sensitivity_results.csv,4298,57d8a9365a54fb6ebf1c50a445b475b3e2e67e7b55b8b6d55fc260430b5d1b26
artifacts/behavioral_policies/behavioral_distinction_matrix.csv,3798,1caf1e8950294460aa7570ba59ac262cf8dc067b8263d875f167d548bfe93d2b
artifacts/behavioral_policies/behavioral_distinction_report.md,379,2e7b6770234b67af9c216a2e7181573fb1ce5c43dbd45c2a1fd9671169207002
artifacts/behavioral_policies/policy_definitions.json,8715,3668fb23a35a078d3d579cb7f4bb3af9880ac74bcb7266e5fe72789f1c4fc98b
artifacts/behavioral_policies/policy_definitions.md,855,dd31c9fe1b3826104368ba4767449762ab52e7ffd96d3567f8b1cd23d35d231b
artifacts/certificates/README.md,157,ecfb982c1af9234e98d3be452c62bbe5877162c75247814b24f532d9cdab1c71
artifacts/crag_evaluator_mapping_v2/evaluator_mapping_diagnostics.csv,263,c9e56e5bc01f5fff6f1a2ee04f354deea2e03e523112c8d726a666055478b01c
artifacts/crag_evaluator_mapping_v2/evaluator_mapping_v2_manifest.json,802,f1b12bfd4593609e0da5f7895096d056ae483d76fd0c714dc94a756bb8e85485
artifacts/crag_evaluator_mapping_v2/evaluator_mapping_v2_report.md,256,1c0cbb8e71d05e9ce661f1a8d1c0ba0a97dae38d455a4e00c7c20ea19067ea34
artifacts/crag_evaluator_mapping_v2/evaluator_mapping_v2_result.json,802,f1b12bfd4593609e0da5f7895096d056ae483d76fd0c714dc94a756bb8e85485
artifacts/crag_evaluator_mapping_v2/evaluator_schema_report.md,188,0894347656f4bbf6361487e97666661a04e867550bd64254f1944caf6a79c56b
artifacts/deployment_readiness/deployment_readiness_manifest.json,1420,f6c85f22f1ab4ce0127e0f96d5e79e9671d631f343827a8cc0bf8d3656e766a8
artifacts/deployment_readiness/deployment_readiness_report.md,525,d56b4d40f41ceb5884a186ef27221e6f27d3d482e3ed8c30b34296842a5ad504
artifacts/deployment_readiness/deployment_target_matrix.csv,1041,296f1b9ba23b7b27d376bb65b3cbc280a067a1b752c3dab749a36c5124c45ced
artifacts/deployment_readiness/deployment_validation_results.csv,348,ef6dd6f5ea033df21bf3b52abf59704770829af5c7691c9ab08b763bc4082117
artifacts/deployment_readiness/promotion_decision.json,1319,431068ab1fa9c26fb321afc3d582f5854a94f4f0c1cf8ed0feada125b081158a
artifacts/docker_hardening/container_output_file_inventory.csv,457,b0f55b314235a1c38dd081bc0875209dd562a90b42c2770e569f46d8c4b06f07
artifacts/docker_hardening/container_runtime_diagnostics.json,571,29d6afd6a4cb0221da79cdfa6c4d66f596390b65caed760aa30715d0ba773800
artifacts/docker_hardening/container_runtime_diagnostics.md,337,75cdc8639a21210dc15bf5ca487d5a78bcc629638ec4748e186af08b58760d0d
artifacts/docker_hardening/container_security_scan_manifest.json,371,f7f8a28d286a74bd0486c1668b4743562eafc4731d06d7aee36b05c08877fdbf
artifacts/docker_hardening/container_security_scan_report.md,151,10a31f99fd8487c29fb8187ffb453c9849798b50e1934715216d3896e32b52f0
artifacts/docker_hardening/container_security_scan_summary.csv,261,5180e07d915e8f544962da3e98a13d63f759281655678236511be954ba8e3836
artifacts/docker_hardening/container_smoke_test_manifest.json,887,ade3da1f912b688a0449936ce83d657380d1a73d26e98e5115c0c14185119a10
artifacts/docker_hardening/container_smoke_test_report.md,261,25267abc4716a2fff6998b9a0997447bc3ab689b53eeb5cc4681547278e45ceb
artifacts/docker_hardening/container_smoke_test_results.csv,328,f0ea6bac7146dae839f6ed8d0c3c8508382be9aaed4fe3434890794d98132c4d
artifacts/docker_hardening/docker_static_validation.csv,1441,0a41be8dfd45d6071e2ecbe4ba6078d43b19f5193f3717dfd0fa08efb239815c
artifacts/docker_hardening/docker_static_validation.json,326,8e1ebb431b5b16f234568b298dafa384e24fab2d8fc5d198496e0b8addabeb0a
artifacts/docker_hardening/docker_static_validation_report.md,102,6136b1747e2b533e9daafad25056d7936025db6f5f83e1aef7fb337e11b81afb
artifacts/docker_hardening/promotion_decision_container.json,1133,1da8709ecc90fd78611e99e921c3325ea7c69c95567345282899ff20ca93dc87
artifacts/external_evaluator_adapters/external_evaluator_demo_report.md,330,98375d3575e75ef930e5caf4985cfa823d79ce56aa4147744235e587a0c1bc60
artifacts/external_evaluator_adapters/external_evaluator_manifest.json,758,3c68a145cf8ef791aedc322a190d4809aaa3d87525c53557bdebcca2104d5b0a
artifacts/external_evaluator_adapters/external_metric_summary.csv,449,5af7151d95110439f21d305a1cc0b937f45da6b23bb101e36bf0fc7c2264c0ce
artifacts/external_evaluator_adapters/normalized_external_metrics.csv,1549,9b4d5d745fc80af725e6f34fa62e5db3eb717025733c5f3d3e6742baa453c4aa
artifacts/external_evaluator_adapters/promotion_decision_from_external_metrics.json,758,3c68a145cf8ef791aedc322a190d4809aaa3d87525c53557bdebcca2104d5b0a
artifacts/external_evaluator_adapters_v2/external_evaluator_demo_report.md,178,272f019796122042498785c9366d273c832ee51ae388a8e73f44b33a5f97276c
artifacts/external_evaluator_adapters_v2/external_evaluator_manifest.json,530,9792d435cd9437ce31b3e711b98937ab1656a6ce38231506442fd268016e886b
artifacts/external_evaluator_adapters_v2/external_metric_summary.csv,97,9ee13b7a43107d0d7bb36df92dc2e15c4e5f7d1f02abdf2abedcd48d3358d4e2
artifacts/external_evaluator_adapters_v2/normalized_external_metrics.csv,2412,a3244b1688c5bb9c260149961c767df9201c53b19571cbb05e43e526d26cbebf
artifacts/external_evaluator_adapters_v2/promotion_decision_from_external_metrics.json,530,9792d435cd9437ce31b3e711b98937ab1656a6ce38231506442fd268016e886b
artifacts/fresh_clone_reproducibility/fresh_clone_commands.txt,893,a5e66f52cf3b1e447026f0e6c6b0b9877841549add6a4f64d91f34f6a04368e0
artifacts/fresh_clone_reproducibility/fresh_clone_manifest.json,385,686153295d21a71c42a913632f57b3f9f51cd1fe0cd85578657779a75df6e7cf
artifacts/fresh_clone_reproducibility/fresh_clone_report.md,194,ce23cd89d6539cd58612dbfb8b7874cf77a9254210877bd2ae430858219643da
artifacts/fresh_clone_reproducibility/fresh_clone_results.json,4128,3df172302c63bb66cf06d971c0413677bb2a0e3006f9b9fdf8ba4aea5b5dbebf
artifacts/fresh_live_crag_behavioral_governance/live_crag_acquisition_report.md,321,6d5c2954dfabf8e9bd592ffd2788e8a9dc788f63ef0088f7c5bae865fbbac031
artifacts/fresh_live_crag_behavioral_governance/live_crag_manifest.json,2425,4b79745d59f60bce246a2e24998343b7b0ec484c9f42cc369c28bd166f859c82
artifacts/fresh_live_crag_behavioral_governance/pareto_frontier.csv,34,75d1a80cd35584bfd9f7c2bc4c4a9bd89676632b0dc813f05cc7ffe3c44eaa3a
artifacts/fresh_live_crag_behavioral_governance/per_query_policy_results.csv,182501,fa11f9bf2fc9ff6e0cca870060a92d7e7229d01e303019dafdb7d5c09eabf811
artifacts/fresh_live_crag_behavioral_governance/policy_summary_metrics.csv,3209,1d86a452529e9a314d2d9cee56c40359834e1e1fdad4c9692e7433cf80b71748
artifacts/fresh_live_crag_behavioral_governance/primary_outcome_report.md,484,479298196ad124950cb82bc8ec5f7103383cdb02f590edaede175b5e5add9d6e
artifacts/fresh_live_crag_behavioral_governance/primary_outcome_statistics.json,2425,4b79745d59f60bce246a2e24998343b7b0ec484c9f42cc369c28bd166f859c82
artifacts/fresh_live_crag_behavioral_governance/selector_comparison.csv,349,5d6d4ded3250bea0c8975e8a6f0b7be15ae37cb121ba6d32559140321440c331
artifacts/fresh_live_crag_behavioral_governance/split_manifest.json,232,53cbeb78e72016f1820466c8730ab8030d8eb2e1c1a3184349034e4c883da4c3
artifacts/generative_llm_validation/crag/generative_crag_manifest.json,730,e56fc7b1e80031614e7f055ff1bf841b58f43956be1916254730832d6a0370d5
artifacts/generative_llm_validation/crag/generator_environment_report.md,257,7e51f34f05c23f295dd6a02f85f612a04bfa4b79bef54acde0b3bf9fc8a9a41f
artifacts/generative_llm_validation/crag/pareto_frontier.csv,374,9889c135f4b98526029d3cc4fb3a10be3f45dc9ea04f8411b0d36a39565c4a2d
artifacts/generative_llm_validation/crag/per_query_generation_metrics.csv,61480,a43609a8e21dc04f018e6e13691d1264a7d823e6137f888caa0c7d08f2615f42
artifacts/generative_llm_validation/crag/policy_summary_metrics.csv,1023,963e70b480ae0cc49d643b6c972e4ab4f69412f89ffb57ae9f7b6767b745d80a
artifacts/generative_llm_validation/crag/primary_outcome_report.md,383,af515cb43a4bc80fce5ac825ba96ba4bdcc6bdea5fc09a888a749b43cf00618a
artifacts/generative_llm_validation/crag/primary_outcome_statistics.json,2127,995da946bdbe3470e58d93a48036ed2a4b9422fd258923b5c25a4b0e4568d867
artifacts/generative_llm_validation/crag/quality_signal_diagnostics.csv,1226,b0b2713b1859f294738f7a3469caea7d705f2b2ea5c876d28a67fc9383b8fbad
artifacts/generative_llm_validation/crag/selector_comparison.csv,221,c6d780d11e9c030cb387a1f432332ec111a06b08d88d201bd4a538c9ef2c97a2
artifacts/generative_llm_validation/crag_evaluator_mapping/evaluator_mapping_diagnostics.csv,697,ba25c090f84924aaebdc29728a24d30265f300e768ed3c1a5f1e939069cf196c
artifacts/generative_llm_validation/crag_evaluator_mapping/evaluator_mapping_manifest.json,549,7599c2f3b4aa1a996e9b5670ed25306f03e93f11c3046e65090dd4e33d4c9ca5
artifacts/generative_llm_validation/crag_evaluator_mapping/evaluator_mapping_report.md,336,c537dcc86f32aa3c96008b8c5849857218cfecba8a3c25dac880d3ed8ef253d9
artifacts/generative_llm_validation/crag_evaluator_mapping/evaluator_mapping_result.json,793,02a882b1b1d9ffd8c1917989e3185d29294cb43ffdcc28b1fb27a5e0fa54fff7
artifacts/generative_llm_validation/crag_evaluator_mapping/evaluator_schema_report.md,324,fcf6cc80cdbd63f3423188355ed790c852efd456a72a02a885d626c3cae73b7b
artifacts/generative_llm_validation/crag_llama3_2_3b_guarded_latency_offset_0/generative_crag_manifest.json,701,3802517e531402d6201412859ecd61958c119105e77f5629a40d526033dc0dcd
artifacts/generative_llm_validation/crag_llama3_2_3b_guarded_latency_offset_0/generator_environment_report.md,228,390295863386d90dfd97a32fb1ca629c0ce7ff340114e7dfe3372c7cefdc11be
artifacts/generative_llm_validation/crag_llama3_2_3b_guarded_latency_offset_0/pareto_frontier.csv,216,06213925acdba7b306c66b4b9a6e466001843316d717718c96a7fae06595fb95
artifacts/generative_llm_validation/crag_llama3_2_3b_guarded_latency_offset_0/per_query_generation_metrics.csv,88702,b0bac25b7bb983a8d8d3f27381fa63cb77aa4fa647cf2cb6422efadd751b8cb7
artifacts/generative_llm_validation/crag_llama3_2_3b_guarded_latency_offset_0/policy_summary_metrics.csv,1053,8c337cc8c6f8d296716a7468a05f65093b5b999f2521c88c23c0ed53de68677a
artifacts/generative_llm_validation/crag_llama3_2_3b_guarded_latency_offset_0/primary_outcome_report.md,351,40f8bffb3fd502b531d535e6da5ce684db892960c4317174fbd5b4d0fbf7a7ba
artifacts/generative_llm_validation/crag_llama3_2_3b_guarded_latency_offset_0/primary_outcome_statistics.json,3096,fac4b29297700348226e996c46947515b27d82c128d8e82fe9637d338bb15d00
artifacts/generative_llm_validation/crag_llama3_2_3b_guarded_latency_offset_0/quality_signal_diagnostics.csv,1202,a9d60b11f0a995180569e6db522c442deb4b0b0e36ed433955c12dd719faac0e
artifacts/generative_llm_validation/crag_llama3_2_3b_guarded_latency_offset_0/selector_comparison.csv,523,1a9d5f0849c6be55a11ea25e74c620236438cfafd35f9ca335a41554a2beebf0
artifacts/generative_llm_validation/crag_llama3_2_3b_guarded_latency_offset_24/generative_crag_manifest.json,701,e8af8c7169ae7b9dcae3c22287e7ad6a6ee0418897a3d00bce8d7e817e9ef232
artifacts/generative_llm_validation/crag_llama3_2_3b_guarded_latency_offset_24/generator_environment_report.md,228,390295863386d90dfd97a32fb1ca629c0ce7ff340114e7dfe3372c7cefdc11be
artifacts/generative_llm_validation/crag_llama3_2_3b_guarded_latency_offset_24/pareto_frontier.csv,126,a1ceeb78af07d14e9aae96ad2c024d5f8c63d498423d69b27e247aca2ef6dbf9
artifacts/generative_llm_validation/crag_llama3_2_3b_guarded_latency_offset_24/per_query_generation_metrics.csv,89317,e9ac33951285e3156e4475fd98e149df48b3abe54d249da8d480fa72eeba3928
artifacts/generative_llm_validation/crag_llama3_2_3b_guarded_latency_offset_24/policy_summary_metrics.csv,1044,1e6e3c7a5abe4092f08de9ccc7c0f58df6f38e284287cc8963faa8764e7bedc6
artifacts/generative_llm_validation/crag_llama3_2_3b_guarded_latency_offset_24/primary_outcome_report.md,351,40f8bffb3fd502b531d535e6da5ce684db892960c4317174fbd5b4d0fbf7a7ba
artifacts/generative_llm_validation/crag_llama3_2_3b_guarded_latency_offset_24/primary_outcome_statistics.json,3080,391eb9f181932c285ab7c0c8ca114da8f11d3f4af45a8e08ec698d6d5aa0da0c
artifacts/generative_llm_validation/crag_llama3_2_3b_guarded_latency_offset_24/quality_signal_diagnostics.csv,1172,c5fa461a753cb6fde8755d909e0ceef7ec0ae53eef2d0f813db84b9ca392ba6b
artifacts/generative_llm_validation/crag_llama3_2_3b_guarded_latency_offset_24/selector_comparison.csv,523,1a9d5f0849c6be55a11ea25e74c620236438cfafd35f9ca335a41554a2beebf0
artifacts/generative_llm_validation/crag_llama3_2_3b_guarded_latency_offset_36/generative_crag_manifest.json,701,e8af8c7169ae7b9dcae3c22287e7ad6a6ee0418897a3d00bce8d7e817e9ef232
artifacts/generative_llm_validation/crag_llama3_2_3b_guarded_latency_offset_36/generator_environment_report.md,228,390295863386d90dfd97a32fb1ca629c0ce7ff340114e7dfe3372c7cefdc11be
artifacts/generative_llm_validation/crag_llama3_2_3b_guarded_latency_offset_36/pareto_frontier.csv,216,06213925acdba7b306c66b4b9a6e466001843316d717718c96a7fae06595fb95
artifacts/generative_llm_validation/crag_llama3_2_3b_guarded_latency_offset_36/per_query_generation_metrics.csv,90391,391ae55f2c1e312b5c4dab72e25ce7b26e7601910a9d2b452b65d69be54933a8
artifacts/generative_llm_validation/crag_llama3_2_3b_guarded_latency_offset_36/policy_summary_metrics.csv,1073,d8c45040a0579f0b1907c2b42e57578993598fcf97da4dca16d47e5e1889acd8
artifacts/generative_llm_validation/crag_llama3_2_3b_guarded_latency_offset_36/primary_outcome_report.md,351,40f8bffb3fd502b531d535e6da5ce684db892960c4317174fbd5b4d0fbf7a7ba
artifacts/generative_llm_validation/crag_llama3_2_3b_guarded_latency_offset_36/primary_outcome_statistics.json,3088,9f75c0282690891d3623b1022ef9fb627c1d10ee6f022ab56de1c8085a2306da
artifacts/generative_llm_validation/crag_llama3_2_3b_guarded_latency_offset_36/quality_signal_diagnostics.csv,1228,9205a0b4ddc8d46c5324c059a2c001b565cb0eec9a642b2d1a4c78106b4298d0
artifacts/generative_llm_validation/crag_llama3_2_3b_guarded_latency_offset_36/selector_comparison.csv,523,1a9d5f0849c6be55a11ea25e74c620236438cfafd35f9ca335a41554a2beebf0
artifacts/generative_llm_validation/crag_llama3_2_3b_guarded_latency_offset_60/generative_crag_manifest.json,701,e8af8c7169ae7b9dcae3c22287e7ad6a6ee0418897a3d00bce8d7e817e9ef232
artifacts/generative_llm_validation/crag_llama3_2_3b_guarded_latency_offset_60/generator_environment_report.md,228,390295863386d90dfd97a32fb1ca629c0ce7ff340114e7dfe3372c7cefdc11be
artifacts/generative_llm_validation/crag_llama3_2_3b_guarded_latency_offset_60/pareto_frontier.csv,126,a1ceeb78af07d14e9aae96ad2c024d5f8c63d498423d69b27e247aca2ef6dbf9
artifacts/generative_llm_validation/crag_llama3_2_3b_guarded_latency_offset_60/per_query_generation_metrics.csv,89729,5dda1ab5d1388e98be2f959c41652d64ff0b0b56eb343ffceba553390dc8c75b
artifacts/generative_llm_validation/crag_llama3_2_3b_guarded_latency_offset_60/policy_summary_metrics.csv,1045,6ebd70c763d3267b280bafbd54cc48b689210276b4aaaaf57c58a0e1d39dfa2c
artifacts/generative_llm_validation/crag_llama3_2_3b_guarded_latency_offset_60/primary_outcome_report.md,351,40f8bffb3fd502b531d535e6da5ce684db892960c4317174fbd5b4d0fbf7a7ba
artifacts/generative_llm_validation/crag_llama3_2_3b_guarded_latency_offset_60/primary_outcome_statistics.json,3061,fd9669855f2128cd883d7fbc813339f158934c4eb255ab81e9268e606b86ed9b
artifacts/generative_llm_validation/crag_llama3_2_3b_guarded_latency_offset_60/quality_signal_diagnostics.csv,1189,c3ce0cb837cb7d7df3422d344069078918130398f3edf9cbebd734623f58a676
artifacts/generative_llm_validation/crag_llama3_2_3b_guarded_latency_offset_60/selector_comparison.csv,523,1a9d5f0849c6be55a11ea25e74c620236438cfafd35f9ca335a41554a2beebf0
artifacts/generative_llm_validation/crag_llama3_2_3b_latency_selector_offset_0/generative_crag_manifest.json,718,639b2d645b0362e34826c596b940f23a52b18fd536094216fce774d525686fb9
artifacts/generative_llm_validation/crag_llama3_2_3b_latency_selector_offset_0/generator_environment_report.md,245,8a315e9adda899b95dc851af76830254ffa21962bf8aefe2a19e798fe4ebbaeb
artifacts/generative_llm_validation/crag_llama3_2_3b_latency_selector_offset_0/pareto_frontier.csv,366,c74b29e1f74dd77d9e331691e5e90e2225b787aed21e88cf216246e70eb8e1d7
artifacts/generative_llm_validation/crag_llama3_2_3b_latency_selector_offset_0/per_query_generation_metrics.csv,81160,c5b9576ebb22f677f34ef0c016c837cfdfa4c3b21f0cd8450344f2d0a73fa7ed
artifacts/generative_llm_validation/crag_llama3_2_3b_latency_selector_offset_0/policy_summary_metrics.csv,960,be3444dbaa29a766806e39db60916e8b0f00f130c6b2d505ee3138907a301b13
artifacts/generative_llm_validation/crag_llama3_2_3b_latency_selector_offset_0/primary_outcome_report.md,368,06b01003a9437d8d05d1f58126ca32c257247482639eab1dd5c8395e59ed84e8
artifacts/generative_llm_validation/crag_llama3_2_3b_latency_selector_offset_0/primary_outcome_statistics.json,2790,420df7adf74826d0bf4f00aa3dcc983c9bb3cc1d043cc393bd9b5ccb1329108b
artifacts/generative_llm_validation/crag_llama3_2_3b_latency_selector_offset_0/quality_signal_diagnostics.csv,1201,68d7cae5c0c183794459fd53f849e914a2be4c4eb4d2d21a1ba82fbd80a7595b
artifacts/generative_llm_validation/crag_llama3_2_3b_latency_selector_offset_0/selector_comparison.csv,463,893c44e5945d26824569fcc0af68dc35dd98d5f5f6662d24bbec1b838ef6b3c9
artifacts/generative_llm_validation/crag_llama3_2_3b_latency_selector_offset_24/generative_crag_manifest.json,736,76d0642f46dfc877ffa4797d7e702a11eb4e5f6315c10e8d89b20c3929642cab
artifacts/generative_llm_validation/crag_llama3_2_3b_latency_selector_offset_24/generator_environment_report.md,263,ad6da48f3c58221b72a42fb32addad313b8f1c5e33c9b39bfa91724f188aa296
artifacts/generative_llm_validation/crag_llama3_2_3b_latency_selector_offset_24/pareto_frontier.csv,191,53fd626e0a5f9732147a9bd421f6f20dd6220d96c89d22558375c887ad41cf76
artifacts/generative_llm_validation/crag_llama3_2_3b_latency_selector_offset_24/per_query_generation_metrics.csv,81754,295a56d303aa038d90a5afda5010a46f6b574e2797031394c400ba1f078cdbf6
artifacts/generative_llm_validation/crag_llama3_2_3b_latency_selector_offset_24/policy_summary_metrics.csv,956,ac08e7799c18045ef0304c23c033892121ccc4961d0f63bd7001df3c77f1bc1a
artifacts/generative_llm_validation/crag_llama3_2_3b_latency_selector_offset_24/primary_outcome_report.md,386,5c6af36c1c80836e9fb9c67799f23f17d3633e74e3ed96dfc279151dc549d2d6
artifacts/generative_llm_validation/crag_llama3_2_3b_latency_selector_offset_24/primary_outcome_statistics.json,2729,a687342072b8c5ed490273c2fa8ac65993b8146fa677983b14a6ff92b51accca
artifacts/generative_llm_validation/crag_llama3_2_3b_latency_selector_offset_24/quality_signal_diagnostics.csv,1199,f76cb7f47c0c5ce3087d818345b086fec6df21c2e4ef4459fb8b0240bbd683a2
artifacts/generative_llm_validation/crag_llama3_2_3b_latency_selector_offset_24/selector_comparison.csv,463,893c44e5945d26824569fcc0af68dc35dd98d5f5f6662d24bbec1b838ef6b3c9
artifacts/generative_llm_validation/crag_llama3_2_3b_latency_selector_offset_36/generative_crag_manifest.json,718,31c4eedceb4358bd1584e7d7a0f17ee3d2cb4da86e9d496d25346d933fe8e396
artifacts/generative_llm_validation/crag_llama3_2_3b_latency_selector_offset_36/generator_environment_report.md,245,8a315e9adda899b95dc851af76830254ffa21962bf8aefe2a19e798fe4ebbaeb
artifacts/generative_llm_validation/crag_llama3_2_3b_latency_selector_offset_36/pareto_frontier.csv,289,94c3db0680e7abf0b2847a679fc3824e001f761a1cae0964dc4a5151d6b1ea25
artifacts/generative_llm_validation/crag_llama3_2_3b_latency_selector_offset_36/per_query_generation_metrics.csv,82709,81d026a58b37457630269af54ce4123920d57c4f9b142d4ca1d037f49191bb05
artifacts/generative_llm_validation/crag_llama3_2_3b_latency_selector_offset_36/policy_summary_metrics.csv,982,b50e41d95320576f13e65392ec8effa6e75756076e819044bee1c11708a53d64
artifacts/generative_llm_validation/crag_llama3_2_3b_latency_selector_offset_36/primary_outcome_report.md,368,06b01003a9437d8d05d1f58126ca32c257247482639eab1dd5c8395e59ed84e8
artifacts/generative_llm_validation/crag_llama3_2_3b_latency_selector_offset_36/primary_outcome_statistics.json,2748,168cd76f42641296d189d036ad40f65d4da9b86214e1305532c9cf68a672cb60
artifacts/generative_llm_validation/crag_llama3_2_3b_latency_selector_offset_36/quality_signal_diagnostics.csv,1229,8742e5eed61d9752ec0a2cb58a6cf98e80beb52e708cba95518a5e7d11281343
artifacts/generative_llm_validation/crag_llama3_2_3b_latency_selector_offset_36/selector_comparison.csv,463,893c44e5945d26824569fcc0af68dc35dd98d5f5f6662d24bbec1b838ef6b3c9
artifacts/generative_llm_validation/crag_llama3_2_3b_latency_selector_offset_60/generative_crag_manifest.json,718,31c4eedceb4358bd1584e7d7a0f17ee3d2cb4da86e9d496d25346d933fe8e396
artifacts/generative_llm_validation/crag_llama3_2_3b_latency_selector_offset_60/generator_environment_report.md,245,8a315e9adda899b95dc851af76830254ffa21962bf8aefe2a19e798fe4ebbaeb
artifacts/generative_llm_validation/crag_llama3_2_3b_latency_selector_offset_60/pareto_frontier.csv,289,94c3db0680e7abf0b2847a679fc3824e001f761a1cae0964dc4a5151d6b1ea25
artifacts/generative_llm_validation/crag_llama3_2_3b_latency_selector_offset_60/per_query_generation_metrics.csv,82147,612178b0c6b2f3aff1aa1446a3ad9865210c4236102496a060c56757ca30cefa
artifacts/generative_llm_validation/crag_llama3_2_3b_latency_selector_offset_60/policy_summary_metrics.csv,951,25ba2b53438111b63da1d372215c0b79846beed8fc6e79ad6c83f7041004a1a0
artifacts/generative_llm_validation/crag_llama3_2_3b_latency_selector_offset_60/primary_outcome_report.md,368,06b01003a9437d8d05d1f58126ca32c257247482639eab1dd5c8395e59ed84e8
artifacts/generative_llm_validation/crag_llama3_2_3b_latency_selector_offset_60/primary_outcome_statistics.json,2793,da7995aa286a1cc4a13e7813987a9d9dd14513dcd6a4e198dd3a184d244feae9
artifacts/generative_llm_validation/crag_llama3_2_3b_latency_selector_offset_60/quality_signal_diagnostics.csv,1197,2ecadd2bb1845e21413a0bb38da73a0d59577ebd8a924fd46a75af96ff1106b1
artifacts/generative_llm_validation/crag_llama3_2_3b_latency_selector_offset_60/selector_comparison.csv,463,893c44e5945d26824569fcc0af68dc35dd98d5f5f6662d24bbec1b838ef6b3c9
artifacts/generative_llm_validation/crag_llama3_2_3b_learned_guarded_latency_offset_0/generative_crag_manifest.json,701,3802517e531402d6201412859ecd61958c119105e77f5629a40d526033dc0dcd
artifacts/generative_llm_validation/crag_llama3_2_3b_learned_guarded_latency_offset_0/generator_environment_report.md,228,390295863386d90dfd97a32fb1ca629c0ce7ff340114e7dfe3372c7cefdc11be
artifacts/generative_llm_validation/crag_llama3_2_3b_learned_guarded_latency_offset_0/pareto_frontier.csv,131,ebea0bbf611f7b2b204a9ccdd70effad11812b13cce08387e5a2c4bcc6bd205d
artifacts/generative_llm_validation/crag_llama3_2_3b_learned_guarded_latency_offset_0/per_query_generation_metrics.csv,96367,087f29f913e7b1d6f635efee4d474ea239209d9a045390421dc55a9fe372f039
artifacts/generative_llm_validation/crag_llama3_2_3b_learned_guarded_latency_offset_0/policy_summary_metrics.csv,1150,83a1004da3ab378184162e43b61035109d4ee7bdec0315ef4749fe9e407dc9d0
artifacts/generative_llm_validation/crag_llama3_2_3b_learned_guarded_latency_offset_0/primary_outcome_report.md,351,40f8bffb3fd502b531d535e6da5ce684db892960c4317174fbd5b4d0fbf7a7ba
artifacts/generative_llm_validation/crag_llama3_2_3b_learned_guarded_latency_offset_0/primary_outcome_statistics.json,4322,0e683531f685bdaf3d0b80fdaeb29a775798af3da21e5fa847709d84a92324af
artifacts/generative_llm_validation/crag_llama3_2_3b_learned_guarded_latency_offset_0/quality_signal_diagnostics.csv,1201,bd3bdfd7d956d323de93d9e0f49d603a1ba7ba299d1efc9a8c9de76c8a6e1c1a
artifacts/generative_llm_validation/crag_llama3_2_3b_learned_guarded_latency_offset_0/selector_comparison.csv,577,910d3514660cce524dfbae96f20c2a0b4d1cfd0559300488b86539ff94acdf7c
artifacts/generative_llm_validation/crag_llama3_2_3b_learned_guarded_latency_offset_24/generative_crag_manifest.json,736,76d0642f46dfc877ffa4797d7e702a11eb4e5f6315c10e8d89b20c3929642cab
artifacts/generative_llm_validation/crag_llama3_2_3b_learned_guarded_latency_offset_24/generator_environment_report.md,263,ad6da48f3c58221b72a42fb32addad313b8f1c5e33c9b39bfa91724f188aa296
artifacts/generative_llm_validation/crag_llama3_2_3b_learned_guarded_latency_offset_24/pareto_frontier.csv,131,ebea0bbf611f7b2b204a9ccdd70effad11812b13cce08387e5a2c4bcc6bd205d
artifacts/generative_llm_validation/crag_llama3_2_3b_learned_guarded_latency_offset_24/per_query_generation_metrics.csv,96970,be94931512d0ed87defce7cbdfb814ae26da4ea319a34e6207efc583be5905fd
artifacts/generative_llm_validation/crag_llama3_2_3b_learned_guarded_latency_offset_24/policy_summary_metrics.csv,1145,271b05761d37060821541123523df0859d2c4bd46506387fd38a859d130ae104
artifacts/generative_llm_validation/crag_llama3_2_3b_learned_guarded_latency_offset_24/primary_outcome_report.md,386,5c6af36c1c80836e9fb9c67799f23f17d3633e74e3ed96dfc279151dc549d2d6
artifacts/generative_llm_validation/crag_llama3_2_3b_learned_guarded_latency_offset_24/primary_outcome_statistics.json,4274,b49a854061b2f90fdec8de845f25a3e3c1c55d18b2a9c3b29d06f667e17361cf
artifacts/generative_llm_validation/crag_llama3_2_3b_learned_guarded_latency_offset_24/quality_signal_diagnostics.csv,1199,79ed4e859eb459ad2ab85cd5c3819c7990b0ce606af1fe600da1456205d1ab35
artifacts/generative_llm_validation/crag_llama3_2_3b_learned_guarded_latency_offset_24/selector_comparison.csv,577,910d3514660cce524dfbae96f20c2a0b4d1cfd0559300488b86539ff94acdf7c
artifacts/generative_llm_validation/crag_llama3_2_3b_learned_guarded_latency_offset_36/generative_crag_manifest.json,718,31c4eedceb4358bd1584e7d7a0f17ee3d2cb4da86e9d496d25346d933fe8e396
artifacts/generative_llm_validation/crag_llama3_2_3b_learned_guarded_latency_offset_36/generator_environment_report.md,245,8a315e9adda899b95dc851af76830254ffa21962bf8aefe2a19e798fe4ebbaeb
artifacts/generative_llm_validation/crag_llama3_2_3b_learned_guarded_latency_offset_36/pareto_frontier.csv,131,ebea0bbf611f7b2b204a9ccdd70effad11812b13cce08387e5a2c4bcc6bd205d
artifacts/generative_llm_validation/crag_llama3_2_3b_learned_guarded_latency_offset_36/per_query_generation_metrics.csv,98125,57a922d9f2d8479c4775c87f926e42a47beb64e5995012295f1798b1a8cd788c
artifacts/generative_llm_validation/crag_llama3_2_3b_learned_guarded_latency_offset_36/policy_summary_metrics.csv,1165,afdf5c229e08d91692378ae7122c0a0a474620754d08d83b4177f345dbeb905b
artifacts/generative_llm_validation/crag_llama3_2_3b_learned_guarded_latency_offset_36/primary_outcome_report.md,368,06b01003a9437d8d05d1f58126ca32c257247482639eab1dd5c8395e59ed84e8
artifacts/generative_llm_validation/crag_llama3_2_3b_learned_guarded_latency_offset_36/primary_outcome_statistics.json,4261,0c4baee3f408c500b6294478336715c320ffaf8e6d3a2d1f41a89d5c204ba399
artifacts/generative_llm_validation/crag_llama3_2_3b_learned_guarded_latency_offset_36/quality_signal_diagnostics.csv,1230,1dd20c694af61522463af3417377d2f6cbcdca7ea9432ed0295c9f9adc84bdb9
artifacts/generative_llm_validation/crag_llama3_2_3b_learned_guarded_latency_offset_36/selector_comparison.csv,577,910d3514660cce524dfbae96f20c2a0b4d1cfd0559300488b86539ff94acdf7c
artifacts/generative_llm_validation/crag_llama3_2_3b_learned_guarded_latency_offset_60/generative_crag_manifest.json,718,31c4eedceb4358bd1584e7d7a0f17ee3d2cb4da86e9d496d25346d933fe8e396
artifacts/generative_llm_validation/crag_llama3_2_3b_learned_guarded_latency_offset_60/generator_environment_report.md,245,8a315e9adda899b95dc851af76830254ffa21962bf8aefe2a19e798fe4ebbaeb
artifacts/generative_llm_validation/crag_llama3_2_3b_learned_guarded_latency_offset_60/pareto_frontier.csv,131,ebea0bbf611f7b2b204a9ccdd70effad11812b13cce08387e5a2c4bcc6bd205d
artifacts/generative_llm_validation/crag_llama3_2_3b_learned_guarded_latency_offset_60/per_query_generation_metrics.csv,97381,ba6f5f63270bb81e82ae84ddc72fe9f790e97c08097645190d75c5ea1be7bc11
artifacts/generative_llm_validation/crag_llama3_2_3b_learned_guarded_latency_offset_60/policy_summary_metrics.csv,1140,32619b49f3e1ea9a1d91ad4b2d7b6f9f2dd62ab600bf84c84c61e4aa60b70b51
artifacts/generative_llm_validation/crag_llama3_2_3b_learned_guarded_latency_offset_60/primary_outcome_report.md,368,06b01003a9437d8d05d1f58126ca32c257247482639eab1dd5c8395e59ed84e8
artifacts/generative_llm_validation/crag_llama3_2_3b_learned_guarded_latency_offset_60/primary_outcome_statistics.json,4333,a0a53e2eb0dcac69490a244be579c0e77e6a2f9d42155c0bb2a03bf79aa81937
artifacts/generative_llm_validation/crag_llama3_2_3b_learned_guarded_latency_offset_60/quality_signal_diagnostics.csv,1213,1d48e3e420f6fc6802fd68e1f79988a4ef1ad08fd1199c8872125782db6e2c7f
artifacts/generative_llm_validation/crag_llama3_2_3b_learned_guarded_latency_offset_60/selector_comparison.csv,577,910d3514660cce524dfbae96f20c2a0b4d1cfd0559300488b86539ff94acdf7c
artifacts/generative_llm_validation/crag_llama3_2_3b_offset_0/generative_crag_manifest.json,701,3802517e531402d6201412859ecd61958c119105e77f5629a40d526033dc0dcd
artifacts/generative_llm_validation/crag_llama3_2_3b_offset_0/generator_environment_report.md,228,390295863386d90dfd97a32fb1ca629c0ce7ff340114e7dfe3372c7cefdc11be
artifacts/generative_llm_validation/crag_llama3_2_3b_offset_0/pareto_frontier.csv,379,4e277240bb43d93aac9b0e1fc56ec8b580a15a231b0c2a9586a55fe029e2cdc3
artifacts/generative_llm_validation/crag_llama3_2_3b_offset_0/per_query_generation_metrics.csv,81116,757379ffc616e921c9931af6c0aded86f58acfb457278a7cf3c9b24cdde33701
artifacts/generative_llm_validation/crag_llama3_2_3b_offset_0/policy_summary_metrics.csv,961,76e624a758dbdb8c29a28608b6a77690592ad652537500f3330d22a9445c620b
artifacts/generative_llm_validation/crag_llama3_2_3b_offset_0/primary_outcome_report.md,351,40f8bffb3fd502b531d535e6da5ce684db892960c4317174fbd5b4d0fbf7a7ba
artifacts/generative_llm_validation/crag_llama3_2_3b_offset_0/primary_outcome_statistics.json,2175,f5a8075bf98c1d2fa86efa0d3e4b114b1081bea3107192425ad0ee1f4a9dd507
artifacts/generative_llm_validation/crag_llama3_2_3b_offset_0/quality_signal_diagnostics.csv,1201,68d7cae5c0c183794459fd53f849e914a2be4c4eb4d2d21a1ba82fbd80a7595b
artifacts/generative_llm_validation/crag_llama3_2_3b_offset_0/selector_comparison.csv,228,6ac61b1c237ead416899e6bcdf95e1bc22fd322e8df7a1b69cc6eee595d3527f
artifacts/generative_llm_validation/crag_llama3_2_3b_offset_24/generative_crag_manifest.json,701,e8af8c7169ae7b9dcae3c22287e7ad6a6ee0418897a3d00bce8d7e817e9ef232
artifacts/generative_llm_validation/crag_llama3_2_3b_offset_24/generator_environment_report.md,228,390295863386d90dfd97a32fb1ca629c0ce7ff340114e7dfe3372c7cefdc11be
artifacts/generative_llm_validation/crag_llama3_2_3b_offset_24/pareto_frontier.csv,279,3a967ac5cdf515ad832a4e6af2f1d0bfdc08d12cc9fe0d7dd5b5aa9600bb4dbc
artifacts/generative_llm_validation/crag_llama3_2_3b_offset_24/per_query_generation_metrics.csv,81740,4df564a0d0b48a171f007e815cdda944302685aceb2be9d486f7490c5a586681
artifacts/generative_llm_validation/crag_llama3_2_3b_offset_24/policy_summary_metrics.csv,956,cd7dec8f4acf6188e6570175136f24247c473988c394935733be9f3febf5f6a3
artifacts/generative_llm_validation/crag_llama3_2_3b_offset_24/primary_outcome_report.md,351,40f8bffb3fd502b531d535e6da5ce684db892960c4317174fbd5b4d0fbf7a7ba
artifacts/generative_llm_validation/crag_llama3_2_3b_offset_24/primary_outcome_statistics.json,2042,ec347de6cd3205f14b97368febeed1f8f51a0772b250ed1906f3e443155911dd
artifacts/generative_llm_validation/crag_llama3_2_3b_offset_24/quality_signal_diagnostics.csv,1199,f76cb7f47c0c5ce3087d818345b086fec6df21c2e4ef4459fb8b0240bbd683a2
artifacts/generative_llm_validation/crag_llama3_2_3b_offset_24/selector_comparison.csv,204,54add0d81ef9d55892b5ae204c3879b761198391a8a0cf1712c0ad50e16a25ae
artifacts/generative_llm_validation/crag_llama3_2_3b_offset_36/generative_crag_manifest.json,701,e8af8c7169ae7b9dcae3c22287e7ad6a6ee0418897a3d00bce8d7e817e9ef232
artifacts/generative_llm_validation/crag_llama3_2_3b_offset_36/generator_environment_report.md,228,390295863386d90dfd97a32fb1ca629c0ce7ff340114e7dfe3372c7cefdc11be
artifacts/generative_llm_validation/crag_llama3_2_3b_offset_36/pareto_frontier.csv,365,5d64f79f47c348fb500892d38fff95b28969798f34529c5cf68ab036ed0d37f6
artifacts/generative_llm_validation/crag_llama3_2_3b_offset_36/per_query_generation_metrics.csv,82687,b3d99f511376ea932c77068d97ba677f169b469daea249faaf41cfa2755d1c30
artifacts/generative_llm_validation/crag_llama3_2_3b_offset_36/policy_summary_metrics.csv,981,ca2bae1f11e3a55be4a4698d5cc0b574fa32f78b8caf7c01f5a5be02f56f712e
artifacts/generative_llm_validation/crag_llama3_2_3b_offset_36/primary_outcome_report.md,351,40f8bffb3fd502b531d535e6da5ce684db892960c4317174fbd5b4d0fbf7a7ba
artifacts/generative_llm_validation/crag_llama3_2_3b_offset_36/primary_outcome_statistics.json,2165,0cdc922bb2e5ef95262fb6d94f9b09362dca2f67bc121e789f10eb80e83ad6e3
artifacts/generative_llm_validation/crag_llama3_2_3b_offset_36/quality_signal_diagnostics.csv,1229,8742e5eed61d9752ec0a2cb58a6cf98e80beb52e708cba95518a5e7d11281343
artifacts/generative_llm_validation/crag_llama3_2_3b_offset_36/selector_comparison.csv,234,a3a38932e1bf4e21ea23b298b1551737cfac477b33963d6bd60d22fd99750add
artifacts/generative_llm_validation/crag_llama3_2_3b_offset_60/generative_crag_manifest.json,701,e8af8c7169ae7b9dcae3c22287e7ad6a6ee0418897a3d00bce8d7e817e9ef232
artifacts/generative_llm_validation/crag_llama3_2_3b_offset_60/generator_environment_report.md,228,390295863386d90dfd97a32fb1ca629c0ce7ff340114e7dfe3372c7cefdc11be
artifacts/generative_llm_validation/crag_llama3_2_3b_offset_60/pareto_frontier.csv,225,2b31cd9b54dda206786d3f6d18a73d4e001ee994d69461701ce35157be924d72
artifacts/generative_llm_validation/crag_llama3_2_3b_offset_60/per_query_generation_metrics.csv,82143,76d28deaacc709e8f871bfa75e3849ad422f45fb355e4cdb1c2999b1125cdb78
artifacts/generative_llm_validation/crag_llama3_2_3b_offset_60/policy_summary_metrics.csv,954,48d0aed58a458ab6d091088c95fc0ba4c9c4cb90af6750c1954d336429e2e7da
artifacts/generative_llm_validation/crag_llama3_2_3b_offset_60/primary_outcome_report.md,351,40f8bffb3fd502b531d535e6da5ce684db892960c4317174fbd5b4d0fbf7a7ba
artifacts/generative_llm_validation/crag_llama3_2_3b_offset_60/primary_outcome_statistics.json,2100,02958ff7ee4a44d9530fb342b83a839cc3ff272841a7587086f1abe532319357
artifacts/generative_llm_validation/crag_llama3_2_3b_offset_60/quality_signal_diagnostics.csv,1197,2ecadd2bb1845e21413a0bb38da73a0d59577ebd8a924fd46a75af96ff1106b1
artifacts/generative_llm_validation/crag_llama3_2_3b_offset_60/selector_comparison.csv,246,b15efc4ed33fd43f060307628cd528688ed7ae0cd542ab155d3eeedcec60999a
artifacts/generative_llm_validation/crag_quality_risk_guardrail_v2/audit_manifest.json,4739,11a139b0151f8244022d5d8f74dab061eac44a63aa7c28facbd861886d0b624c
artifacts/generative_llm_validation/crag_quality_risk_guardrail_v2/heldout_offset_results.csv,1647,d9ce6059ae10259d61cde0a9738ac9d40e56d78dc34759933ba39a0fd05dc055
artifacts/generative_llm_validation/crag_quality_risk_guardrail_v2/pooled_training_rows.csv,13307,a259405a43776fd7eff5855b782c2463dd14fa91a2cd909bbf168cbb3cf1a0ed
artifacts/generative_llm_validation/crag_quality_risk_guardrail_v2/predictor_rules.csv,77970,0c93226b7dc63176c81ec199e5c459808401223dda500ffe17efef940ed7e551
artifacts/generative_llm_validation/crag_quality_risk_guardrail_v2/predictor_rules.json,758382,d99a27cf03709e0dd652a91b3691906c48f43127a8e018cf14148b304c32acca
artifacts/generative_llm_validation/crag_quality_risk_guardrail_v2/primary_outcome_report.md,782,7f41e9711308711032c82864d227e2ba9c803284948227043c65725cb8069122
artifacts/generative_llm_validation/crag_quality_risk_guardrail_v2/primary_outcome_statistics.json,4739,11a139b0151f8244022d5d8f74dab061eac44a63aa7c28facbd861886d0b624c
artifacts/generative_llm_validation/crag_repeat/generative_crag_manifest.json,698,d911025939a6b5af4aefeb433c25a51b6e2275098f34fa08077a2e3935fdb1dd
artifacts/generative_llm_validation/crag_repeat/generator_environment_report.md,225,2ae6e22a55255e848516977a88c00fd8f0fee9d80a33d77b7fde1891aa8423c3
artifacts/generative_llm_validation/crag_repeat/pareto_frontier.csv,450,89c3a51afd8d2028e36f7facd6f18aeb11b0f79905aafa8dad3e0163b385fde4
artifacts/generative_llm_validation/crag_repeat/per_query_generation_metrics.csv,61739,c9ff5ed4527c6f1128790dd629c812478d928954936ac895ef6b486b528cb6c4
artifacts/generative_llm_validation/crag_repeat/policy_summary_metrics.csv,1030,5bce3a05d6e9f9c93de0aab39d973da277cb6a0901f551c989097fa85849414c
artifacts/generative_llm_validation/crag_repeat/primary_outcome_report.md,351,40f8bffb3fd502b531d535e6da5ce684db892960c4317174fbd5b4d0fbf7a7ba
artifacts/generative_llm_validation/crag_repeat/primary_outcome_statistics.json,1994,a47f6f4e239a7e5f7ba9ddab9e9ec2abd275d7e96508caa0773cc4a7f4a06722
artifacts/generative_llm_validation/crag_repeat/quality_signal_diagnostics.csv,1255,419f2cd16aa25dae2a0a9c099d82abf2f26b7c91953cbe05fa9bf07a419d4b5c
artifacts/generative_llm_validation/crag_repeat/selector_comparison.csv,230,338cdbde6799947d9f9de265d2217082a3e5b13d27746eba02f4d00332f6bb60
artifacts/generative_llm_validation/crag_repeat_offset_36/generative_crag_manifest.json,698,d911025939a6b5af4aefeb433c25a51b6e2275098f34fa08077a2e3935fdb1dd
artifacts/generative_llm_validation/crag_repeat_offset_36/generator_environment_report.md,225,2ae6e22a55255e848516977a88c00fd8f0fee9d80a33d77b7fde1891aa8423c3
artifacts/generative_llm_validation/crag_repeat_offset_36/pareto_frontier.csv,471,8e9e412179f300a405f359fb55a1c15e9c0b1f89a1df3d25b33ba9d9a3d1221d
artifacts/generative_llm_validation/crag_repeat_offset_36/per_query_generation_metrics.csv,62330,651bee86eccfe482e93f1f56162ce73339a92b842cc2372a9d002adbfc888b87
artifacts/generative_llm_validation/crag_repeat_offset_36/policy_summary_metrics.csv,1002,63fa0e67e5cf5c165eb330dfb8e99d055a97bd966f7a3db9fd163947815043b7
artifacts/generative_llm_validation/crag_repeat_offset_36/primary_outcome_report.md,351,40f8bffb3fd502b531d535e6da5ce684db892960c4317174fbd5b4d0fbf7a7ba
artifacts/generative_llm_validation/crag_repeat_offset_36/primary_outcome_statistics.json,2014,f307c5aec966a0b29754ad2ed7ad3aa2d8c3d5e724ac00faa53a4db79f6ef485
artifacts/generative_llm_validation/crag_repeat_offset_36/quality_signal_diagnostics.csv,1212,6e3cab1b5a6528e187ba61bcdc55505f32e9bb608cd4c02d653fc5cf1abb35e9
artifacts/generative_llm_validation/crag_repeat_offset_36/selector_comparison.csv,230,338cdbde6799947d9f9de265d2217082a3e5b13d27746eba02f4d00332f6bb60
artifacts/generative_llm_validation/crag_repeat_offset_60/generative_crag_manifest.json,698,d911025939a6b5af4aefeb433c25a51b6e2275098f34fa08077a2e3935fdb1dd
artifacts/generative_llm_validation/crag_repeat_offset_60/generator_environment_report.md,225,2ae6e22a55255e848516977a88c00fd8f0fee9d80a33d77b7fde1891aa8423c3
artifacts/generative_llm_validation/crag_repeat_offset_60/pareto_frontier.csv,365,5d64f79f47c348fb500892d38fff95b28969798f34529c5cf68ab036ed0d37f6
artifacts/generative_llm_validation/crag_repeat_offset_60/per_query_generation_metrics.csv,63318,95f8aefeba4ba83ee3e416da757efc9016462599bfc22f588118392c1364e136
artifacts/generative_llm_validation/crag_repeat_offset_60/policy_summary_metrics.csv,1046,75e9cee8044c8b36da01b0fcdcbc898f5499079d046b734921ebff120d7585e6
artifacts/generative_llm_validation/crag_repeat_offset_60/primary_outcome_report.md,351,40f8bffb3fd502b531d535e6da5ce684db892960c4317174fbd5b4d0fbf7a7ba
artifacts/generative_llm_validation/crag_repeat_offset_60/primary_outcome_statistics.json,2002,4076c9ad644760bab551934896d6f60bce212b776da3046c9a845e9b1dbb7546
artifacts/generative_llm_validation/crag_repeat_offset_60/quality_signal_diagnostics.csv,1235,6942bd33aa34b0a1e6947616903c9b9df86d5dc5bf6ac82a855ff7bf4a83a2bb
artifacts/generative_llm_validation/crag_repeat_offset_60/selector_comparison.csv,234,a3a38932e1bf4e21ea23b298b1551737cfac477b33963d6bd60d22fd99750add
artifacts/generative_llm_validation/crag_second_model_gpt_oss_20b_offset_0/generative_crag_manifest.json,701,fe993b87e45aecdbb5a4cde217c9e424616f7081674eb8b91ba1b4a21d6b0a69
artifacts/generative_llm_validation/crag_second_model_gpt_oss_20b_offset_0/generator_environment_report.md,228,91322b259393866290a302f48fc63073811fbd6240b36ea0c4d336dcab4eceab
artifacts/generative_llm_validation/crag_second_model_gpt_oss_20b_offset_0/pareto_frontier.csv,303,64161198d42259972bac69b4d2e9ffe4831a9528b03c42e71932422b7e1209b2
artifacts/generative_llm_validation/crag_second_model_gpt_oss_20b_offset_0/per_query_generation_metrics.csv,60100,964bd44c55aa8a097be4fb98b7b325bfe94239ac9499607fb712269bff67ba65
artifacts/generative_llm_validation/crag_second_model_gpt_oss_20b_offset_0/policy_summary_metrics.csv,1006,81e4af2f568566b76553adc9e0489e1f5754b56ca3ccff00b71146ee848be3c4
artifacts/generative_llm_validation/crag_second_model_gpt_oss_20b_offset_0/primary_outcome_report.md,351,40f8bffb3fd502b531d535e6da5ce684db892960c4317174fbd5b4d0fbf7a7ba
artifacts/generative_llm_validation/crag_second_model_gpt_oss_20b_offset_0/primary_outcome_statistics.json,1970,2b6a9cb9dd2816c4f1b369d57091c354faad044b77777884d85882d7cb6276da
artifacts/generative_llm_validation/crag_second_model_gpt_oss_20b_offset_0/quality_signal_diagnostics.csv,1216,023592a47dc6be4574d969f7683b2419fc015809b03e849fe390523194771daa
artifacts/generative_llm_validation/crag_second_model_gpt_oss_20b_offset_0/selector_comparison.csv,246,b15efc4ed33fd43f060307628cd528688ed7ae0cd542ab155d3eeedcec60999a
artifacts/generative_llm_validation/crag_second_model_gpt_oss_20b_offset_24/generative_crag_manifest.json,701,59e15e6dd59d2eb27bea4972e8e32a6114d9379dfb7a0291b5a94249a17a5100
artifacts/generative_llm_validation/crag_second_model_gpt_oss_20b_offset_24/generator_environment_report.md,228,91322b259393866290a302f48fc63073811fbd6240b36ea0c4d336dcab4eceab
artifacts/generative_llm_validation/crag_second_model_gpt_oss_20b_offset_24/pareto_frontier.csv,288,cba7dab69e66824be17890b9960b795861c80d9b1f18352c9e75775256125897
artifacts/generative_llm_validation/crag_second_model_gpt_oss_20b_offset_24/per_query_generation_metrics.csv,60793,e0a1c162f8b51f26a3aaea460e00d3902d3f9552378f99fbdd240c8e22b68945
artifacts/generative_llm_validation/crag_second_model_gpt_oss_20b_offset_24/policy_summary_metrics.csv,1014,912b7452cd3de547eefc28b3ec2851a5e299b110ec90adba7c8d620fccf30c88
artifacts/generative_llm_validation/crag_second_model_gpt_oss_20b_offset_24/primary_outcome_report.md,351,40f8bffb3fd502b531d535e6da5ce684db892960c4317174fbd5b4d0fbf7a7ba
artifacts/generative_llm_validation/crag_second_model_gpt_oss_20b_offset_24/primary_outcome_statistics.json,1977,efb835ef71a0160671700c22a470e5352f24cd64150769fe2ad4a62920cb5f81
artifacts/generative_llm_validation/crag_second_model_gpt_oss_20b_offset_24/quality_signal_diagnostics.csv,1223,66360bb4dd121b19dcc3d4a94533c4f200c127e9d18ce54869b4316954b32a29
artifacts/generative_llm_validation/crag_second_model_gpt_oss_20b_offset_24/selector_comparison.csv,234,a3a38932e1bf4e21ea23b298b1551737cfac477b33963d6bd60d22fd99750add
artifacts/generative_llm_validation/crag_second_model_gpt_oss_20b_offset_36/generative_crag_manifest.json,701,59e15e6dd59d2eb27bea4972e8e32a6114d9379dfb7a0291b5a94249a17a5100
artifacts/generative_llm_validation/crag_second_model_gpt_oss_20b_offset_36/generator_environment_report.md,228,91322b259393866290a302f48fc63073811fbd6240b36ea0c4d336dcab4eceab
artifacts/generative_llm_validation/crag_second_model_gpt_oss_20b_offset_36/pareto_frontier.csv,389,2648c64066041b90e46ca9db94e0b25d6db3ac79166f6439e828ed856526a6f4
artifacts/generative_llm_validation/crag_second_model_gpt_oss_20b_offset_36/per_query_generation_metrics.csv,60236,491c663faf850a3ea6e5daee0bd23248b51ccc73a6b2b1def12f60951050744d
artifacts/generative_llm_validation/crag_second_model_gpt_oss_20b_offset_36/policy_summary_metrics.csv,1028,8f4416d69ab2a4c5e3463d7b277c94510d6532a5b714d5b1059bba36fddcc8ae
artifacts/generative_llm_validation/crag_second_model_gpt_oss_20b_offset_36/primary_outcome_report.md,351,40f8bffb3fd502b531d535e6da5ce684db892960c4317174fbd5b4d0fbf7a7ba
artifacts/generative_llm_validation/crag_second_model_gpt_oss_20b_offset_36/primary_outcome_statistics.json,2007,199c778b066c344273bca7e8a3bee49299641b2d38b8567bad53641149e157a2
artifacts/generative_llm_validation/crag_second_model_gpt_oss_20b_offset_36/quality_signal_diagnostics.csv,1210,2e52f9edcb3252943727b8bd4f7005af9feb976009c8df61f2185d3ead599fb8
artifacts/generative_llm_validation/crag_second_model_gpt_oss_20b_offset_36/selector_comparison.csv,246,b15efc4ed33fd43f060307628cd528688ed7ae0cd542ab155d3eeedcec60999a
artifacts/generative_llm_validation/crag_second_model_gpt_oss_20b_offset_60/generative_crag_manifest.json,701,59e15e6dd59d2eb27bea4972e8e32a6114d9379dfb7a0291b5a94249a17a5100
artifacts/generative_llm_validation/crag_second_model_gpt_oss_20b_offset_60/generator_environment_report.md,228,91322b259393866290a302f48fc63073811fbd6240b36ea0c4d336dcab4eceab
artifacts/generative_llm_validation/crag_second_model_gpt_oss_20b_offset_60/pareto_frontier.csv,290,21a5be0bc70f767cdd458c31096a53729e971c4be29c1b621c86ced9b50b1282
artifacts/generative_llm_validation/crag_second_model_gpt_oss_20b_offset_60/per_query_generation_metrics.csv,59995,978c84226013400da5956a56c6f0181489082f5cd64234fd66b246be6ea59d32
artifacts/generative_llm_validation/crag_second_model_gpt_oss_20b_offset_60/policy_summary_metrics.csv,1013,14c6b9911f6d59387726a3d983bf4861b6c264b4d66aa56a02216791887e43a3
artifacts/generative_llm_validation/crag_second_model_gpt_oss_20b_offset_60/primary_outcome_report.md,351,40f8bffb3fd502b531d535e6da5ce684db892960c4317174fbd5b4d0fbf7a7ba
artifacts/generative_llm_validation/crag_second_model_gpt_oss_20b_offset_60/primary_outcome_statistics.json,1894,e7f3932f4ac6fb9889a47b1e0ed800d550daf862a4c5aae50850e278a4a3e612
artifacts/generative_llm_validation/crag_second_model_gpt_oss_20b_offset_60/quality_signal_diagnostics.csv,1210,089c92896c7059b9084929cd687f7005e7cb4a7de5acdd7be282a6c1eb822f8c
artifacts/generative_llm_validation/crag_second_model_gpt_oss_20b_offset_60/selector_comparison.csv,204,54add0d81ef9d55892b5ae204c3879b761198391a8a0cf1712c0ad50e16a25ae
artifacts/generative_llm_validation/hotpotqa/generative_hotpotqa_manifest.json,618,dd44f7eb8f7096d8b7a3d6d9b49e986cce6ab4ea94d0d7d9ebd2f10a1a8d9a9d
artifacts/generative_llm_validation/hotpotqa/generator_environment_report.md,231,9c8c30206559362cfc99220ec22ceb7636b19bd57069702c63b92212c4fa6dff
artifacts/generative_llm_validation/hotpotqa/pareto_frontier.csv,291,af8cf00334698d660f4cde62712b75c99ee051ce04d067cdbe4b4bc7c0ac6231
artifacts/generative_llm_validation/hotpotqa/per_query_generation_metrics.csv,45134,2924d259ca3d553887a0d5d303e1397005d96773661705b5cb119830d1032d29
artifacts/generative_llm_validation/hotpotqa/policy_summary_metrics.csv,678,da98d17f9b692e2ddc0a43751b94d5d52ad3d5ba57ab5ff2bd97c7eaf339eb7f
artifacts/generative_llm_validation/hotpotqa/primary_outcome_report.md,227,4fd7309c1161b7c142b36d248fdf212b10d7cf253a837b591178750416ea4cf6
artifacts/generative_llm_validation/hotpotqa/primary_outcome_statistics.json,1851,f05ede26e444740bc081bcea8d01a8b34f4ba5e9b9713e067fb0d54e6d91c9ff
artifacts/generative_llm_validation/hotpotqa/quality_signal_diagnostics.csv,1174,20a3cfb73ae6cdfb4ab33f62c49a0bf21e079d49fbfbba5c6ba48222c0339a97
artifacts/generative_llm_validation/hotpotqa/selector_comparison.csv,228,388fa17d6242a183617f78df6b93ba1731f20ccd4ee8a846740079af5e9bd67d
artifacts/generative_llm_validation/hotpotqa_quality_signal_audit/audit_manifest.json,1069,a1d50b3737a86df726de89bdbaa28930d8c5355d1a5f8860115697ee7ef4a8c0
artifacts/generative_llm_validation/hotpotqa_quality_signal_audit/generative_hotpotqa_manifest.json,618,dd44f7eb8f7096d8b7a3d6d9b49e986cce6ab4ea94d0d7d9ebd2f10a1a8d9a9d
artifacts/generative_llm_validation/hotpotqa_quality_signal_audit/generator_environment_report.md,231,9c8c30206559362cfc99220ec22ceb7636b19bd57069702c63b92212c4fa6dff
artifacts/generative_llm_validation/hotpotqa_quality_signal_audit/pareto_frontier.csv,355,6c91071299fa88a2f857f0ae562371dca2604d8fff6b14a66f98563b8086e77d
artifacts/generative_llm_validation/hotpotqa_quality_signal_audit/per_query_generation_metrics.csv,45919,62ffdd1a0779fb05e968a2fd98c81d46ae56565b4e89c347531bb181424c1e06
artifacts/generative_llm_validation/hotpotqa_quality_signal_audit/policy_summary_metrics.csv,691,b96bd3497139805dd80a8e44399ea914485bcb5f053af6e730c7c181f39f5f5a
artifacts/generative_llm_validation/hotpotqa_quality_signal_audit/primary_outcome_report.md,227,4fd7309c1161b7c142b36d248fdf212b10d7cf253a837b591178750416ea4cf6
artifacts/generative_llm_validation/hotpotqa_quality_signal_audit/primary_outcome_statistics.json,1872,70d4dfda50cbe73ff581853570e2a231698533f64ae8e166f599d78ccf6ea249
artifacts/generative_llm_validation/hotpotqa_quality_signal_audit/quality_signal_audit_report.md,414,ee0c68fc70bbc9dcbc82672998beae3d9298c6198ba795fed145fd1403039479
artifacts/generative_llm_validation/hotpotqa_quality_signal_audit/quality_signal_diagnostics.csv,1199,186959f6b21d4022f58a6e495224c2d58d71f98336b396bb8cde0f9f9c46c941
artifacts/generative_llm_validation/hotpotqa_quality_signal_audit/selector_comparison.csv,225,a582809d7f6e7c6a37661f55c9e3fdb08b4fc31d953fe47dd8af5aecc01641c4
artifacts/hotpotqa_behavioral_governance/behavioral_distinction_matrix.csv,5018,a645094259bffc9f8f828f20378f4dd9755a06d97f263ce6e446a38994db33b8
artifacts/hotpotqa_behavioral_governance/hotpotqa_acquisition_manifest.json,3116,6116474aa11b1b2742022587e4129b987753ee5101274bf0a5d8f001b8ad450c
artifacts/hotpotqa_behavioral_governance/hotpotqa_license_report.md,370,176310ff7ca089a98b57880ff4988bccf256b0947592bca261d1cd51fd9021b1
artifacts/hotpotqa_behavioral_governance/hotpotqa_quality_measurement_report.md,439,9fde0995e8b3b576169586efb58bce05df474906d2aaa861c14ef10630553f14
artifacts/hotpotqa_behavioral_governance/hotpotqa_split_manifest.json,317,a0f07d4c935b58c7e03ab63dff11cc94fe3331ad92af1626de5852037669746c
artifacts/hotpotqa_behavioral_governance/pareto_frontier.csv,2154,86bcfd45865109e8e1855c6e3bff7278ed0739c13ef0eda76af949129e5bbbec
artifacts/hotpotqa_behavioral_governance/per_query_policy_results.csv,2540317,8d867414453ef59a45091942d5c307cbee8024216571098f725902e62f650ea4
artifacts/hotpotqa_behavioral_governance/policy_summary_metrics.csv,4492,d75db34661a360d2f5b159d5a88db07b3f6ffedc4474172c58b0c539ca242490
artifacts/hotpotqa_behavioral_governance/primary_outcome_report.md,716,b529f361c014ac7d3ecdd7140347e960e6a79857d9120e26a3ac9df480d6680a
artifacts/hotpotqa_behavioral_governance/primary_outcome_statistics.json,3116,6116474aa11b1b2742022587e4129b987753ee5101274bf0a5d8f001b8ad450c
artifacts/hotpotqa_behavioral_governance/selector_comparison.csv,410,19409ec8daf6c476440c3d55c9c983429d6100b1f91958e759145ba883b00904
artifacts/hotpotqa_behavioral_governance/split_manifest.json,317,a0f07d4c935b58c7e03ab63dff11cc94fe3331ad92af1626de5852037669746c
artifacts/hotpotqa_quality_signal_audit_v2/audit_manifest.json,1228,28ac51b0d9b1a5b9411935f6c2a9abd53146a2a964e21dde0055aeeeb95b7a96
artifacts/hotpotqa_quality_signal_audit_v2/audit_report.md,273,3790e0aa04b77d01689444010d6ce7808bea68ae7be86b7a78a66ac0be7c97be
artifacts/hotpotqa_quality_signal_audit_v2/policy_summary_metrics.csv,400,9bb7a30136b952d9fd507f3814ec461e0f7bb5b6a337755f1728500ec9854a64
artifacts/hotpotqa_quality_signal_audit_v2/primary_outcome_statistics.json,1228,28ac51b0d9b1a5b9411935f6c2a9abd53146a2a964e21dde0055aeeeb95b7a96
artifacts/hotpotqa_quality_signal_audit_v2/quality_signal_diagnostics.csv,1047,1f44097d5f1fde3b4e1a0acdaeb30b5971ae412ea744ae770b6f8d102750a24f
artifacts/manifests/README.md,141,ebb4cc240810de60c111022581256d86de36a7b5b571a779660a1abb977146d0
artifacts/public_mini_governance_job/environment_inspection.json,276,afff7860cb222d07dbd7d8ac176ce214754e0fec26ed2979a4c78b27ef49ee86
artifacts/public_mini_governance_job/promotion_decision.json,1133,6560cff8488c5a1a77524862706934b6db6cd34a2b7619a2899568d1203d9e4d
artifacts/public_mini_governance_job/public_mini_reproduction/mini_reproduction_manifest.json,668,5a4550587cd7a83daae93d4742d329b77fba69c8495c2cdcbd7161c606dc7b95
artifacts/public_mini_governance_job/public_mini_reproduction/per_query_policy_results.csv,1873,4aaf763abb0b3069ce279ae794218379e9d88b75be19bee7b001144309aee443
artifacts/public_mini_governance_job/public_mini_reproduction/policy_summary_metrics.csv,249,45ec463dac7aaba70db4733a4fbff244b514a29624a090ff593dd40efc925418
artifacts/public_mini_governance_job/public_mini_reproduction/primary_outcome_report.md,460,24f70d9a71e99bf7bfd4bbf2d25e13659664fe7b5a32554889ae122094b7caec
artifacts/public_mini_governance_job/public_mini_reproduction/primary_outcome_statistics.json,668,5a4550587cd7a83daae93d4742d329b77fba69c8495c2cdcbd7161c606dc7b95
artifacts/public_mini_governance_job/public_mini_reproduction/selector_comparison.csv,218,991c45f57ca56f6d39867e356cb5216ef4cd5782d15c32abfc754a1de0a4a071
artifacts/public_mini_governance_job/run_manifest.json,106,e631daf4b9df5ca0b0bfe5500bf54bcdbaa7c92e20c43d2c15f61af4684c0aa2
artifacts/public_mini_governance_job/validation_report.json,58,a0bcf13b14d11cdd93b2ce7aada025edbf2aa427b4c892cece83d62cb3db01da
artifacts/public_mini_governance_job/validation_report.md,55,73e3d23f65d50ca2da5a21686b1376a5c150993662e2237ba85ca5d0bac31659
artifacts/public_mini_reproduction/mini_reproduction_manifest.json,668,5a4550587cd7a83daae93d4742d329b77fba69c8495c2cdcbd7161c606dc7b95
artifacts/public_mini_reproduction/per_query_policy_results.csv,1873,4aaf763abb0b3069ce279ae794218379e9d88b75be19bee7b001144309aee443
artifacts/public_mini_reproduction/policy_summary_metrics.csv,249,45ec463dac7aaba70db4733a4fbff244b514a29624a090ff593dd40efc925418
artifacts/public_mini_reproduction/primary_outcome_report.md,460,24f70d9a71e99bf7bfd4bbf2d25e13659664fe7b5a32554889ae122094b7caec
artifacts/public_mini_reproduction/primary_outcome_statistics.json,668,5a4550587cd7a83daae93d4742d329b77fba69c8495c2cdcbd7161c606dc7b95
artifacts/public_mini_reproduction/selector_comparison.csv,218,991c45f57ca56f6d39867e356cb5216ef4cd5782d15c32abfc754a1de0a4a071
artifacts/quality_measurement/per_query_quality_components.csv,2731646,1f9b7c2f08dfbd31cc94bff233668a169f3cda04f47acf124c4d457d5be83679
artifacts/quality_measurement/quality_calibration_report.md,503,83cec6315e5b100727098a2a3e16d8ab406916dc06ab8ae68cf3770cd627d147
artifacts/quality_measurement/quality_component_config.yaml,298,b6ca9f507ef3050f753035e25c775a6a9c4c28855187cd0bc910068ee69fd0ca
artifacts/quality_measurement/quality_measurement_manifest.json,356,86b3a47683403106285d9b11aaa1c77250ef13ecbe5611456537522ae221f941
artifacts/quality_measurement/quality_measurement_result.json,356,86b3a47683403106285d9b11aaa1c77250ef13ecbe5611456537522ae221f941
artifacts/release_candidate/v0.1.0-rc1/release_candidate_manifest.json,294,0a861b4262551353ea9e0d0fd189f2db244d03f5c9bdc6bf2620c879fe9e689e
artifacts/release_candidate/v0.1.0-rc1/release_checksums.sha256,227212,9da6c3fae7106ce669256f61919fb8a37769c7e3cabd90e5961f97bdb704430b
artifacts/release_candidate/v0.1.0-rc1/release_file_manifest.csv,232929,5db2e2ee561a21144d31e544edb3a498feda2ca1bee388f5100736aacfbc0d90
artifacts/release_candidate/v0.1.0-rc1/release_validation_report.md,175,ac40639952e25be01903de9a2ea0034ce9ae7e906a51214661c52b2061e2e498
artifacts/selected_run_summaries/packages/crag_mock_api_hardening_phase_package_v1_20260809-181136.json,32267,87a59bdf04c42e55bbae5e172f66776720b64d6a58461d37667cf3fe21c3a968
artifacts/selected_run_summaries/packages/crag_mock_api_hardening_phase_package_v1_20260809-181317.json,32320,c4e3dddd421adab2e04db221153daf10ad02d5746c85caa2c61f6ae978e417c6
artifacts/selected_run_summaries/packages/crag_mock_api_hardening_phase_package_v1_20260809-181317.md,1420,80b711aaee76d0a79604fc5873e3e5b352313d3cc7ecad895b688c098c910031
artifacts/selected_run_summaries/runs/ragtune_beneficial_governance_divergence_search_v1_20260809-170326-3dbd620301/beneficial_governance_candidate_table.csv,832,bf8e9f895b8dc33d0e970a9b72b1d52f35e71c1edff85bed3a0f939dcd4e2eaf
artifacts/selected_run_summaries/runs/ragtune_beneficial_governance_divergence_search_v1_20260809-170326-3dbd620301/beneficial_governance_divergence_cases.json,1549,01b10c2dbad087e5d3efc4613790ea082ab6d9923eaf447b0ff773f81bea14cd
artifacts/selected_run_summaries/runs/ragtune_beneficial_governance_divergence_search_v1_20260809-170326-3dbd620301/beneficial_governance_divergence_search_manifest.json,197,c574a1e62e124d45f474f9e34781185cf1fbc600df6ea699bb5e7407005dbcc1
artifacts/selected_run_summaries/runs/ragtune_beneficial_governance_divergence_search_v1_20260809-170326-3dbd620301/beneficial_governance_divergence_search_report.md,194,b3fc2a87b952def6abf78200597843b2db90275c5d1afb62efdc119bc6ac7300
artifacts/selected_run_summaries/runs/ragtune_beneficial_governance_divergence_search_v1_20260809-170326-3dbd620301/beneficial_governance_divergence_summary.json,351,25542b4f335313a195b6f45d4ad8829602199ab5bd0ee4a8838c8363c0545199
artifacts/selected_run_summaries/runs/ragtune_beneficial_governance_divergence_search_v1_20260809-170326-3dbd620301/input_config.yaml,444,14c0a8a869a4c6b75fecc2e5b39d55abbe89fc0f9ee2450fcccf80c55ad3d7eb
artifacts/selected_run_summaries/runs/ragtune_beneficial_governance_divergence_search_v1_20260809-170326-3dbd620301/no_overwrite_audit.json,348,f128b5813d9b377ac421be1217c7a1f682b7f87b545e39a48892f0ecb3fd9730
artifacts/selected_run_summaries/runs/ragtune_beneficial_governance_divergence_search_v1_20260809-170326-3dbd620301/run_manifest.json,1158,f0e86ef034269a21678a0a6b6ead4d1ca0750c20f4c9428efc3775c0f8da2b43
artifacts/selected_run_summaries/runs/ragtune_crag_mock_api_ablation_v1_20260809-174530-9fc15ace19/ablation_result.json,684,43535cad07d1e2a5eab987d8d4ace5aed4af0568073a8ba54725063f3215c2ea
artifacts/selected_run_summaries/runs/ragtune_crag_mock_api_ablation_v1_20260809-174530-9fc15ace19/api_efficiency_analysis.json,126,9a9725de97cf24d45ec4ae0c1b8410fb8f61052cea67cfced28dd0f5bf3dd848
artifacts/selected_run_summaries/runs/ragtune_crag_mock_api_ablation_v1_20260809-174530-9fc15ace19/counterfactual_governance_layers.json,1036,2062d4d20abcf54e5248052a785f9fdd94fc14ad1afea0712b6a9db3a516feea
artifacts/selected_run_summaries/runs/ragtune_crag_mock_api_ablation_v1_20260809-174530-9fc15ace19/crag_mock_api_ablation_manifest.json,684,43535cad07d1e2a5eab987d8d4ace5aed4af0568073a8ba54725063f3215c2ea
artifacts/selected_run_summaries/runs/ragtune_crag_mock_api_ablation_v1_20260809-174530-9fc15ace19/crag_mock_api_ablation_report.md,363,7b93cabae56a6f6870b20b341728558feaec3e345c861a39d22f8ab93afb047f
artifacts/selected_run_summaries/runs/ragtune_crag_mock_api_ablation_v1_20260809-174530-9fc15ace19/input_config.yaml,281,f7d2b3300abdc15c95c5ed1358df482a522c4c4f1761ac40a61fbbb893f84fdc
artifacts/selected_run_summaries/runs/ragtune_crag_mock_api_ablation_v1_20260809-174530-9fc15ace19/no_overwrite_audit.json,314,aa68e051363b10feed4d97fdaf7c3852e0fb40939f95d765eacda2812d1d2b66
artifacts/selected_run_summaries/runs/ragtune_crag_mock_api_ablation_v1_20260809-174530-9fc15ace19/overfit_generalization_analysis.json,266,9a72c1608a055bbb5cf6d0ffa89c95eb3dc35341eae10bcd2bf8db69b2ac4c01
artifacts/selected_run_summaries/runs/ragtune_crag_mock_api_ablation_v1_20260809-174530-9fc15ace19/query_segment_analysis.csv,18395,95ac15cb6bf76316fd0bbd94e0883de293f9c8b92bfe4539e3100d3e43708083
artifacts/selected_run_summaries/runs/ragtune_crag_mock_api_ablation_v1_20260809-174530-9fc15ace19/retrieval_noise_analysis.json,208,9701d6229de3d7898702ff0de94b1a1de8f0f8658228bb52a3653451257c4943
artifacts/selected_run_summaries/runs/ragtune_crag_mock_api_ablation_v1_20260809-174530-9fc15ace19/run_manifest.json,1094,92cc4828ba38ce8c1e11f97aabbc8cb46a27e3e4def88c444a215cc3d9f7d667
artifacts/selected_run_summaries/runs/ragtune_crag_mock_api_ablation_v1_20260809-174530-9fc15ace19/top_k_low_vs_greedy_metrics.csv,579172,2780fdcdf66d27320a58959719b28386631555f962297fcd460c78aa03316ac0
artifacts/selected_run_summaries/runs/ragtune_crag_mock_api_ablation_v1_20260809-174530-9fc15ace19/utility_decomposition.json,465,c5d4713c79196c6c6f9b67085e348d279aa9e0e8bcd598e81c3779839165a670
artifacts/selected_run_summaries/runs/ragtune_crag_mock_api_case_explanation_pack_v1_20260809-174530-2c68f91651/case_pack_result.json,320,148b2dc8cff4f378a346510f928b56250cc28db29f8520c6b7372272691fdffd
artifacts/selected_run_summaries/runs/ragtune_crag_mock_api_case_explanation_pack_v1_20260809-174530-2c68f91651/case_pack_selection_rationale.json,161,298e63ac7d2493f397b1c833619ba9004e66e63d2a4ef1ebee686fcc5befdfdd
artifacts/selected_run_summaries/runs/ragtune_crag_mock_api_case_explanation_pack_v1_20260809-174530-2c68f91651/crag_mock_api_case_pack_manifest.json,320,148b2dc8cff4f378a346510f928b56250cc28db29f8520c6b7372272691fdffd
artifacts/selected_run_summaries/runs/ragtune_crag_mock_api_case_explanation_pack_v1_20260809-174530-2c68f91651/crag_mock_api_case_packets.json,11452,518d8bf4efb4c949cd9985c6d81222c716a7f8262044e94c023c14dd785a8cef
artifacts/selected_run_summaries/runs/ragtune_crag_mock_api_case_explanation_pack_v1_20260809-174530-2c68f91651/crag_mock_api_case_packets.md,4036,baba6983c29c355a0e325686f1f75c2c764df8242c3609298db6a44a6c8d3cf3
artifacts/selected_run_summaries/runs/ragtune_crag_mock_api_case_explanation_pack_v1_20260809-174530-2c68f91651/crag_mock_api_executive_case_pack.md,1094,369d1fbfcd25cce00996800335e9d2debd157d4d43f92aac4d33de23108c92f0
artifacts/selected_run_summaries/runs/ragtune_crag_mock_api_case_explanation_pack_v1_20260809-174530-2c68f91651/crag_mock_api_technical_case_pack.md,4036,baba6983c29c355a0e325686f1f75c2c764df8242c3609298db6a44a6c8d3cf3
artifacts/selected_run_summaries/runs/ragtune_crag_mock_api_case_explanation_pack_v1_20260809-174530-2c68f91651/input_config.yaml,323,f71ba2065dc72b100e77618fbf6d59c42617213ca95c669848bac1c8a7cb7f6b
artifacts/selected_run_summaries/runs/ragtune_crag_mock_api_case_explanation_pack_v1_20260809-174530-2c68f91651/no_overwrite_audit.json,340,631e10025630622fea557efe6572a737d2d8ef822b465c1fce57b54487d6367f
artifacts/selected_run_summaries/runs/ragtune_crag_mock_api_case_explanation_pack_v1_20260809-174530-2c68f91651/run_manifest.json,1130,0d9ef2cefa78f1bde43a04949cb3dd7a032f1e42ec363bb143958b58ec10809b
artifacts/selected_run_summaries/runs/ragtune_crag_mock_api_docker_reproduction_v1_20260809-180013-afbd193043/input_config.yaml,1071,2c5e716d668ebe95c2d95c4eb2b41351b8280014d7044e7e209e2df07da9d256
artifacts/selected_run_summaries/runs/ragtune_crag_mock_api_docker_reproduction_v1_20260809-180046-afbd193043/crag_mock_api_docker_reproduction_manifest.json,569,302c6c721da74c2b0a0b6bdedfe62e029601e8e7d7e385f2ee00d153c8f2134f
artifacts/selected_run_summaries/runs/ragtune_crag_mock_api_docker_reproduction_v1_20260809-180046-afbd193043/docker_build_report.json,1963,c052702a83571db2533dfa91c6d0f5d216ea9937bc84f37aff25b06cf4a42d6c
artifacts/selected_run_summaries/runs/ragtune_crag_mock_api_docker_reproduction_v1_20260809-180046-afbd193043/docker_mock_api_server_report.json,207,2a20ff5aea3ad157429eed875126d9120a6283acea847eab0a32ded10f391531
artifacts/selected_run_summaries/runs/ragtune_crag_mock_api_docker_reproduction_v1_20260809-180046-afbd193043/docker_parent_comparison.json,5858,8b5b9cce6fb6c967406282dfe3c8b9d8602125642010a70610cbae970dc76d12
artifacts/selected_run_summaries/runs/ragtune_crag_mock_api_docker_reproduction_v1_20260809-180046-afbd193043/docker_reproduction_report.md,717,9f58c5d141e466511d4634ab9c90357ac022e12ed359e3a97a9d6a29696497d1
artifacts/selected_run_summaries/runs/ragtune_crag_mock_api_docker_reproduction_v1_20260809-180046-afbd193043/docker_reproduction_result.json,569,302c6c721da74c2b0a0b6bdedfe62e029601e8e7d7e385f2ee00d153c8f2134f
artifacts/selected_run_summaries/runs/ragtune_crag_mock_api_docker_reproduction_v1_20260809-180046-afbd193043/docker_runtime_report.json,104,4d425ba3560dc852ac573ef5846f1f4743ed824d4ec5b8f5d548f89397d67ecc
artifacts/selected_run_summaries/runs/ragtune_crag_mock_api_docker_reproduction_v1_20260809-180046-afbd193043/docker_validation_run_manifest.json,2533,644378df77745fd271a923130a955d047bd7109895577dfb1b9a303284c844a2
artifacts/selected_run_summaries/runs/ragtune_crag_mock_api_docker_reproduction_v1_20260809-180046-afbd193043/input_config.yaml,1150,5d6563c54a46f023801fc6167ee97e2f72fd1ed1ef187ce242983c9142d0d21c
artifacts/selected_run_summaries/runs/ragtune_crag_mock_api_docker_reproduction_v1_20260809-180046-afbd193043/no_overwrite_audit.json,336,aadd6804a511ddff6809674e49a170a9869670d87e67cf6b832e1a412fad5611
artifacts/selected_run_summaries/runs/ragtune_crag_mock_api_docker_reproduction_v1_20260809-180046-afbd193043/run_manifest.json,1140,3bcbb6f2a660f1c2c9af47f24ec2b91230bfe81ab478340fdd6427679bf8429e
artifacts/selected_run_summaries/runs/ragtune_crag_mock_api_evidence_synthesis_v1_20260809-180106-feec0b5d7f/claim_status_table.csv,732,4315cf3bfe9d0d6ba4d92af4e7abd70764c262b4122d48f6c0976add0c2df6a6
artifacts/selected_run_summaries/runs/ragtune_crag_mock_api_evidence_synthesis_v1_20260809-180106-feec0b5d7f/crag_mock_api_evidence_synthesis_manifest.json,182,737ff2e95a0b4c77f1987ce6324c7293fc0b42f3c22bfdfee195a90dc554889c
artifacts/selected_run_summaries/runs/ragtune_crag_mock_api_evidence_synthesis_v1_20260809-180106-feec0b5d7f/crag_mock_api_evidence_synthesis_report.md,788,d6f9af2cf931069c37fabe7523d0d9de9e8825fabfcb727d94edae1979af2766
artifacts/selected_run_summaries/runs/ragtune_crag_mock_api_evidence_synthesis_v1_20260809-180106-feec0b5d7f/cross_run_evidence_summary.json,4744,470478821dadfb47f9d26c8f0486c09075b32b5b3e1b8bf1f5c20bd02c8b373c
artifacts/selected_run_summaries/runs/ragtune_crag_mock_api_evidence_synthesis_v1_20260809-180106-feec0b5d7f/executive_result_summary.md,191,80f5eee28b6a6835941e3d158b72db43180eb86344bb3b335a9ac2a181bf06b1
artifacts/selected_run_summaries/runs/ragtune_crag_mock_api_evidence_synthesis_v1_20260809-180106-feec0b5d7f/input_config.yaml,236,775201c6251a02cb468cb4a6d7b8d8fdd8257c952026f361f9dd65f5829a9f52
artifacts/selected_run_summaries/runs/ragtune_crag_mock_api_evidence_synthesis_v1_20260809-180106-feec0b5d7f/no_overwrite_audit.json,334,b23df7aeba359ee85e568720b4c81df757aba0bcdf3cbaa9ff36aa0770aef681
artifacts/selected_run_summaries/runs/ragtune_crag_mock_api_evidence_synthesis_v1_20260809-180106-feec0b5d7f/paper_ready_result_summary.md,161,bee845613c0efe36bc9221d082c8cb933862707073f961f330a88c8c012d8479
artifacts/selected_run_summaries/runs/ragtune_crag_mock_api_evidence_synthesis_v1_20260809-180106-feec0b5d7f/run_manifest.json,1151,04dd36adb5224a391474f5407e1868fdd681b42c066b25a25c7bd1852936e283
artifacts/selected_run_summaries/runs/ragtune_crag_mock_api_repeat_validation_v1_20260809-174530-3685275f39/crag_mock_api_repeat_validation_manifest.json,326,735f09b107cca4ed1c4e41f0aa6ba098019a27452cdab54748c095f90a4292e4
artifacts/selected_run_summaries/runs/ragtune_crag_mock_api_repeat_validation_v1_20260809-174530-3685275f39/crag_mock_api_repeat_validation_report.md,272,35ee96838e98dc47c04305a5c8a1e505f83d37ca395c80d11baeab684d775621
artifacts/selected_run_summaries/runs/ragtune_crag_mock_api_repeat_validation_v1_20260809-174530-3685275f39/cross_split_synthesis.json,314,3c7fc7c69f410df9fa0e6992a1a987b5b9ce9e28eba76305691c8323f53c77b6
artifacts/selected_run_summaries/runs/ragtune_crag_mock_api_repeat_validation_v1_20260809-174530-3685275f39/input_config.yaml,522,a53fe352b48ed2d97404951e4d560a673d348b6fb741ab608cf5f113f8d4f114
artifacts/selected_run_summaries/runs/ragtune_crag_mock_api_repeat_validation_v1_20260809-174530-3685275f39/no_overwrite_audit.json,332,d7c3fd8fd0ab805e02462d51b99822f13eb5365ed17059e0e9812acd4f865dc9
artifacts/selected_run_summaries/runs/ragtune_crag_mock_api_repeat_validation_v1_20260809-174530-3685275f39/repeat_leakage_report.json,48,b12dbec45d275ff95d6060e1e5a4714b3c313ec7355a031359157322b98d4c6c
artifacts/selected_run_summaries/runs/ragtune_crag_mock_api_repeat_validation_v1_20260809-174530-3685275f39/repeat_parent_comparison.json,3717,d7430b380dbd96999e048283441a0f02fee3c3061d48e3fb2e0405efa7314ee3
artifacts/selected_run_summaries/runs/ragtune_crag_mock_api_repeat_validation_v1_20260809-174530-3685275f39/repeat_split_manifest.json,300,92a6d6c34c6e8de6a16e60f060e18c5cd7467c29c581d47ebd4724d59249400b
artifacts/selected_run_summaries/runs/ragtune_crag_mock_api_repeat_validation_v1_20260809-174530-3685275f39/repeat_statistical_analysis.json,4837,66c81e7f87bf272e0828406d9075895b33c179c23d2e61ade44d5352d62155ea
artifacts/selected_run_summaries/runs/ragtune_crag_mock_api_repeat_validation_v1_20260809-174530-3685275f39/repeat_utility_sensitivity.csv,6021,cc6f734384efefeed91e06f21bb4eb24dce6dd70e3df0f65bcb54ccf513b7ff5
artifacts/selected_run_summaries/runs/ragtune_crag_mock_api_repeat_validation_v1_20260809-174530-3685275f39/repeat_validation_results.csv,544,c8afbd31dd4024a9f42133284585522f8cebfdd521b03dcc253c180625c76ece
artifacts/selected_run_summaries/runs/ragtune_crag_mock_api_repeat_validation_v1_20260809-174530-3685275f39/run_manifest.json,1128,6d81399647062e42ba1512dd9cabbf48620537fd9aa5621b286323e04564206e
artifacts/selected_run_summaries/runs/ragtune_crag_mock_api_validation_v1_20260809-162440-92d8c0edd4/crag_mock_api_budget_latency_report.json,259,0ded97c68d25dd9694d272b5efabfae0f2d5388f33e92f7f7416ade6bc87c8ef
artifacts/selected_run_summaries/runs/ragtune_crag_mock_api_validation_v1_20260809-162440-92d8c0edd4/crag_mock_api_candidate_metrics.csv,1414,c84340ccdfdea1f713f25081cd8d580e14f4d59765d8b794833f1edee25cfc5a
artifacts/selected_run_summaries/runs/ragtune_crag_mock_api_validation_v1_20260809-162440-92d8c0edd4/crag_mock_api_confirmatory_candidate_metrics.csv,1278,7658b26eaa16daad87c0621c66e0d95f1b8dbf05d484a59ea11bd26b39be424a
artifacts/selected_run_summaries/runs/ragtune_crag_mock_api_validation_v1_20260809-162440-92d8c0edd4/crag_mock_api_domain_task_sample.csv,44468,117815e3679ecd2899300845dde55637bcedc9d0ebe00966fc29e8a9b9ed647a
artifacts/selected_run_summaries/runs/ragtune_crag_mock_api_validation_v1_20260809-162440-92d8c0edd4/crag_mock_api_per_query_results.csv,571588,1029b9b4e1a09ae6ab29f91df723ce9ec7a21e925b43bf30a9dace26cce373b6
artifacts/selected_run_summaries/runs/ragtune_crag_mock_api_validation_v1_20260809-162440-92d8c0edd4/crag_mock_api_selection_report.json,2035,9e078e294f626561205e35ca6739d024e70b8ece6c5d4bf2072922455447eeaa
artifacts/selected_run_summaries/runs/ragtune_crag_mock_api_validation_v1_20260809-162440-92d8c0edd4/crag_mock_api_server_logs_sanitized.txt,3127,48f38c1d1c66f53d198febda39993a4d67b795b25583afbaee997748a71bce96
artifacts/selected_run_summaries/runs/ragtune_crag_mock_api_validation_v1_20260809-162440-92d8c0edd4/crag_mock_api_statistical_analysis.json,989,85f85dc92c83ac53518e24435fbe0aeabb02ae43bf20cfff6136dfd23279a358
artifacts/selected_run_summaries/runs/ragtune_crag_mock_api_validation_v1_20260809-162440-92d8c0edd4/crag_mock_api_validation_freeze_manifest.json,14562,81a72e04175e3acd2936c5174619e742179db152f0225a991d77799e39840ecc
artifacts/selected_run_summaries/runs/ragtune_crag_mock_api_validation_v1_20260809-162440-92d8c0edd4/crag_mock_api_validation_manifest.json,800,cbffa003ab5d7127420addf6f424d0b2b661a79a34b4df9eb5da68bada9c3bc1
artifacts/selected_run_summaries/runs/ragtune_crag_mock_api_validation_v1_20260809-162440-92d8c0edd4/crag_mock_api_validation_report.md,499,36ffd08db7cc19594c9647f224c57dee60d5862f51753580956646788e9dd9da
artifacts/selected_run_summaries/runs/ragtune_crag_mock_api_validation_v1_20260809-162440-92d8c0edd4/input_config.yaml,633,ad907eac53e7edbca48bc97614a650d583428f8d7b24b5d137fb45b085f29ec1
artifacts/selected_run_summaries/runs/ragtune_crag_mock_api_validation_v1_20260809-162440-92d8c0edd4/no_overwrite_audit.json,318,79732c417872ad80ef065ba77d69de8c14674061c75e0a34dff9e38cf7d976fb
artifacts/selected_run_summaries/runs/ragtune_crag_mock_api_validation_v1_20260809-162440-92d8c0edd4/run_manifest.json,1099,b35b1b35417c21c280dd11165d239f0eb22634fc450c961ff1e2e01b162af7db
artifacts/selected_run_summaries/runs/ragtune_crag_mock_api_validation_v1_20260809-164913-92d8c0edd4/crag_mock_api_budget_latency_report.json,258,e8937ed9d6ffb7f33ec9c5bc4bba5c191934dbdd3ac3b6327badcb76dcf053d9
artifacts/selected_run_summaries/runs/ragtune_crag_mock_api_validation_v1_20260809-164913-92d8c0edd4/crag_mock_api_candidate_metrics.csv,1495,ca3f0d13886d62f54d6d88317a678c29f8d987a9d5e4db0ae969764dbec70077
artifacts/selected_run_summaries/runs/ragtune_crag_mock_api_validation_v1_20260809-164913-92d8c0edd4/crag_mock_api_confirmatory_candidate_metrics.csv,1469,29d1ac6af761d32030a0e394092937d896cf71245b70702b76b07199b74194ec
artifacts/selected_run_summaries/runs/ragtune_crag_mock_api_validation_v1_20260809-164913-92d8c0edd4/crag_mock_api_domain_task_sample.csv,149846,5fa106d4591d918521a057b4ac3f87dffee6e1a32a96d70b9713c5c268a7f2fe
artifacts/selected_run_summaries/runs/ragtune_crag_mock_api_validation_v1_20260809-164913-92d8c0edd4/crag_mock_api_per_query_results.csv,1945473,d3e169e6f3eb9edf00bd0c9b3be3b9a629043e5d56e326dc0c7e1caf9fcb5759
artifacts/selected_run_summaries/runs/ragtune_crag_mock_api_validation_v1_20260809-164913-92d8c0edd4/crag_mock_api_selection_report.json,2040,69fc732f0dc560f165b767b18bc20d3e249c7acc0b298a627a62d9c87b3bef41
artifacts/selected_run_summaries/runs/ragtune_crag_mock_api_validation_v1_20260809-164913-92d8c0edd4/crag_mock_api_server_logs_sanitized.txt,3127,589ddf08a313f59dadf6f64e177274900c97362dcdb864509ad8e0e84460990e
artifacts/selected_run_summaries/runs/ragtune_crag_mock_api_validation_v1_20260809-164913-92d8c0edd4/crag_mock_api_statistical_analysis.json,994,a55eaa9cf85bd2892aa605fdc53fc1809d1d94ccbb3dceced90f0add42e975f9
artifacts/selected_run_summaries/runs/ragtune_crag_mock_api_validation_v1_20260809-164913-92d8c0edd4/crag_mock_api_utility_sensitivity.csv,3001,6c23f129145577df9760acdb1b09f472e294127bc1bbf8e618cd562a026ac532
artifacts/selected_run_summaries/runs/ragtune_crag_mock_api_validation_v1_20260809-164913-92d8c0edd4/crag_mock_api_utility_sensitivity.json,877,a085fff0c1d8e5a6f074f6c12308bcae09fbab453f9970e1deb1d4b11837a3b8
artifacts/selected_run_summaries/runs/ragtune_crag_mock_api_validation_v1_20260809-164913-92d8c0edd4/crag_mock_api_validation_freeze_manifest.json,39116,6a3ab3b0ee32173c2d50e0caac013d75465c8505ecc942b6de7da350a6e86592
artifacts/selected_run_summaries/runs/ragtune_crag_mock_api_validation_v1_20260809-164913-92d8c0edd4/crag_mock_api_validation_manifest.json,801,ffbaf30473f893bdda9995f647ed3decd14d4f5cdafda9263ed024269f7ed0f8
artifacts/selected_run_summaries/runs/ragtune_crag_mock_api_validation_v1_20260809-164913-92d8c0edd4/crag_mock_api_validation_report.md,500,16074231072dcbfb50d6549c124928623172ca79ff71806b911752bb09060ddb
artifacts/selected_run_summaries/runs/ragtune_crag_mock_api_validation_v1_20260809-164913-92d8c0edd4/input_config.yaml,819,3a198accb8cda19cc13743e8cff2cf805d3c0aacced7e8c57f38454cb6df2437
artifacts/selected_run_summaries/runs/ragtune_crag_mock_api_validation_v1_20260809-164913-92d8c0edd4/no_overwrite_audit.json,318,454a088ea9b3c4a84b48b79a1670dce904e5dff40e0bbb625dbf8b41206c04c4
artifacts/selected_run_summaries/runs/ragtune_crag_mock_api_validation_v1_20260809-164913-92d8c0edd4/run_manifest.json,1099,cee8fe705d8d1aa39873dcdcc6060d0200e9eaa769d2293601c3f49a578b6469
artifacts/selected_run_summaries/runs/ragtune_crag_mock_api_validation_v1_20260809-165415-92d8c0edd4/crag_mock_api_budget_latency_report.json,258,202a77b86077efb13d54c040d1e371bd30729369fed1ac07a710f03a16180f23
artifacts/selected_run_summaries/runs/ragtune_crag_mock_api_validation_v1_20260809-165415-92d8c0edd4/crag_mock_api_candidate_metrics.csv,1464,25b4329524da02b1fb36877b0420cf047c6142e31cbac1f9c83886a25b35f370
artifacts/selected_run_summaries/runs/ragtune_crag_mock_api_validation_v1_20260809-165415-92d8c0edd4/crag_mock_api_confirmatory_candidate_metrics.csv,1504,cff204462f05a83598a39248bb4288e168f79c41657cc7213e2aeb01f4beeb71
artifacts/selected_run_summaries/runs/ragtune_crag_mock_api_validation_v1_20260809-165415-92d8c0edd4/crag_mock_api_domain_task_sample.csv,218569,bdfca336e3974969e6b496b3159902be0602f4f52066fb511047a4fc1badacf7
artifacts/selected_run_summaries/runs/ragtune_crag_mock_api_validation_v1_20260809-165415-92d8c0edd4/crag_mock_api_per_query_results.csv,2838962,e723c94b9b1d6d5ae9b22a955a1118b45739251db060d0a5b1068effe8ce37b3
artifacts/selected_run_summaries/runs/ragtune_crag_mock_api_validation_v1_20260809-165415-92d8c0edd4/crag_mock_api_selection_report.json,2034,e1b3c4b970768d3522a497d6de39be525e42f179ddf749da505b91daf15e9ed5
artifacts/selected_run_summaries/runs/ragtune_crag_mock_api_validation_v1_20260809-165415-92d8c0edd4/crag_mock_api_server_logs_sanitized.txt,3127,51116e9a56730635454d51be1a0646ba04465d40520c1d9f296eaa02103198dd
artifacts/selected_run_summaries/runs/ragtune_crag_mock_api_validation_v1_20260809-165415-92d8c0edd4/crag_mock_api_statistical_analysis.json,988,b7f4c282a8a9bc8575b557a944f101ee78e985251ab2fd5acac1c1d85a4205ed
artifacts/selected_run_summaries/runs/ragtune_crag_mock_api_validation_v1_20260809-165415-92d8c0edd4/crag_mock_api_utility_sensitivity.csv,3002,54a3f28c234183b8ef06a530017298527e03d27b0e7fe1b1a6f48a4956b54bf2
artifacts/selected_run_summaries/runs/ragtune_crag_mock_api_validation_v1_20260809-165415-92d8c0edd4/crag_mock_api_utility_sensitivity.json,877,a085fff0c1d8e5a6f074f6c12308bcae09fbab453f9970e1deb1d4b11837a3b8
artifacts/selected_run_summaries/runs/ragtune_crag_mock_api_validation_v1_20260809-165415-92d8c0edd4/crag_mock_api_validation_freeze_manifest.json,55640,1f67ce5fef19d6c04fa2e629eb1ea97be590e602711151f11940dc72d736177a
artifacts/selected_run_summaries/runs/ragtune_crag_mock_api_validation_v1_20260809-165415-92d8c0edd4/crag_mock_api_validation_manifest.json,802,9d0455604c1c37f760211ba2ebfb66ffdd7380cf041776e387ec85fa7c687054
artifacts/selected_run_summaries/runs/ragtune_crag_mock_api_validation_v1_20260809-165415-92d8c0edd4/crag_mock_api_validation_report.md,501,407ec80c2969f79495fd8270a3c873d56100b720be4f68850b36b876d95fe545
artifacts/selected_run_summaries/runs/ragtune_crag_mock_api_validation_v1_20260809-165415-92d8c0edd4/input_config.yaml,819,3a198accb8cda19cc13743e8cff2cf805d3c0aacced7e8c57f38454cb6df2437
artifacts/selected_run_summaries/runs/ragtune_crag_mock_api_validation_v1_20260809-165415-92d8c0edd4/no_overwrite_audit.json,318,5db232f984aa1b8ea5b27c5ab8ebd15f424baf45c97aaba23a435564d584916c
artifacts/selected_run_summaries/runs/ragtune_crag_mock_api_validation_v1_20260809-165415-92d8c0edd4/run_manifest.json,1099,65eb26f97ad2a73eb938b5a93f0dd9ff0f169c780d9765ace5e13283225e3945
artifacts/selected_run_summaries/runs/ragtune_crag_mock_api_validation_v1_20260809-174919-7cf1da20ed/crag_mock_api_per_query_results.csv,1,01ba4719c80b6fe911b091a7c05124b64eeece964e09c058ef8f9805daca546b
artifacts/selected_run_summaries/runs/ragtune_crag_mock_api_validation_v1_20260809-174919-7cf1da20ed/crag_mock_api_statistical_analysis.json,92,936bebf2282caf7c5eb89206d98ed1bbc324f6a5607746e2fe2e62268e55815f
artifacts/selected_run_summaries/runs/ragtune_crag_mock_api_validation_v1_20260809-174919-7cf1da20ed/crag_mock_api_validation_manifest.json,141,4527c915443cf3375ad7b8947e12244da904babcc7d09e617ceb055e7d80e1bf
artifacts/selected_run_summaries/runs/ragtune_crag_mock_api_validation_v1_20260809-174919-7cf1da20ed/crag_mock_api_validation_report.md,94,e9b907fcc4330fc6128a9c039e051439106ae30e1f225a31453b660a67d48dd3
artifacts/selected_run_summaries/runs/ragtune_crag_mock_api_validation_v1_20260809-174919-7cf1da20ed/input_config.yaml,595,fb7d6369033dc77a26877ef0d2322554ec667a94579c32ff50926a848a0106ec
artifacts/selected_run_summaries/runs/ragtune_crag_mock_api_validation_v1_20260809-174919-7cf1da20ed/no_overwrite_audit.json,367,0c76f7888fad5f0abd66d70cdc1f6b1d1f11162928a3eb451ab71d72efb8a2de
artifacts/selected_run_summaries/runs/ragtune_crag_mock_api_validation_v1_20260809-174919-7cf1da20ed/run_manifest.json,1128,077c795e8f331ae612822ca354df5029cccd6ede721f4fc6227f5a42269980c0
artifacts/selected_run_summaries/runs/ragtune_human_eval_pilot_v4_20260809-170222-04e5da91fa/human_eval_interrater_report.json,51,8dd7e1ac8203ab9c511ecb9982b757e473f29d6fe1b6c091058a23fa4f126997
artifacts/selected_run_summaries/runs/ragtune_human_eval_pilot_v4_20260809-170222-04e5da91fa/human_eval_metric_alignment.json,51,8dd7e1ac8203ab9c511ecb9982b757e473f29d6fe1b6c091058a23fa4f126997
artifacts/selected_run_summaries/runs/ragtune_human_eval_pilot_v4_20260809-170222-04e5da91fa/human_eval_pairs_blinded.csv,4819,c4530be29b4f96f414f883c3f43a39b896c1c2b0627eabc76832da539fc82ca0
artifacts/selected_run_summaries/runs/ragtune_human_eval_pilot_v4_20260809-170222-04e5da91fa/human_eval_pilot_v4_manifest.json,227,a3d07d1a782e060d16226cb15d91bd4dd099cc26f5e6155152be12195b72b683
artifacts/selected_run_summaries/runs/ragtune_human_eval_pilot_v4_20260809-170222-04e5da91fa/human_eval_pilot_v4_report.md,129,df7a5c9bf6bcd9292c1ebca4c68a6c2871fb2e3f55d72c6f71230bf8ad6d5b75
artifacts/selected_run_summaries/runs/ragtune_human_eval_pilot_v4_20260809-170222-04e5da91fa/input_config.yaml,480,ca3ba4f6f45bc4b3afd7ac906bead97558de7994afefbe83dd4f5b5067d960f6
artifacts/selected_run_summaries/runs/ragtune_human_eval_pilot_v4_20260809-170222-04e5da91fa/no_overwrite_audit.json,302,04e440d0729beb955f0c4f4b904467555eef374b36069db0ef56f812bd8f8053
artifacts/selected_run_summaries/runs/ragtune_human_eval_pilot_v4_20260809-170222-04e5da91fa/run_manifest.json,1055,b1b94f9dce40b39e3f7aee38b70e9a067dd859b3fb8837cf36cf546b8bacc202
artifacts/selected_run_summaries/runs/ragtune_human_eval_pilot_v4_20260809-170327-04e5da91fa/human_eval_interrater_report.json,51,8dd7e1ac8203ab9c511ecb9982b757e473f29d6fe1b6c091058a23fa4f126997
artifacts/selected_run_summaries/runs/ragtune_human_eval_pilot_v4_20260809-170327-04e5da91fa/human_eval_metric_alignment.json,51,8dd7e1ac8203ab9c511ecb9982b757e473f29d6fe1b6c091058a23fa4f126997
artifacts/selected_run_summaries/runs/ragtune_human_eval_pilot_v4_20260809-170327-04e5da91fa/human_eval_pairs_blinded.csv,5032,c8dfe708184304426ae48358613b58dbc46478248eb58ca8608553f5892b07a1
artifacts/selected_run_summaries/runs/ragtune_human_eval_pilot_v4_20260809-170327-04e5da91fa/human_eval_pilot_v4_manifest.json,226,0e17c06045576a210364d4ef06c877f9b660bacd7c8b0253beb40c96562d8286
artifacts/selected_run_summaries/runs/ragtune_human_eval_pilot_v4_20260809-170327-04e5da91fa/human_eval_pilot_v4_report.md,129,df7a5c9bf6bcd9292c1ebca4c68a6c2871fb2e3f55d72c6f71230bf8ad6d5b75
artifacts/selected_run_summaries/runs/ragtune_human_eval_pilot_v4_20260809-170327-04e5da91fa/input_config.yaml,480,ca3ba4f6f45bc4b3afd7ac906bead97558de7994afefbe83dd4f5b5067d960f6
artifacts/selected_run_summaries/runs/ragtune_human_eval_pilot_v4_20260809-170327-04e5da91fa/no_overwrite_audit.json,302,c6eaf94ef31f53380afa0ca711758a5b2f3b6e9a41d56eef98d0dee51353d076
artifacts/selected_run_summaries/runs/ragtune_human_eval_pilot_v4_20260809-170327-04e5da91fa/run_manifest.json,1055,dbdbc1da6a4ec02ba89fe8320ca4ae7e414adf74425623722fb1fc8744156d08
artifacts/selected_run_summaries/runs/ragtune_natural_divergence_adjudication_v1_20260809-170222-f5dacc1eb1/beneficial_divergence_summary.json,458,7092e6ab505ef8958d947b4d0c7e924f8afd47f3c3351056f1d005e8d47cc97c
artifacts/selected_run_summaries/runs/ragtune_natural_divergence_adjudication_v1_20260809-170222-f5dacc1eb1/input_config.yaml,552,f23c9f3b21882cf37180581f37d65e2a54cb7fbf441afa11987c9ed1e01d263f
artifacts/selected_run_summaries/runs/ragtune_natural_divergence_adjudication_v1_20260809-170222-f5dacc1eb1/natural_divergence_adjudication_manifest.json,306,bd7a6e6cc27c138d6216a975b5716ce9cc31da1549abdf67fed475fe2b27e8da
artifacts/selected_run_summaries/runs/ragtune_natural_divergence_adjudication_v1_20260809-170222-f5dacc1eb1/natural_divergence_adjudication_report.md,469,69685e7f619cef5451c0308f34a176528f338488f13f4f4784138710d2b43b67
artifacts/selected_run_summaries/runs/ragtune_natural_divergence_adjudication_v1_20260809-170222-f5dacc1eb1/natural_divergence_case_packets.json,6981,87eb3bed9af5bedaed7aa52e34a7312120b9cb9958a5ddef209ef0749a76eb57
artifacts/selected_run_summaries/runs/ragtune_natural_divergence_adjudication_v1_20260809-170222-f5dacc1eb1/natural_divergence_case_packets.md,758,e7c2d4f79877356388014323c756c88bcc50505404ad01304fa7097194655570
artifacts/selected_run_summaries/runs/ragtune_natural_divergence_adjudication_v1_20260809-170222-f5dacc1eb1/natural_divergence_classification_table.csv,774,6a34144ce5e63e4db1a336fae36dfdcacd499584e14fbe31bd50befeb7c3e107
artifacts/selected_run_summaries/runs/ragtune_natural_divergence_adjudication_v1_20260809-170222-f5dacc1eb1/no_overwrite_audit.json,332,42cdbe19ea3309ff2d451647bb7b145a5a613536eb5ffe2a325d0cfc95bdd7be
artifacts/selected_run_summaries/runs/ragtune_natural_divergence_adjudication_v1_20260809-170222-f5dacc1eb1/run_manifest.json,1119,727048d15a94515082a2da76958d9098bbe248f05d8d23565e45aed5f687efda
artifacts/selected_run_summaries/runs/ragtune_natural_divergence_adjudication_v1_20260809-170326-f5dacc1eb1/beneficial_divergence_summary.json,567,457a20b3a5c9afa11a07fa7e2c2954fb410e5d3d424c6f53d4620f843dc90bef
artifacts/selected_run_summaries/runs/ragtune_natural_divergence_adjudication_v1_20260809-170326-f5dacc1eb1/input_config.yaml,552,f23c9f3b21882cf37180581f37d65e2a54cb7fbf441afa11987c9ed1e01d263f
artifacts/selected_run_summaries/runs/ragtune_natural_divergence_adjudication_v1_20260809-170326-f5dacc1eb1/natural_divergence_adjudication_manifest.json,305,6eb00d4363cf5feebd2a2ba1342e4f6928519202d1b6b8cdeee9f7b0ea946999
artifacts/selected_run_summaries/runs/ragtune_natural_divergence_adjudication_v1_20260809-170326-f5dacc1eb1/natural_divergence_adjudication_report.md,468,bada950374b8ea96d8b1722352dd2402a7c35b801e87fe2c225e7685e39d2345
artifacts/selected_run_summaries/runs/ragtune_natural_divergence_adjudication_v1_20260809-170326-f5dacc1eb1/natural_divergence_case_packets.json,10724,25441b6e0fffeeb55496bfbba85c0114cf87173e66a45a27b7747f242f150028
artifacts/selected_run_summaries/runs/ragtune_natural_divergence_adjudication_v1_20260809-170326-f5dacc1eb1/natural_divergence_case_packets.md,992,2d9d5442b45c24d96e524504366a62b83cf476fc994c52e7de4a6c549fe5e131
artifacts/selected_run_summaries/runs/ragtune_natural_divergence_adjudication_v1_20260809-170326-f5dacc1eb1/natural_divergence_classification_table.csv,980,96afca0f78d4b0b38a2041418a2e59bd162d82112945b175c9e68ac162c1c600
artifacts/selected_run_summaries/runs/ragtune_natural_divergence_adjudication_v1_20260809-170326-f5dacc1eb1/no_overwrite_audit.json,332,83f8c204caf172e5938441c5ab48d75bb45df7d2475c2bc666811aec862d1b6d
artifacts/selected_run_summaries/runs/ragtune_natural_divergence_adjudication_v1_20260809-170326-f5dacc1eb1/run_manifest.json,1119,b635e2f32ded46881caa4a9b2f3399e70f9b559d33e08ba42c8c384f76eddf9e
artifacts/selected_run_summaries/runs/ragtune_strict_git_provenance_repair_v1_20260809-162434-8621179ce7/docker_git_provenance_report.json,321,a73d19eb3d24f8704d92630abadf1ec37a1b88b0e4aef51e198930cd9a94f9ea
artifacts/selected_run_summaries/runs/ragtune_strict_git_provenance_repair_v1_20260809-162434-8621179ce7/docker_git_provenance_report.md,85,89ae9b9513e6a845dde3d3e24fa7a60775d912612db16e09a8f354ad77a3ffac
artifacts/selected_run_summaries/runs/ragtune_strict_git_provenance_repair_v1_20260809-162434-8621179ce7/git_command_outputs.json,2,44136fa355b3678a1146ad16f7e8649e94fb4fc21fe77e8310c060f61caaff8a
artifacts/selected_run_summaries/runs/ragtune_strict_git_provenance_repair_v1_20260809-162434-8621179ce7/input_config.yaml,513,39435dff4ffca879e1f0c83ac30be98c03717e3be98081d82add9d97ea49bb31
artifacts/selected_run_summaries/runs/ragtune_strict_git_provenance_repair_v1_20260809-162434-8621179ce7/no_overwrite_audit.json,326,01f24d26c60abb69d6b8e3a83bd5b62704c6e7f7ba3e995c776ae23fd7cc7f62
artifacts/selected_run_summaries/runs/ragtune_strict_git_provenance_repair_v1_20260809-162434-8621179ce7/run_manifest.json,1074,c9b41a5bed66d99bcf3aa05ef995a228d12b6dbb8d44bd55607b0370f534aaff
artifacts/selected_run_summaries/runs/ragtune_strict_git_provenance_repair_v1_20260809-162434-8621179ce7/strict_git_provenance_manifest.json,539,4c96f807d24dd253ba360b5221683c1ea606ab54527962c51cf693168aa0c5a1
artifacts/selected_run_summaries/runs/ragtune_strict_git_provenance_repair_v1_20260809-162434-8621179ce7/strict_git_provenance_repair_report.json,1608,f472fedd6776aba0114df1b561f0ea48a0bdbbaa563fcab41c5d89e32d48c59c
artifacts/selected_run_summaries/runs/ragtune_strict_git_provenance_repair_v1_20260809-162434-8621179ce7/strict_git_provenance_repair_report.md,258,f45db8c65346caed5cefd5e83cabdaef7aa66556cfe8f1a9901717811d7be6fa
artifacts/selected_run_summaries/runs/ragtune_strict_git_provenance_repair_v1_20260809-164908-8621179ce7/docker_git_provenance_report.json,321,6136dcfde4d21695451b2db2890289be8a48cf701ec4a5cf30afcd8bb6761704
artifacts/selected_run_summaries/runs/ragtune_strict_git_provenance_repair_v1_20260809-164908-8621179ce7/docker_git_provenance_report.md,85,89ae9b9513e6a845dde3d3e24fa7a60775d912612db16e09a8f354ad77a3ffac
artifacts/selected_run_summaries/runs/ragtune_strict_git_provenance_repair_v1_20260809-164908-8621179ce7/git_command_outputs.json,2,44136fa355b3678a1146ad16f7e8649e94fb4fc21fe77e8310c060f61caaff8a
artifacts/selected_run_summaries/runs/ragtune_strict_git_provenance_repair_v1_20260809-164908-8621179ce7/input_config.yaml,513,39435dff4ffca879e1f0c83ac30be98c03717e3be98081d82add9d97ea49bb31
artifacts/selected_run_summaries/runs/ragtune_strict_git_provenance_repair_v1_20260809-164908-8621179ce7/no_overwrite_audit.json,326,72d437f7cf2d0840484fde671cf9ecb07540ee4059371ca91c39ac0dd999aa17
artifacts/selected_run_summaries/runs/ragtune_strict_git_provenance_repair_v1_20260809-164908-8621179ce7/run_manifest.json,1074,c7894f680548ed80cbed0746160c15704d43a3f75e7c5e879b52de68b0cbf21e
artifacts/selected_run_summaries/runs/ragtune_strict_git_provenance_repair_v1_20260809-164908-8621179ce7/strict_git_provenance_manifest.json,539,aab52048db8392b2e7d2a4c615f9e19b774bb9998d9a3b4aadaecbf6b695d7ba
artifacts/selected_run_summaries/runs/ragtune_strict_git_provenance_repair_v1_20260809-164908-8621179ce7/strict_git_provenance_repair_report.json,1608,3511f714f5599c34722445e0b890ca7a9ccd9aa86ee8de20519cdb8e8f154857
artifacts/selected_run_summaries/runs/ragtune_strict_git_provenance_repair_v1_20260809-164908-8621179ce7/strict_git_provenance_repair_report.md,258,464226fe0550cb82acc644433402c4b7f2f4221778a1d7d6c192184156afa920
artifacts/selected_run_summaries/runs/ragtune_strict_git_provenance_repair_v1_20260809-165408-8621179ce7/docker_git_provenance_report.json,321,c7ed34089da975221a2a42dafa08fdeb370ed025129e4df7ae3a0cac4d1ad656
artifacts/selected_run_summaries/runs/ragtune_strict_git_provenance_repair_v1_20260809-165408-8621179ce7/docker_git_provenance_report.md,85,89ae9b9513e6a845dde3d3e24fa7a60775d912612db16e09a8f354ad77a3ffac
artifacts/selected_run_summaries/runs/ragtune_strict_git_provenance_repair_v1_20260809-165408-8621179ce7/git_command_outputs.json,2,44136fa355b3678a1146ad16f7e8649e94fb4fc21fe77e8310c060f61caaff8a
artifacts/selected_run_summaries/runs/ragtune_strict_git_provenance_repair_v1_20260809-165408-8621179ce7/input_config.yaml,513,39435dff4ffca879e1f0c83ac30be98c03717e3be98081d82add9d97ea49bb31
artifacts/selected_run_summaries/runs/ragtune_strict_git_provenance_repair_v1_20260809-165408-8621179ce7/no_overwrite_audit.json,326,9782f138d42ccf4642b2b0b43804638c23f88fb8eb0a8b3fadc3cd35d93dea2e
artifacts/selected_run_summaries/runs/ragtune_strict_git_provenance_repair_v1_20260809-165408-8621179ce7/run_manifest.json,1074,ec254e0753552ce924a10c4011198c09bd470cf8a47940b120ec8a7f84acddc1
artifacts/selected_run_summaries/runs/ragtune_strict_git_provenance_repair_v1_20260809-165408-8621179ce7/strict_git_provenance_manifest.json,539,4622ee95652b55bac09551b606fa37e3491765eb8b4f96378c89a16bfbc96064
artifacts/selected_run_summaries/runs/ragtune_strict_git_provenance_repair_v1_20260809-165408-8621179ce7/strict_git_provenance_repair_report.json,1608,cd5bb41b86a3a15f0e343ba4056400bc167073de8801c7e22fda48847f35b97c
artifacts/selected_run_summaries/runs/ragtune_strict_git_provenance_repair_v1_20260809-165408-8621179ce7/strict_git_provenance_repair_report.md,258,3a896541470abc0dc7fdb18783414310d8dc6d67812d306e1b88c21fe878e122
artifacts/selected_run_summaries/runs/ragtune_strict_git_provenance_repair_v1_20260809-170318-8621179ce7/docker_git_provenance_report.json,321,53d2434d419ff90a8b0dbe404e72f3f50b95f69f986675cb7c3383b907aae618
artifacts/selected_run_summaries/runs/ragtune_strict_git_provenance_repair_v1_20260809-170318-8621179ce7/docker_git_provenance_report.md,85,89ae9b9513e6a845dde3d3e24fa7a60775d912612db16e09a8f354ad77a3ffac
artifacts/selected_run_summaries/runs/ragtune_strict_git_provenance_repair_v1_20260809-170318-8621179ce7/git_command_outputs.json,2,44136fa355b3678a1146ad16f7e8649e94fb4fc21fe77e8310c060f61caaff8a
artifacts/selected_run_summaries/runs/ragtune_strict_git_provenance_repair_v1_20260809-170318-8621179ce7/input_config.yaml,513,39435dff4ffca879e1f0c83ac30be98c03717e3be98081d82add9d97ea49bb31
artifacts/selected_run_summaries/runs/ragtune_strict_git_provenance_repair_v1_20260809-170318-8621179ce7/no_overwrite_audit.json,326,e2fb5b3210835622cdf830cd182d64ac5a8befc35dee6f16f8d9403ebb34d437
artifacts/selected_run_summaries/runs/ragtune_strict_git_provenance_repair_v1_20260809-170318-8621179ce7/run_manifest.json,1074,13669e0847e2b0b7a76338221543114d046a4e906bbe20547bf3d6e05438c8b3
artifacts/selected_run_summaries/runs/ragtune_strict_git_provenance_repair_v1_20260809-170318-8621179ce7/strict_git_provenance_manifest.json,539,c3fa35d723b36a28de094779bc7771064ed7de11008f4995c4adeb4eb3a39da9
artifacts/selected_run_summaries/runs/ragtune_strict_git_provenance_repair_v1_20260809-170318-8621179ce7/strict_git_provenance_repair_report.json,1608,3c8b24c33fc45158478ee136b1d2ccf3b03b2343cebf9d56b8251a65adb72eb1
artifacts/selected_run_summaries/runs/ragtune_strict_git_provenance_repair_v1_20260809-170318-8621179ce7/strict_git_provenance_repair_report.md,258,88efc1da31534ed7e576fc881079b08866d39ecdf0cbbe94922014dc9e24ee02
artifacts/selected_run_summaries/runs/ragtune_strict_git_provenance_repair_v1_20260809-170600-8621179ce7/docker_git_provenance_report.json,321,21564db884df1d902d25cf0f58a8b7dbb0849e006b7258a184065fb0d01adc73
artifacts/selected_run_summaries/runs/ragtune_strict_git_provenance_repair_v1_20260809-170600-8621179ce7/docker_git_provenance_report.md,85,89ae9b9513e6a845dde3d3e24fa7a60775d912612db16e09a8f354ad77a3ffac
artifacts/selected_run_summaries/runs/ragtune_strict_git_provenance_repair_v1_20260809-170600-8621179ce7/git_command_outputs.json,2,44136fa355b3678a1146ad16f7e8649e94fb4fc21fe77e8310c060f61caaff8a
artifacts/selected_run_summaries/runs/ragtune_strict_git_provenance_repair_v1_20260809-170600-8621179ce7/input_config.yaml,513,39435dff4ffca879e1f0c83ac30be98c03717e3be98081d82add9d97ea49bb31
artifacts/selected_run_summaries/runs/ragtune_strict_git_provenance_repair_v1_20260809-170600-8621179ce7/no_overwrite_audit.json,326,8ccfa6da3554aa0822301a0c5da91bf8eb091e3bb1ea3e9c60def0d1ead8cbe3
artifacts/selected_run_summaries/runs/ragtune_strict_git_provenance_repair_v1_20260809-170600-8621179ce7/run_manifest.json,1074,ddca9016518aaacb141e2d967d529326bc7adef684dd464a1c91afdd2aeb910a
artifacts/selected_run_summaries/runs/ragtune_strict_git_provenance_repair_v1_20260809-170600-8621179ce7/strict_git_provenance_manifest.json,539,a671286ea5e5674ebd2931b89dde5e87a4d6843f21e90ccdb6ee9086bf6bbab4
artifacts/selected_run_summaries/runs/ragtune_strict_git_provenance_repair_v1_20260809-170600-8621179ce7/strict_git_provenance_repair_report.json,1608,9099aae6ddffe9442b9e69d837b4f721678f17b2eca435dadb7ad6072e922c1e
artifacts/selected_run_summaries/runs/ragtune_strict_git_provenance_repair_v1_20260809-170600-8621179ce7/strict_git_provenance_repair_report.md,258,f3991665ab5b0462459ee5a845e34dfcfec97fd84b0ee1722860fc0f0d70bd43
artifacts/selected_run_summaries/runs/ragtune_strict_git_provenance_repair_v1_20260809-173309-8621179ce7/docker_git_provenance_report.json,321,21564db884df1d902d25cf0f58a8b7dbb0849e006b7258a184065fb0d01adc73
artifacts/selected_run_summaries/runs/ragtune_strict_git_provenance_repair_v1_20260809-173309-8621179ce7/docker_git_provenance_report.md,85,89ae9b9513e6a845dde3d3e24fa7a60775d912612db16e09a8f354ad77a3ffac
artifacts/selected_run_summaries/runs/ragtune_strict_git_provenance_repair_v1_20260809-173309-8621179ce7/git_command_outputs.json,2,44136fa355b3678a1146ad16f7e8649e94fb4fc21fe77e8310c060f61caaff8a
artifacts/selected_run_summaries/runs/ragtune_strict_git_provenance_repair_v1_20260809-173309-8621179ce7/input_config.yaml,513,39435dff4ffca879e1f0c83ac30be98c03717e3be98081d82add9d97ea49bb31
artifacts/selected_run_summaries/runs/ragtune_strict_git_provenance_repair_v1_20260809-173309-8621179ce7/no_overwrite_audit.json,326,4b6a02a2b0ec1f357870d08f794e796e63a4cdf79865c24ccff77a443aec2c1e
artifacts/selected_run_summaries/runs/ragtune_strict_git_provenance_repair_v1_20260809-173309-8621179ce7/run_manifest.json,1074,13fad0bb3b17ce34e5259b7fa4c00ab1c78622fb041076a26c8ea3bf7f8fe1b9
artifacts/selected_run_summaries/runs/ragtune_strict_git_provenance_repair_v1_20260809-173309-8621179ce7/strict_git_provenance_manifest.json,539,b8a252a092fec9f824ab8806c606333508cd6cda0c9039b40b62dbe4f7c7e381
artifacts/selected_run_summaries/runs/ragtune_strict_git_provenance_repair_v1_20260809-173309-8621179ce7/strict_git_provenance_repair_report.json,1608,c4c17117f187e6b0358a74b8d05da7ce07876eeda4741fce12f8d4a72c699932
artifacts/selected_run_summaries/runs/ragtune_strict_git_provenance_repair_v1_20260809-173309-8621179ce7/strict_git_provenance_repair_report.md,258,f3991665ab5b0462459ee5a845e34dfcfec97fd84b0ee1722860fc0f0d70bd43
artifacts/selector_ablation_matrix/selector_ablation_manifest.json,704,3aedb8542a456f8cdc71a89df5d2ce738c86b912109475831af2c77156796e1d
artifacts/selector_ablation_matrix/selector_ablation_report.md,467,8803ea3cc1576573a84a183cc2d525bcfb83fae5c1da9de5d99e14e6104c579a
artifacts/selector_ablation_matrix/selector_ablation_results.csv,1371,a7152e255ca79d4c4931a97c07fc744ea693bb64957f4f27affcd98b090eea38
artifacts/selector_ablation_matrix/selector_ablation_summary.csv,606,ffa40557a4e674d64586420192104f70d07ff65bec112ae8d2e602b778643dfe
artifacts/selector_ablation_matrix/unsafe_selector_cases.csv,164,3a867a711bea9f1f580ac0398966df163ae71a003046be6da1018a02e2792767
artifacts/selector_ablation_stress_v2/selector_ablation_stress_manifest.json,864,b7246a79dd233935da399591d657babe4f29e27a519315bac4bfb396a9d9ce09
artifacts/selector_ablation_stress_v2/selector_ablation_stress_report.md,213,7827b543274c541c653500712766f75f5002ef03aa7c56ccdae73d12c0cdfb74
artifacts/selector_ablation_stress_v2/selector_ablation_stress_results.csv,1199,99fd972b600a4eb8ea23502193cf1ef7a48222179e6b786f338130ca75618e9f
artifacts/selector_ablation_stress_v2/selector_ablation_stress_summary.csv,350,535e6a91c3e294a48a67df495d0d2c9100649d728b9337909ebb7a2833a9f9c0
artifacts/selector_ablation_stress_v2/unsafe_selector_cases.csv,501,80f8c22fdfd91e93eb7b2d84e34cb114d88998fef921f39b019692bc816f02b6
artifacts/verify_run_demo/artifact_manifest.json,1057,4374697d602a46cf6c6197723344f99632f3d22cba628fc408a40223c0667109
artifacts/verify_run_demo/artifact_manifest.sha256,89,38f57463d98a52e71df506d8e777b53474b6a3a22ec3b3838861b26dcd8c0ef4
artifacts/verify_run_demo/verify_run_manifest.json,280,484609edd264439ccff9196b4d43fd2523de27d036d356ba95d6784093ff1075
artifacts/verify_run_demo/verify_run_report.md,157,95bc8ad5b57209e9ad26483f4b88cc895204d36e1bf453ba7e59c1f335f03264
configs/datasets.yaml,927,dfe3d40615dad952b14619ba384024e725e062ef9c76310ffe99ab68595ead08
configs/experiments/ablation_matrix.yaml,1119,97a965865d5232f17b22c049f4344d0128f2bb0f45eb117f79e0ba4b2d90d1c9
configs/experiments/full_spectra_matrix.yaml,1337,d3ca38541d522e496c7fb5f258a4434350b3e94ce630aa76dba24ad83dc37a4d
configs/experiments/gate_baseline_matrix.yaml,1025,a78e3c5f45f6dc614687aa5f212e611875f60c69e5181293b446b09d5c17d82e
configs/experiments/gpu_smoke_energy.yaml,878,cc00ba7ffb92d25f9b1d37e7bcdeb9736eb173a157ee71016cc2e33608b1da6d
configs/experiments/ragtune_aim_hardware_characterization_v1.yaml,256,bc4b4abc094d119b59c9e181d2b2edb17d98564cc3058e32d031b10497087474
configs/experiments/ragtune_aim_hardware_matrix_v1.yaml,170,6474786970fcb901ace9f1c6e983271b7389f06b08abe0ae1909da731f8f1dac
configs/experiments/ragtune_answer_quality_measurement_v1.yaml,597,72261be893cb1ca1e8ddcc0a3c14cfa7064a99b3ff53bc186e311bbc2b8400c8
configs/experiments/ragtune_behavioral_governance_paper_summary_v1.yaml,546,79fefab063ee78e36dc3a11f14d8e4263d23e901a5968592e41a66d774a32b84
configs/experiments/ragtune_behavioral_governance_primary_outcome_v1.yaml,1540,769ee233655b82d2d062617cfb7fa29622a240afc46a51e5ffe31974c16b4069
configs/experiments/ragtune_behavioral_governance_repeat_v1.yaml,377,20863f709e6e40775760ce67c93f4f88bf2be46be5b4904c5977d274403114b8
configs/experiments/ragtune_behaviorally_distinct_policy_suite_v1.yaml,787,2d3cbb0e8b9935c7cde259bf0d81d4a1625b9f61d7692ebd445085501dcf4206
configs/experiments/ragtune_beneficial_governance_divergence_search_v1.yaml,444,14c0a8a869a4c6b75fecc2e5b39d55abbe89fc0f9ee2450fcccf80c55ad3d7eb
configs/experiments/ragtune_certificate_calibration_v1.yaml,338,a1b7874581f4c78ee0856e7324b9e10d4ec714a41b377adabbc5c828c4cd1805
configs/experiments/ragtune_challenge_unlock_v1.yaml,608,1040a94f195d942c2925300c21cdb14ce1602bacd2651e38b3489eaa7dc8dde6
configs/experiments/ragtune_cloud_repro_v1.yaml,328,5cef4c202450b9f17b72d8fdefeab2031445a6a8455093d13e15d99efdb31613
configs/experiments/ragtune_confirmatory_provenance_v1.yaml,767,6c4d9bcfce159af051f8800fa2c98d8fa908f8cf23462d124ada9165084cb614
configs/experiments/ragtune_confirmatory_provenance_v2.yaml,970,f7f078c1588b2168a9ed0f81b0a93e3a3866d44deb28eadbce8c5ae9e6881155
configs/experiments/ragtune_confirmatory_readiness_gate_v1.yaml,1851,d364745b1f75b103cab628cacb547cbbe228afb79428dc0c670a267520c726b5
configs/experiments/ragtune_container_smoke_tests_v1.yaml,453,422c4d8afe2d401905f93074c11df5f7bf5bf3b1acc5c64ad63b9e2500264bbc
configs/experiments/ragtune_continued_investment_decision_memo_v1.yaml,362,2dd6abde43b6964360b7c9050ef636a21bfd860e42279b0c1d78a2bb549ea9e3
configs/experiments/ragtune_crag_acquisition_adapter_v1.yaml,1077,5eb7f841ed720885b89f1d13e113916af5f0d298e99065a8b40962a3517ad58c
configs/experiments/ragtune_crag_evaluator_mapping_diagnostic_v2.yaml,143,f90d0f62f5a6c3b7a998f9b79e3e96ae131b37178f9522c06f2ce60b17be2b39
configs/experiments/ragtune_crag_generated_answer_evaluator_mapping_v1.yaml,417,da27a793586988fd00eacbe2573c6f2395669b424310cec4f6b81eb32631460f
configs/experiments/ragtune_crag_generative_llm_validation_v1.yaml,1876,c8be547e8484475909cc9cc757749c86f1872b1507582dfcb7916b425ab5bb8c
configs/experiments/ragtune_crag_generative_quality_risk_guardrail_v2.yaml,1416,e182a70fae4fed2ec6b2a3efbef81a0288b682093684d664dc802766e20d462d
configs/experiments/ragtune_crag_governance_evaluation_v1.yaml,546,ca60f028f6413738052d3fe709b3a8971d5e33ca4da18077b79408702ae83f49
configs/experiments/ragtune_crag_manual_approval_decision_v1.yaml,266,04fca1458f9bf9016c7f9263cf412257932b231edf1e5b1487a04a80f50a14cc
configs/experiments/ragtune_crag_manual_approval_decision_v2.yaml,955,4eb8be6bf174c9066f7abf3f32dd1c6fd48e5c7b4a65bbe50d106cf0c2043a3e
configs/experiments/ragtune_crag_mock_api_ablation_v1.yaml,281,f7d2b3300abdc15c95c5ed1358df482a522c4c4f1761ac40a61fbbb893f84fdc
configs/experiments/ragtune_crag_mock_api_case_explanation_pack_v1.yaml,323,f71ba2065dc72b100e77618fbf6d59c42617213ca95c669848bac1c8a7cb7f6b
configs/experiments/ragtune_crag_mock_api_docker_reproduction_v1.yaml,1150,5d6563c54a46f023801fc6167ee97e2f72fd1ed1ef187ce242983c9142d0d21c
configs/experiments/ragtune_crag_mock_api_evidence_synthesis_v1.yaml,236,775201c6251a02cb468cb4a6d7b8d8fdd8257c952026f361f9dd65f5829a9f52
configs/experiments/ragtune_crag_mock_api_governance_evaluation_v1.yaml,425,7c30caac0c317169cde40a7767bfde07f67c5780537e19a054f00a5e912e193b
configs/experiments/ragtune_crag_mock_api_path_v1.yaml,575,3b2c4b574e6f4bdb1f68a64e24f3e856b9407c2ba41a3aa25a913d8c3aec4fe9
configs/experiments/ragtune_crag_mock_api_repeat_validation_v1.yaml,522,a53fe352b48ed2d97404951e4d560a673d348b6fb741ab608cf5f113f8d4f114
configs/experiments/ragtune_crag_mock_api_server_smoke_v1.yaml,475,c6f625976b1226427e873c32b9ee2916d709eabb7445799255448872f7894f46
configs/experiments/ragtune_crag_mock_api_validation_v1.yaml,819,3a198accb8cda19cc13743e8cff2cf805d3c0aacced7e8c57f38454cb6df2437
configs/experiments/ragtune_crag_mock_api_validation_v1_docker.yaml,595,fb7d6369033dc77a26877ef0d2322554ec667a94579c32ff50926a848a0106ec
configs/experiments/ragtune_crag_readiness_gate_v1.yaml,607,069ee502b20ae8f7cc24351a7b9b06ac3ffc93c1314aee397859a9a585a53a61
configs/experiments/ragtune_dataset_acquisition_matrix_v2.yaml,230,f7ff6031d380a5612abd3e269b3f528b4a0001056bd6e10ece6f1a76b1f166cc
configs/experiments/ragtune_dataset_matrix_v3.yaml,149,7af3f2802ab0c614411f530d57ab25d269d4903cf7f8c1cb8503c5a0093f5c2f
configs/experiments/ragtune_dataset_matrix_v4.yaml,346,7be75774fb70aa351afb1feaab5ff0b913680cb88ca7d7899a8ad1c6bb65d37f
configs/experiments/ragtune_deployment_readiness_v1.yaml,746,4b4d3f5943b35b81a0ae421bdff13e126bc2da3ab3e9d8601d29611d5a10d879
configs/experiments/ragtune_end_to_end_governance_replay_v1.yaml,444,2985acf11f3549833c012260535ce3941096852710fd3a5403e7dfd89f8fc811
configs/experiments/ragtune_end_to_end_governance_replay_v2.yaml,147,c3b383cb1a589bc3554baa46b8528925396d1c6e08373d04d633bb79436c9fc5
configs/experiments/ragtune_end_to_end_governance_replay_v3.yaml,120,2f9a7b0c0a797224d886b83130e7687fe7e31b89fa822c660c77a05370bf166f
configs/experiments/ragtune_end_to_end_public_confirmatory_v1.yaml,343,d289591bd80a1582466a5143ef7c7cc25b480ab9087930ab3a3a554f5284dff7
configs/experiments/ragtune_end_to_end_public_confirmatory_v1_confirmatory.yaml,819,f398ae1ebdfdf0fdcf0ab2308044454577f6888b4dd8bda83584adf319444549
configs/experiments/ragtune_end_to_end_public_confirmatory_v1_development.yaml,818,7ccee809a71360ae56e5fc1ad9dbce8cfecb05f7efaf8c739c3e3e22d10f10e2
configs/experiments/ragtune_end_to_end_public_confirmatory_v1_smoke.yaml,776,4434d274b89d076050bd8510d125a4ed4e14412bfaa574bdb7622d9edb4862de
configs/experiments/ragtune_end_to_end_public_confirmatory_v2.yaml,1120,9907251c3148da68c8e7cbd1b67b3c5f807bca03a73c6b8c706f3bc98c28a6c7
configs/experiments/ragtune_end_to_end_public_development_v1.yaml,1504,1bcb6e6115f167ce624504a34f273a336461f5fd7b25d04dec89f13441dc0d8d
configs/experiments/ragtune_end_to_end_public_development_v2.yaml,984,2874f1cab9f2844ec865edf6ba256d879340ac7745e683ee8c00d827cf51ea09
configs/experiments/ragtune_end_to_end_public_v1_confirmatory.yaml,1295,98b118187d320f146f5e367a371f988e476e76119cf552433a56d4e4c1f46d3b
configs/experiments/ragtune_end_to_end_public_v1_smoke.yaml,959,1d9a7d95d3670049f39ed949869e5fded612589695591fc4c8c286d1acc06d17
configs/experiments/ragtune_end_to_end_robustness_security_v3.yaml,122,5c01294ee1aa3874e11907c8c877bf5ed556c3842fdc7279a8d90a05167242b1
configs/experiments/ragtune_end_to_end_robustness_v2.yaml,346,9d0d2f2287295af113da01bba667a9d88041cc59b2789d68b53e28807e41a979
configs/experiments/ragtune_end_to_end_v1.yaml,522,37b6073e525b84029a7c3d4e90ca1fb2df809aaac790e6e3f289244ce6cb3c22
configs/experiments/ragtune_external_evaluator_adapter_demo_v1.yaml,423,e7c0b6900954de873c03a5891d00604f9d8e847975df4b26c004b5b72c2b0996
configs/experiments/ragtune_fresh_clone_reproducibility_v1.yaml,157,86c5f0f9ae5c66e0050adf07b7d8c1a76f76491fdf5ea4cff572cb688bccd5bd
configs/experiments/ragtune_fresh_live_crag_mock_api_behavioral_governance_v1.yaml,1206,a15f6e0f2af497ea3bc5b2c1fd50df5c784827022a76847f136dde0b4eb78d41
configs/experiments/ragtune_generated_answer_quality_v1.yaml,578,b681274128896fc260a2075ed8140e6c571d656578ed7d953768e87ffd51251e
configs/experiments/ragtune_generative_llm_regime_v1.yaml,364,c0280b7e105db0f0cbf90d4758a64161c8844b05d27598753f4bc05ea405557c
configs/experiments/ragtune_generative_llm_validation_synthesis_v1.yaml,716,71ac9714245a84d4e1cf54489c24d049c97de13fb487f13418871b3d89b3d902
configs/experiments/ragtune_generative_llm_validation_v1.yaml,307,3cc515b331f3fab87a9acc5c0bcde0794e8f4322f023d9fe0cb876e582323eae
configs/experiments/ragtune_generative_regime_validation_v1.yaml,246,f7913d837d330068ac0e7e8c21b82fe591e910ed68e93c11d3c7f1677c9b7dfb
configs/experiments/ragtune_generator_cost_model_v1.yaml,346,3eef06e9d64389251d3ce40381ae88262de32f4841f4007018f3b6c9508569ad
configs/experiments/ragtune_generator_path_enablement_v2.yaml,238,1cc6df7bf5df72dfacc1d4c5d0bb61bff8becdaea90fa2ce609b48b60acca897
configs/experiments/ragtune_generator_path_enablement_v3.yaml,194,053e7447f90810c9825a48c7b8b43634578425cd9e443e3a44a8f8cdb209c3c9
configs/experiments/ragtune_generator_path_enablement_v4.yaml,270,cb80c009c94799495f572771fffbc39c6679b8b4580049064a00b0b26636075c
configs/experiments/ragtune_generator_regime_enablement_v1.yaml,358,6278695abbc8ea4f0fbb605002c55ad70dfef91fad7b97df5b6a108de925da33
configs/experiments/ragtune_governance_ablation_confirmatory_v1.yaml,124,aca376d4a3813ab48eefb5636f4ed44dc072cbf54d4d68b00e5d00119cfefd2b
configs/experiments/ragtune_governance_ablation_confirmatory_v2.yaml,569,55f4508a5bf918ddc4f5863ae50298e4034a9f8a92516d788d2427778601c17c
configs/experiments/ragtune_governance_ablation_v1.yaml,1181,a253bcf87f6153ddd376711e7fd6dc884b5437f5eb9851f448cabade3fd12719
configs/experiments/ragtune_governance_platform_benchmarks_v1.yaml,604,c71cdef592b50e5417f5f7c76702db50085af479b03f4c65ec3f93bd893f2f7d
configs/experiments/ragtune_governance_power_analysis_v2.yaml,181,4a9ac41a1f145d7b5f52ef96725e5c434e37bbd4578d4520e2a6c961a757fe27
configs/experiments/ragtune_governance_robustness_security_confirmatory_v1.yaml,135,14d5839c2aff7b6097c21224a116b77fbb5b34362ede000da42410e3e6289605
configs/experiments/ragtune_governance_superiority_cases_v1.yaml,272,05fe5f3048c7766709ffd8d26d378df4f9e0620393ee44db60356fec3ae64f7a
configs/experiments/ragtune_governance_workflow_benchmarks_v1.yaml,346,45eab81366d0877b35e59d6ccaccac3ce7c223830093523f65c11f8a000ff209
configs/experiments/ragtune_governed_selection_confirmatory_v1.yaml,1085,33e1f9cd1aed73a350abcda34d7e8cb00bdbd9ab3570b998a2d72fa3847d0474
configs/experiments/ragtune_governed_selection_confirmatory_v2.yaml,1191,b690c01729089f426e01579955859e0a7cd853fe29e338e94ae01b0c2ff641df
configs/experiments/ragtune_hotpotqa_behavioral_governance_v1.yaml,1387,98d00c9150087cb3782ab98d290697c49655b226ffc8987a2d2fc7f29d5c5260
configs/experiments/ragtune_hotpotqa_corpus_reconstruction_v1.yaml,607,ba597fad981f403c27a62ac03cd304004d63f7cb718c434b27618236d2825eb3
configs/experiments/ragtune_hotpotqa_generative_llm_validation_v1.yaml,800,116b1d4e0804a6ebfad832745bb104b2ffb73a55dc0725b7c4dcb2a9aa679fc4
configs/experiments/ragtune_hotpotqa_generative_quality_signal_audit_v1.yaml,1160,219588bfc36523ddf461c0c056dd232b9c9e718a5ffb26df159fd36cb9aec7a0
configs/experiments/ragtune_hotpotqa_generative_quality_signal_audit_v2.yaml,229,22067defc58d1a695a81557efed4c8cef0e1f22c8ffd77ff26a545db14509bc1
configs/experiments/ragtune_hotpotqa_quality_measurement_v1.yaml,670,0fdf76f2bf0e1673fb876be27a081a4d6d09373ac2427444db19faf536f83521
configs/experiments/ragtune_human_eval_execution_readiness_v1.yaml,193,7fa92c4559aeb3df1f69f6ccc1629c39c26003d299a06bea10efaa42e8b6d994
configs/experiments/ragtune_human_eval_execution_readiness_v2.yaml,477,0fc3d837d9e211feba5bbf6d9dabcf2c784e877d5073a4c145abf15cd91cbc9f
configs/experiments/ragtune_human_eval_pilot_readiness_v3.yaml,493,ca745fe69cbf5831f90c44a15b52dd1214212afcf7f82810c1e576ed50675fe9
configs/experiments/ragtune_human_eval_pilot_v1.yaml,321,2108e23ff1abcecfd5e78aab10406b80427a22e2f80fe15fc9361083decfacf6
configs/experiments/ragtune_human_eval_pilot_v4.yaml,480,ca3ba4f6f45bc4b3afd7ac906bead97558de7994afefbe83dd4f5b5067d960f6
configs/experiments/ragtune_human_eval_sample_v1.yaml,456,8223082f7fb53a6676e5fa92b8c1c8c63d8dfa8a3fcc8be3b365d4fc47093a6b
configs/experiments/ragtune_human_eval_sample_v2.yaml,125,87d1e7c354fa1ff8e890010596adf4b2462f2897f079fff5a28f4530a96bf44b
configs/experiments/ragtune_human_eval_sample_v3.yaml,125,6c5c70053235fe27d136562a146b7a5a07461fb512c70880edc72b170213541b
configs/experiments/ragtune_human_eval_validation_v1.yaml,284,e6ac9f4c7f0696ece3be6f1131bceb04b6d30e1f471f665130cc110c34b1aaac
configs/experiments/ragtune_human_eval_workflow_setup_v2.yaml,469,cd9852927ed440dfaae9fc916a5a663c9a377ee7f5d118b9e67f58c01d70228a
configs/experiments/ragtune_multi_corpus_validation_v1.yaml,367,bd4198f2425e3fc7ce4412c07e43d8ba0ebc9cc119013f815e2bc1c2e0b63f57
configs/experiments/ragtune_multi_corpus_validation_v2.yaml,245,80209b47fa1071091654d6f338c3bf8d127a321c55198648155aac58a0b271db
configs/experiments/ragtune_multi_corpus_validation_v3.yaml,242,e541c5f39946dc911aefc69f577ec3babb42bb52204c0e5031ae89aaa0aecc4f
configs/experiments/ragtune_multi_corpus_validation_v4.yaml,382,4745f9ad26f6152f955aa6addafefce5b9ef91e89a447561b6becc7d2bf9e517
configs/experiments/ragtune_multi_dataset_behavioral_governance_synthesis_v1.yaml,614,924f10400c7eedb53681391d888b3c1c8e2aa6f92ffb3a17ad7f02317528d83a
configs/experiments/ragtune_multihop_confirmatory_data_verify_v1.yaml,772,e45946c0f1d88b3059f321f9ff703f041e09500b511427612dbcfea97306efad
configs/experiments/ragtune_natural_divergence_adjudication_v1.yaml,552,f23c9f3b21882cf37180581f37d65e2a54cb7fbf441afa11987c9ed1e01d263f
configs/experiments/ragtune_natural_governance_superiority_v1.yaml,305,c609ff77970809cd2649ff9b1d8c204ff18ed37ef872c4cc25be1d20145d366d
configs/experiments/ragtune_natural_governance_superiority_v2.yaml,319,82dfee917001d82ab3f72fe3d94d493a88560226f377ff49487f2923513a879a
configs/experiments/ragtune_natural_governance_superiority_v3.yaml,350,89bf984f2efa9ed62bc994ba6e4fc50a079f26245a59296c6f463707e9a06da1
configs/experiments/ragtune_offline_public_row_level_validation_v2.yaml,262,f1ad536d68fc12debc99f59c31fa1a20d0f14a3cad47da46b0d592a088c801ab
configs/experiments/ragtune_open_source_arxiv_readiness_synthesis_v1.yaml,463,c489c3c4861eeed9ba875b811367cb5044cb4e4b044326036b2803df83b68603
configs/experiments/ragtune_pareto_constraint_baselines_v1.yaml,530,a4a533f563671461478308f8c5cab8c6b8104ff2b403792fb95ffa71e6232643
configs/experiments/ragtune_platform_integration_readiness_v2.yaml,399,3a6399c7137fc08a0a7731206b7318514063e9db9328e935c43d83acf634d274
configs/experiments/ragtune_platform_integration_readiness_v3.yaml,377,05fe7093429e84332424fd0c04bf1a372c0dec4c7fd748541810ee1b5961048a
configs/experiments/ragtune_power_analysis_v1.yaml,216,464b6ef1d5a5ad4ebc83b6f468288e16f7d1266e259b31736533f71dff00ca55
configs/experiments/ragtune_provenance_repair_v1.yaml,388,53c618377f4a71f7f75e358bdbffb47a8b9063d9a0ab54e14fc6d4fb250306d3
configs/experiments/ragtune_public_mini_reproduction_v1.yaml,358,d873dfb48891b0c91fe7a49377f87e73e549d6c394724015dca9066352aea117
configs/experiments/ragtune_rag_compass_niche_analysis_v1.yaml,478,421490d2b6ac52b9f543e03331e60d00bca99d00132eb20006051a400229a982
configs/experiments/ragtune_ragbench_end_to_end_loader_v1.yaml,794,f7e11f958eebe2b9d54c3fdd9f24e27ab5547620fc2f939b69ce658c185019b9
configs/experiments/ragtune_ragbench_subset_expansion_v1.yaml,855,58e45c4b3bfdd76f0038cdd8d5d3d4faa8f95fadc7014ffc76d5d2c984cb3f2f
configs/experiments/ragtune_rc1_arxiv_readiness_synthesis_v1.yaml,195,cdfbe2be1d6309757b65a6cf31bc94ac98d88ff1513f8849adab1fe45685463c
configs/experiments/ragtune_real_rag_governance_ablation_v1.yaml,843,e6e8536bf4a12c699cc64913155e4108ba35d9af2aae31344457c98319281b73
configs/experiments/ragtune_real_rag_reproduction_v1_confirmatory.yaml,2624,47578f188170171e8b3f2ba37410a2dd83ff3534ef225934684b2356c82c3e13
configs/experiments/ragtune_real_rag_reproduction_v1_development.yaml,2598,fc6b70d4e456a2b10f270c9a4368216bc4e6418ffc71b097e9008c98ee7c5640
configs/experiments/ragtune_real_rag_reproduction_v1_public_confirmatory.yaml,2728,d119e8d10d6d938a5e7783ab8f19b5307ac6390471514916e29a6080c87f666e
configs/experiments/ragtune_real_rag_reproduction_v1_public_development.yaml,2702,ab56d7f721398bddd123c6e62c8fb95ea1118e0293b3d7d30dd8643ce756ec60
configs/experiments/ragtune_real_rag_reproduction_v1_smoke.yaml,2577,2ae481cedc3d7af243fdd26cd26ea10f43417294daa16d44a964813f88916025
configs/experiments/ragtune_release_candidate_v1.yaml,164,20d22e8b39bc1ba67950ae82a61a140f3500d89c5322fafedf470c571dd21aa4
configs/experiments/ragtune_reproduction_v1.yaml,981,6ac7644126b8b653df4e09711e18e7219368610565898b125def754a9e760556
configs/experiments/ragtune_robustness_security_v1.yaml,352,21b395261ce298b6ce8fefe9a2244eec31256e9d52c902658fadd092bfb31f97
configs/experiments/ragtune_robustness_v1.yaml,329,12600367e3d1e10b1a9ab4f4f6973c0b847bca9607844c9e24bdc912a36be859
configs/experiments/ragtune_row_level_reconstruction_v1.yaml,840,7d6627f5234e767cb174ae80cf057e9664a53c2a52a0af6cf3c3547ea2f3799f
configs/experiments/ragtune_security_regression_v4.yaml,208,e602485c589bbef6cf8b836b631b903bb1f0c37294abae27274f0115edddb19a
configs/experiments/ragtune_selection_regret_audit_v1.yaml,526,499930df6ab079c160c8fcd0dfa44bd55cf92e453d6c19a21b8c3d9ea6161c7e
configs/experiments/ragtune_selection_regret_audit_v2.yaml,283,86c8903ab6191dc8d0f9a6c737b30a0e0367e598c970d3286cc59446b7107c6c
configs/experiments/ragtune_selector_ablation_matrix_v1.yaml,362,f987ac55082d69e1041baaa6ce1bde719c85e9ac6c458a79ede36fa473b88cb4
configs/experiments/ragtune_selector_ablation_stress_v2.yaml,126,4f60fbdb3417fc2b2a9022f4689020e9b04a22e117afe13413ea0a545516b85c
configs/experiments/ragtune_statistical_audit_v1.yaml,458,2e813a8a5e8e3d2421db3ea2622f7d918997b0ec8618df81848cc75bd18c0a29
configs/experiments/ragtune_strict_git_provenance_repair_v1.yaml,513,39435dff4ffca879e1f0c83ac30be98c03717e3be98081d82add9d97ea49bb31
configs/experiments/smoke_energy.yaml,972,0547128311ff8245adc57ff20dbda1a31fc5ac2a40f9d9e23bb9489c451a2b6e
configs/experiments/snapshot_ablation_matrix.yaml,1205,84b5b9b90100e92a6ab3ec6f654e1ded517239e23e10302172fe98153b5e675c
configs/experiments/snapshot_second_pass_telecom_oilgas.yaml,1332,2af8cfbb49f4ae211e37f7e3c87589e21559b286f1d439ca607e6af521696603
configs/experiments/snapshot_smoke_energy.yaml,974,3e5c98f977136244fd8743dfc68e9fffa9949a236ce53c1be592b952e9c776b9
configs/experiments/snapshot_smoke_telecom.yaml,992,dcfac7d266f66eb8592d8c9ea6cf96da8de8dae89269f8528f91d3cedc4cd32f
configs/experiments/snapshot_synthetic_diagnostics.yaml,1034,473e6401e93f03aeefe6f125f2c217b3f6f57c9949a28b6702984b2e27782d2d
configs/generalized/datasets_generalized_v1.yaml,725,f351aedaaa71bf9c2397fd412341b8ddb330f4026f24ef942c12c2a96cd69089
configs/generalized/scenarios_elastic_compute_v1.yaml,139,61da6414eb96b781e57a09bfb82a87e937fb45d285bb720986c05a3d0f4777fc
configs/generalized/scenarios_ml_to_llm_v1.yaml,127,5cfcce596d1f17a3ee35e7d6a82e61eb37ad37ff8a5395f5ae815046e8896425
configs/generalized/scenarios_patient_flow_v1.yaml,133,580ce92f78fac0988e877ce04bc3028a36303dc7884fef714f7ffd22f9133e68
configs/generalized/scenarios_rag_v1.yaml,115,f9506d368b3cc973bc4265f45b1711fd35a3db18c8bd343c737d0e9160a7d3dd
configs/hardware.yaml,873,3ace0355b3b4b60ae9a0eebfe6d58811e9216cdc3f238660106f73dd28244e74
configs/jobs/public_mini_governance_job.yaml,484,13823f154612dff1fae702b017dc75789dca90eb1ba63800457d48dc245ee94f
configs/matched_cost_rag/datasets_matched_cost_rag_v1.yaml,385,e8af3f7c7c09de85754113817583f94f2851a8b607b501c32a2be63ada4f0046
configs/matched_cost_rag/scenarios_matched_cost_rag_v1.yaml,139,25aec6dda2b60a2a903ea4cd17b193c049b3e33fdabb9c565a6f9469c8ed68a2
configs/next_sim/adaptive_escalation_v2_full.yaml,108,bd538636fe0785ac59dbf8534aa5a0d5e5b6c8578cdc28f5f19fed7e0d18f13b
configs/next_sim/adaptive_escalation_v2_smoke.yaml,252,5e898f7403f196d8b457474a8b3f6bd48db6e14ae46641bd94b0fa2fbea150c6
configs/next_sim/claim_level_faithfulness_v1_full.yaml,118,d47752b0856f026a6608fbdc3d9838b9e66e0f713ef53426e35bd04ad988a82a
configs/next_sim/claim_level_faithfulness_v1_smoke.yaml,225,90ecbf5d721565f6c44c955d701dea2bb84bb95f2e4e8d44b845d343ce9c2657
configs/next_sim/elastic_compute_policy_v1_full.yaml,114,d328218484120da595364b30e6ca2e46cc177140c24b8268f9ccd3e2a65e4da7
configs/next_sim/elastic_compute_policy_v1_smoke.yaml,245,ab775d098791290165ac11fea7491a4117d6fd837219339281b4654e104b9026
configs/next_sim/no_fork_robustness_v1_full.yaml,106,64beeafa89245a115a240b807b833f1ab37d91f3c362c598742bf0c715a5bf6e
configs/next_sim/no_fork_robustness_v1_smoke.yaml,271,a06fef72ef0812692014b3dc6709f77e9e1e1fe924a95ed462c428f49b3aeb90
configs/next_sim/rag_hard_subset_v1_full.yaml,100,59c1aad00013b61af85258c1c6cbeeddc7146752bd0f5ac13267673c398b5a5b
configs/next_sim/rag_hard_subset_v1_smoke.yaml,275,98ba341ad3066a971fb2909c10b03f881f56f2631c0d3930979931b2ed231c3f
configs/optimizers/optimizer_registry.yaml,267,138c1139e3c034f0600f25f7f249d446b949b3b65d829f05fdfd958dd642d519
configs/policy_spaces/end_to_end_public_v2.yaml,402,7b712a5a4efa023ae92a8e280efd68b90244fbdbf30d27ad0d3f2a87b7123169
configs/policy_spaces/governance_confirmatory_policy_space_v1.yaml,284,8705f8fd38401be17afd743da62189170a860b7dd48905d316c8b111651a9f19
configs/policy_spaces/governance_confirmatory_policy_space_v2.yaml,432,0dd852c331b31734722d9429c49a2bcbc68aa835674f790b793aaf8c56ca34a6
configs/policy_spaces/governance_confirmatory_policy_space_v3.yaml,140,4f32d93b4383c677e9b4b17b504fc40390564a76b5f040cc36edbc1b0fbb329d
configs/policy_spaces/governance_confirmatory_policy_space_v4.yaml,494,073e54e9fad560091c9be7c12b502793741c09355c78629f9bb92b710f22a358
configs/policy_spaces/governance_confirmatory_policy_space_v5.yaml,376,894adbf6a5fe9120ca64711ab20fbda69fe1016dfc67e8bed4452e9ee49b4e94
configs/policy_spaces/governance_confirmatory_policy_space_v6.yaml,597,397c71ff1072929babd5eb06b1dd0f28b77d3031e72d36cc098a9d20baceeedd
configs/policy_spaces/governance_confirmatory_policy_space_v7.yaml,467,e378eeaa7ede6c680b8f10a65ecf579000dd9b7e4e4236e67ef1f40de37ad67d
configs/policy_spaces/governance_confirmatory_policy_space_v8.yaml,354,99b8e198c4d78e830e4062e9b308b7a6863c063efa987b3185d46c6fb214f362
configs/storage.yaml,722,0bc9101677add296d9592613b7e7a087169fdbc37cc025b7b5df1be55b9cd7d4
configs/tune/external_adaptation_example.yaml,420,e79e4338885bb18df0f5a8087892b0413c66c1efc85fe481e27538b07786c7f3
configs/tune/external_transfer/datasets_external_v1.yaml,138,3e2784bbb65c6ad9e316bc5e232e7466260e11db776559fbda5312ea2689aa32
configs/tune/external_transfer/datasets_full_v1.yaml,5300,e85b0fa6837585a50f153dffdb86407577c74be8771d46227f4a6cddcda2fdbd
configs/tune/external_transfer/datasets_minimal_v1.yaml,2682,b7a36c5d5887c13131e619aba03a4b461de266678524c9e68d6985bf249348b0
configs/tune/external_transfer/datasets_optional_v1.yaml,1957,f5543aaaae168386c8dbf962c8924b6dde44b07421db0145fa87dc1a0e461768
configs/tune/external_transfer/external_transfer_v1_cost_diagnostics.yaml,803,648d1f0538f49a21e330889a6aea44a824096bdcbdae2a7880e922579d94fc93
configs/tune/external_transfer/external_transfer_v1_data_curation_only.yaml,667,1db3b0577aa3eeafc51b184c5300aba37624d46b313fd8b76a093177adc8aa4e
configs/tune/external_transfer/external_transfer_v1_data_curation_only_full.yaml,687,dfe3c849ffdea949004e3605059446d63fd21ecccf8f0b9ce379a27b001c4be4
configs/tune/external_transfer/external_transfer_v1_full.yaml,589,5ad6429e2db7692c0a13f2e966d2fd258613a171506ac42c09fffb952f5d6343
configs/tune/external_transfer/external_transfer_v1_full_all_available.yaml,1064,25160c3a1d3dc7dfb4c9433d586c657b307e3834d6ecbdb8d5caa31c758f75e3
configs/tune/external_transfer/external_transfer_v1_minimal.yaml,1408,24c2b5b6f0ed7e2fbf88345da02827a251c8045c585194e725380ae266a8856b
configs/tune/external_transfer/external_transfer_v1_minimal_expanded.yaml,1307,8037089545bdc668135458a88792e8f0ee430a40a9f57c7050c2db78379d68ae
configs/tune/external_transfer/external_transfer_v1_prompt_only_full.yaml,641,02f7777bb38b697cc5a1afc956e9f669de99fd7a811f43df04c7d9482084b267
configs/tune/external_transfer/external_transfer_v1_rag_only.yaml,591,ee43b3efb1f4182049ed219f9f677b419709df9a71aedcd9c86df46e59692780
configs/tune/external_transfer/external_transfer_v1_rag_only_full.yaml,672,3922b6f6051be021ee50d0b9321b68987e97ef877998536eb27df82dbb057923
configs/tune/external_transfer/external_transfer_v1_ragtruth_full_matrix.yaml,1165,8af1de035384ffc6d08e26fdc5d4a44a2bf694c02be1607c17f146aa3dcf7be8
configs/tune/external_transfer/external_transfer_v1_smoke.yaml,1085,e63c023932ed16f5ceacdad02072d0d21eda77148c9bf92674d849caf816351f
configs/tune/external_transfer/external_transfer_v1_tool_only.yaml,573,1e8773b42f31fd8d9f7a2ef9172d4d51514af41ccaaf25623dd155fe31f981a7
configs/tune/external_transfer/external_transfer_v1_tool_only_full.yaml,641,0a843fa633406c02232b92bc1b3f32b14e514bc83e6b5c80c34f53f14cfddd30
configs/tune/external_transfer/external_transfer_v2_adaptive_compute_faithfulness_only.yaml,1301,3a26aa61625059734000e2f55362fadd4de7ba4c8533a66d2ea71942ab68f07c
configs/tune/external_transfer/external_transfer_v2_adaptive_compute_rag_policy_only.yaml,1286,2379e3da322de1b6fa73918fa82600f91a28a977d62ac5c0860dd16835003683
configs/tune/external_transfer/external_transfer_v2_adaptive_compute_ragtruth.yaml,1320,aac731bc9767e61d37300a105c681dcfebfd96f91d3451a1e2762c8b39fd9efe
configs/tune/external_transfer/external_transfer_v2_adaptive_compute_smoke.yaml,946,789d26f43c3c1ef4d0f5d24c756056c91b038a56a7a103835af72330ddc6a925
configs/tune/external_transfer/external_transfer_v2_claim_level_faithfulness.yaml,727,9b1fa78f370b988354c6bb1cc517a3f6efe4b2c0664d63e6f2b3d638737d3d07
configs/tune/peft_smoke.yaml,231,a57e508a81bf9d31bf9384c176ff5d8222f5c3dfe6bc49f8aeb4041d9c5e31c7
configs/tune/synthetic_generation_llm_tuning_v1.yaml,122,211aa4e58d4c4c5f7e0e73bcb3f5c3121e40b0e348c0b458a94b92b57a6fc2ab
data/DATA_AVAILABILITY.md,3900,edd2bbc57eae8b963555233fdbc61b3122624290d0c4aa520697898f7ad7d689
data/README.md,274,0f21633fa46d304be648108b52aa0f9e7f20bf356ea89d51fec229fb6c012e5f
data/dataset_licenses/README.md,248,c1d58fd0aa46ce0727fe10ac3a12c1d4411c625f8219a06099926a18068fa7db
data/dataset_registry.csv,497,2d25dd137218b6eb1082b626fd0a1d8a8770ef476446fbe01247b691b715e4b8
deploy/aws/README.md,298,4a7f17cb39ea5f366da7cc6c7801ba5d9c8c85d4a8ec74a6f416ba8e18f26ba2
deploy/aws/batch-job-definition.json,661,16fd3930eb7cc6e3bb6bd3bd22a2cd22b24f2aafed0e550cdcf32b545018c0ce
deploy/aws/cloudformation-batch.yaml,827,47045e66ce94cff2853ec7d36d7ecfef81f3def52d1cedcaac6c8d710021606f
deploy/aws/cloudformation-ecs-fargate.yaml,780,757edb4fa5a5cf8f720e8b8d358e203ddb0a59b0f647c55cd9410d234f023454
deploy/aws/deploy-ecs-fargate.sh,128,64d3d8420620127d6329c9f6c7f812c9ebdc0664ae175de4c1cf0c9d81165b90
deploy/aws/ecs-fargate-task.json,781,0cd1faad9e50112a07223983c864170bc19cb88c90b67d8fbba913a40cbbebbf
deploy/aws/github-actions-aws-ecs-or-batch.yml,344,cf89de11e29408f9c49d139e07c05cf226958432c31efdca7dcc0eaba1aabec6
deploy/aws/run-ecs-task.sh,483,16300c2331757b8fa082bc91d4a55c26b4d2bb93ce6d72f36fb0adeb2e9c827d
deploy/aws/submit-batch-job.sh,246,7e5f5ea0e068bca75311a82efdff8b1ec1bc83f8be43fddab432ba98f50c3a80
deploy/azure/README.md,345,b8eb61059f41fa8932c328f73242832a571924201c485323ef7bb3c7ee171378
deploy/azure/container-apps-job.bicep,1107,45fc34b610b1b3cddc4e2132731b615a831cba56bb3f97e3212609871b994b43
deploy/azure/container-apps-job.parameters.example.json,235,bcfd12a53ec114a528b1e7591f907d24933f8e45083c8c053ef55bb2a4cbc48e
deploy/azure/deploy-aca-job.sh,320,9eb426fd5c246e545b482570ccf1f3f8c0eed5d4c865f31932596650bf6d49de
deploy/azure/github-actions-azure-container-apps-job.yml,356,9ceb2fc66c557631fb3d0aad3e6e620ebd8a7c4160860ff801b5f38836119e5d
deploy/azure/run-aca-job.sh,270,391da0ffed00bdfe9610eb6a69443296d5ffe48bb1a9a8a63aa158c2091d876b
deploy/gcp/README.md,238,7b30be759f955c6e57002ab2d6f9a76160b89eda63d4506dc30726b3eccd576b
deploy/gcp/cloud-run-job.yaml,659,58a9c820fe06e7bd6da11abbf05f94441a915dd06698bdcfd3b2375df33f2130
deploy/gcp/deploy-cloud-run-job.sh,173,eeaa94903f5057f882c9a4defd22d1672c7ff6bbf6f6286847a54964a6f398f8
deploy/gcp/github-actions-gcp-cloud-run-job.yml,345,fa60674917ac551594152c669034f47151d8b5a05a0a7db99be269a8169f8e38
deploy/gcp/run-cloud-run-job.sh,173,07f836c6a7c3b17d0263eed5d1471c993f9bb69e24c91c1c68443b3604211222
deploy/gcp/terraform-cloud-run-job.example.tf,787,8ebf0ea8c271d2e1028c6b9ce0d11cb292e98fb292259da8d06ed71becb32a13
deploy/github-actions/README.md,310,e4de774c9bce9386a4366cfc8ed872f48282e1a935a12c72b625a60b386b81f2
deploy/github-actions/build-container.yml,221,7e946d0df701cd2c17bc28808398fc9c405a04f63d7d8a19bcb8b09b3c84549a
deploy/github-actions/run-public-mini-container.yml,481,4aef47481d1e75b9b5c2fffc24c982d0f764130c6cdd78979eb70747fa4ed842
deploy/github-actions/validate-docker.yml,339,dfe22f9257702d46c7d045e1c801d9404628160f7f971470e998cf105e55e490
deploy/kubernetes/README.md,298,d96670d9c0ba9d33e0c467063073c7681b53e0d5f46562be6d9ef9f1d00d111e
deploy/kubernetes/kustomization.yaml,121,bb151ccc6edf31940a31bab65ec365b61f0a4a8b80bffe8e93d8099b922b1765
deploy/kubernetes/ragtune-configmap.example.yaml,259,981cecee796b57d1aba21237ca42e10d980f14ba9614c3dfa5a4386146d78511
deploy/kubernetes/ragtune-cronjob.yaml,1013,3b1627d9169220e632bde230e987f9f30a4955d53e8bac66a5e008cfd37dbdac
deploy/kubernetes/ragtune-job.yaml,971,dfee2c34ad6dc8dd1864f1dceb05f934256be8f4964c2799ab5466732f0ce46b
deploy/kubernetes/ragtune-pvc.example.yaml,164,aad97662e0a7fe1fcc36308880e2c8eaa07b7a2091d0a849ec29346eb537d812
deploy/kubernetes/ragtune-secret.example.yaml,200,fd8d40156e488dcaa87d1d315f1a84456ce4a7ff8996ec362e0011d55e53b277
deployment_review/checksums/tracked_file_checksums.sha256,115122,432de498d2171c6cc34e8cbcc74264cc6e49bcee3b64f23dd20b5716533a2b76
deployment_review/cloud_agnostic_deployable_tool_hardening/final_pr_body.md,2081,c783fc5251000e45cb22e4dabb370b2b0a17373bf0ae874b17380ba9f06c63db
deployment_review/cloud_agnostic_deployable_tool_hardening/post_validation_report.json,1399,b77a865a54bf72c3e02636e177fe4b7b2d9166fc5dac7df30498feccff34fd6e
deployment_review/cloud_agnostic_deployable_tool_hardening/post_validation_report.md,1991,6b8bb91f79bcac6bb6dfb525b827f59b76a9204027c76577e37789105b1edcdd
deployment_review/cloud_agnostic_deployable_tool_hardening/preflight_report.json,790,bda833e4babc2d1ac57859577ba1c453523723b209a73d142b2a1fcecf9e6558
deployment_review/cloud_agnostic_deployable_tool_hardening/preflight_report.md,972,85541a10e2ffe8153dd6d5393bd60fc47411677ed5ae513f3563ce5bc2971d80
deployment_review/deployment_gate_summary.json,1115,9e6c2196cc7ceb6d423a84fab5fc29592e469e271ebe0ec0b291a9d3ba82910c
deployment_review/deployment_gate_summary.md,962,4a4b93d266729bc88c5beb455e969bafaeb9f5814b1891838e20e0e7ae186c07
deployment_review/docker_hardening/docker_asset_inventory.json,473,12e436fcd61f345015708b31dcb2d7d67cc243c7c8aa9e714a5aeee0fdb00be8
deployment_review/docker_hardening/docker_asset_inventory.md,483,cdd2460890c5b012331377ec1184c65652508739e24ba978f805f09c7345bf1c
deployment_review/docker_hardening/final_pr_body.md,3060,0c9abc8a4978fe51ff5584af9c81df0a8f5d3f6ec778a2bcdbea6d5bd79a2aae
deployment_review/docker_hardening/post_validation_report.json,3098,d29821bf2154459fbc3589cc87f03b383036946113cb891393a0426acca44caf
deployment_review/docker_hardening/post_validation_report.md,3442,ff10a75a9f0dc6360ca4136451b33e4684c59318328ed898165c6d4f77655267
deployment_review/docker_hardening/preflight_report.json,586,4d0488a45ee347d3aa6cd815062e9c893befeac87bbbd2193cf3bfd81e84eee2
deployment_review/docker_hardening/preflight_report.md,757,289ca56bb7deb043d927cc475cb6c05777a76521fb2e392a8b161140bec3d634
deployment_review/fresh_live_crag_hotpotqa/post_validation_report.json,1526,b674ccabd5bb3581b0678ab28a8cbf3386b27b7b37113638062286c05274117a
deployment_review/fresh_live_crag_hotpotqa/post_validation_report.md,1980,530eb55719d1f1c245102384eb43175f4d94307ce0fc75ff027739ff4a6ea39e
deployment_review/fresh_live_crag_hotpotqa/preflight_report.json,1131,a335a4aebe9a41e645d464da56b0137c5053d3d3ac314eec274090ab1ea1a491
deployment_review/fresh_live_crag_hotpotqa/preflight_report.md,1229,bb65ced1658c42cf3ffab9f225479732e600676701fda1ef0a4324accb1be286
deployment_review/fresh_live_crag_unblock/final_pr_body.md,2208,9c02cad112f229ca384ca197cea13129eb2376a31389c66ee6a003a9b1c47b52
deployment_review/fresh_live_crag_unblock/post_validation_report.json,1750,35b9751ab13501a5196322ac6730e73afd8d80a065302ea9804df3c4405a630a
deployment_review/fresh_live_crag_unblock/post_validation_report.md,1957,4b120507a202b745ab4208a68f82512225ba36cc7cb1ff60d62a83707ce25163
deployment_review/fresh_live_crag_unblock/preflight_report.json,1310,2b805e5434e30b4590dbbb5adedc37a7b6666415bea1b7540beb50827cc3ff16
deployment_review/fresh_live_crag_unblock/preflight_report.md,1669,c05766f994d62858692d01f8b8705681c031321f534f23871804070160db7408
deployment_review/generative_llm_validation/final_pr_body.md,2834,f7d27b58a9d4c23541085e1a031c5441db11b920333eebbf326bf158ba486e6f
deployment_review/generative_llm_validation/post_validation_report.json,1044,1d8fa9469e50c1fdd8ec0b132dfa554a4466e47e0735653b3d8531447c822b0a
deployment_review/generative_llm_validation/post_validation_report.md,1356,6a0275a8cdf168c0aa484d140a31ecb3c010a9d7e1af974076744f041f0df1e6
deployment_review/generative_llm_validation/preflight_report.json,685,fcc589e9dfa021aaa95b64f717c0c05aa37e91299da8a2d4e3aea53b64e6b324
deployment_review/generative_llm_validation/preflight_report.md,754,b14a08bfbc39cdd099295e4d26ba1f339602d015bae629bda63625581a3e6a5e
deployment_review/generative_llm_validation_answer_emission_repair/final_pr_body.md,1815,4ea067e2c682487f3ec118bef3b5c83a0c060f2bfbf31fb1fe86942bd4d5ecc3
deployment_review/generative_llm_validation_answer_emission_repair/post_validation_report.json,1773,5a6ae8c91a9d4e65b6caa4b6c1dddcfdd49febf7ad6a2ee5d4eec612b268773a
deployment_review/generative_llm_validation_answer_emission_repair/post_validation_report.md,2114,06d681c2d1d7c59390d5e4a8a19e554ab16d6ed25464ea18cc0374c53b44c818
deployment_review/generative_llm_validation_guarded_latency/final_pr_body.md,2033,cbda3a3390d3b44fec8fd8de3341ccb066e1e489700c2cdd5e6ce4aee28dc396
deployment_review/generative_llm_validation_guarded_latency/post_validation_report.json,1771,f23e29d2a52b0341358bbc9aa484463910cad3a586627b16738bef4ded459e6b
deployment_review/generative_llm_validation_guarded_latency/post_validation_report.md,3288,8c65804cc5e73b47d0611634f099be8c417858e507dd8360d25ccec56d5594a6
deployment_review/generative_llm_validation_guardrail_v2/final_pr_body.md,2933,e26f029549a9cc7db201cfe7ece6470c582baf8e7a12950c624ce94396e6c27e
deployment_review/generative_llm_validation_latency_selector/final_pr_body.md,2453,70c30ef8d4236f549d66510a1d27b97fc7ea3f92706bf7d63f446364ac087afa
deployment_review/generative_llm_validation_latency_selector/post_validation_report.json,1555,0ca491a293e6668d54c3399bb0939bc59e95c75851ec583c2131da6dde3fe55c
deployment_review/generative_llm_validation_latency_selector/post_validation_report.md,3400,bc459fe4fb288039c9c453ae993a73a5fde3f7d265310db6e0bad6a698ae08cc
deployment_review/generative_llm_validation_learned_risk_predictor/final_pr_body.md,2079,69a2bb0a2f8161c0d4d19cba8c2266f2096b3f9a5b5e5a62179abcef50a51e92
deployment_review/generative_llm_validation_learned_risk_predictor/post_validation_report.json,1613,02047166bb05bff3ac649451148fd09a6441bbcb5cdbe8408cdd1f5eac7a84d6
deployment_review/generative_llm_validation_learned_risk_predictor/post_validation_report.md,3455,42716d6c21e3ca5a0efa5cc4290a13a57616f3e14d6a88dce23fda21f978fcc9
deployment_review/generative_llm_validation_quality_signal_audit/final_pr_body.md,3797,eed78182ce98193753978c76271c32c40e9937b9e85c7c42e95fa8736f4c4ae5
deployment_review/generative_llm_validation_quality_signal_audit/generator_access_diagnosis.json,672,e1dc7796c204bd78aba757f0273859349f721192883e1915b609f249a1feba94
deployment_review/generative_llm_validation_quality_signal_audit/generator_access_diagnosis.md,267,bd1f625a75dee744f4178d5a2955158b7b2dda9a57cd676ee47cb915e69c091f
deployment_review/generative_llm_validation_quality_signal_audit/post_validation_report.json,1922,8076a7a82155763e32b6fc9b4548515953047e1156c0d7d36c0b829690587b0a
deployment_review/generative_llm_validation_quality_signal_audit/post_validation_report.md,2390,85db66f80d40d6b25a500990e2589e5620711aa70342abcf8dca0ae50d73a405
deployment_review/generative_llm_validation_quality_signal_audit/preflight_report.json,645,893b31624dda3ca6c644db53f71c35c45c18d052c3830f413a900831451a2a10
deployment_review/generative_llm_validation_quality_signal_audit/preflight_report.md,871,72e3829a5aa7870911e8e376b3f81db5e381608cb822743ee0f9d79bd1137d6c
deployment_review/generative_llm_validation_second_model/final_pr_body.md,1982,4f8c3ef73553486bc8f2eabf651942c49b55c488f810c7f2b321ad88e8e3ffd0
deployment_review/generative_llm_validation_second_model/generator_access_diagnosis.json,678,3a0a72fb9fcd851646a364b9b54cdec8f97fff4e6eee8608a35c2ac82dbfc15a
deployment_review/generative_llm_validation_second_model/generator_access_diagnosis.md,270,d2ba1de95ddfffc0914a470658f88fb8b13b62776b29c01084e75038ebae0bec
deployment_review/generative_llm_validation_second_model/post_validation_report.json,1691,796f490c41d3f9ce1a628b2f495a0b61a55bda292c262441fd1cc063eb1d07a2
deployment_review/generative_llm_validation_second_model/post_validation_report.md,2191,409d89ecd50eb230a1be413abb8eff4a7df1eb07342a298eea8e7c6f54b0d120
deployment_review/generative_llm_validation_stability/final_pr_body.md,1892,68650b3c276e43395833b636dd6c0047b473112e30c627f694d17a7483710839
deployment_review/generative_llm_validation_stability/post_validation_report.json,1416,66aae288b0c1d2e1d62be7b874af7e5b3e7f1f65c81527c17bd648c3aa39be7b
deployment_review/generative_llm_validation_stability/post_validation_report.md,1891,00f1b8ae0925e6b42fc01bfe7467b4700465b41ffae00872443547b3f07f3376
deployment_review/historical_ledger/post_historical_ledger_validation_report.json,572,4c3e844a88069a0231844a9ab5c3ea095d5bae7cb73ab3efcd425aa3ddfee730
deployment_review/historical_ledger/post_historical_ledger_validation_report.md,646,3a0d32769dd4137b171d8d5c468a673628a8f6b9683ee7646142e0d8c18db884
deployment_review/historical_ledger/pre_historical_ledger_gate_report.json,1226,8ddc463be0678de5f0c552e0a806e36685aabca024b149110cc3848ef017ff7d
deployment_review/historical_ledger/pre_historical_ledger_gate_report.md,519,46eedbe657f71fa375bf2b35ab23337dca3c14c295b4851cae82c882df7649b9
deployment_review/manifests/tracked_file_manifest.json,163939,d875496c8a080f11b5307eadc8e21e740c44e058dd177e69bc175e34147bd759
deployment_review/open_source_arxiv_readiness/final_pr_body.md,2376,4d301d06e5cb1539fb5aa03914c84a01c5341f82994455ee124d50a5d1615626
deployment_review/open_source_arxiv_readiness/post_validation_report.json,2269,722d2abc2c04074f9305c2b2db451b0fde14749b6bcf9c11ce5eb0ef7383a125
deployment_review/open_source_arxiv_readiness/post_validation_report.md,1488,12d940fda753286531fc7e53cb3d7eef278d860f500cacc5fa910ab52ea9f691
deployment_review/open_source_arxiv_readiness/preflight_report.json,790,36175e5749740c93b7afd5161595a2ec603128bdcbc63e7f581d1e657b6a6fbb
deployment_review/open_source_arxiv_readiness/preflight_report.md,404,13eb2fb4cec444034cdcf1f93ae68e80b76dae3353f176a0b3319fa4b4741fe8
deployment_review/reports/crag_restrictions_report.json,77,6bb97e816f260d3feb4d9cbebcd1cf980fa6ee10325e2b962c724281e3ee3280
deployment_review/reports/crag_restrictions_report.md,56,ce7ca7156d287aafde6bac5c6cd56853a4d8766657290a5998b40d40d0d8a9fd
deployment_review/reports/github_deployment_report.json,1836,d20e5ed42c7939a38311ee8b5f5d64f9f851374c27899ac5aac6c1de79f09177
deployment_review/reports/github_deployment_report.md,1566,8ffef38ac094c392c3f62da7db37c910cce8333dee0fd887010023dfaf334ed4
deployment_review/reports/github_release_NOT_CREATED.md,163,69b0ce78ab173da6748bcaa10733e20037d65dc1ce4bc0a679698bcbc81494e7
deployment_review/reports/license_report.json,292,5a64a7bfd5edf30711d2ef800e391dd6ba1aa522948bb536e02808e7286a98d5
deployment_review/reports/license_report.md,220,66c8e3533aabff125f4e6901468b2eb00e9fc02f6bcd91143cc648db3d195367
deployment_review/reports/no_overclaims_report.json,105,e72feeb69b68abcc0efe75de57b39d5e6a2266891824be122bcd655392e12bf6
deployment_review/reports/no_overclaims_report.md,86,766fc56975c6ae9746f571ae0039b936cad89b18d77b4b4847548b44bf464f9e
deployment_review/reports/no_private_paths_report.json,71,2dbd11add02c8ac86d2907c3e91c01d7bbab5e237d5cb09a58444f98213b2477
deployment_review/reports/no_private_paths_report.md,56,333e82609cbaf692aee19b68f951d0535b0c6c58318628cee7548de7f2e64f51
deployment_review/reports/no_raw_data_report.json,296,5b57d94c1c2c9395171f982b2e8c52d0d2ff2dd3279e7f95f832c4b41f05bcf1
deployment_review/reports/no_raw_data_report.md,59,69812ec226db11b8afb93b622377e88539367e20ee829feed87d540a59986416
deployment_review/reports/no_secrets_report.json,65,64097241cbed9994fa7ef748a5a9fbb049e9b1cec84e9a765c52e9a1040c633c
deployment_review/reports/no_secrets_report.md,50,75154afdc8490a252d3a32cbfa1b40e6cacc8b30214b615cb7614b16c0e0f317
deployment_review/reports/readme_clarity_report.json,75,487bbc222a66403eb874ed93e8cfd2fd809c5c35b9ed286f797b2dcfada9f246
deployment_review/reports/readme_clarity_report.md,53,726fe3986c99f127246a0cf53061ca3feda8c6c41f9a650512be451ff41a03f1
deployment_review/reports/test_report.json,360,03f6f09e114dcdc17ff22b1b1f190aa304ec2de7e042d4cfe502f261ffd15ef3
deployment_review/reports/test_report.md,342,1eee9e56101b2d5e03fb404f8adb414a64a03a49dcb431b7d28a1dd6de13e2c3
deployment_review/sanitization/crag_query_text_sanitization_report.json,624,ae6610308c1c6d05fe1bfb83bcb1d1cd03a7bef68763fedf6733be1ef39a1275
deployment_review/sanitization/crag_query_text_sanitization_report.md,458,a3decd80c0466bcfcfd83816df78683b0faf02465ecf4f440c1b76a7bb02aa41
deployment_review/sanitization/github_sanitization_push_report.json,661,033d5af1eb6d19deaa77150b76ebe909368209dabc1fcd1a6d62cd3a02f87811
deployment_review/sanitization/github_sanitization_push_report.md,653,1df6a4edd30f327873279733357fa20c50ac3860138a08f23f1cd239601519e4
deployment_review/sanitization/history_rewrite_recommendation.md,1229,b58501900cae3f26104b06fb471d8c41aabc62eff9c072fde7c25d31554ab79d
deployment_review/sanitization/history_sanitization_NOT_PERFORMED.md,570,d1b99f1c153dc46a17e5cd067fbd32e2966819c2e0199108e72de5027624864d
deployment_review/sanitization/post_sanitization_overclaim_scan.json,249,389195c22f6f7068c7366125eec329e604981826fa215bc675c1c0f8e9a022e6
deployment_review/sanitization/post_sanitization_overclaim_scan.md,113,a861bd003e370aead6195b9182abc9ef7d25476418980edcad4a0ba0387fc819
deployment_review/sanitization/post_sanitization_private_path_scan.json,65,c542ca503829a4709c48ab019e1600ef1bdd66e2102cf66dcd9fb62927fd3888
deployment_review/sanitization/post_sanitization_private_path_scan.md,70,7ca375191f365ad4cda72475aaa6381ee363c6a52394c92bfd30dd5f99adf1e0
deployment_review/sanitization/post_sanitization_raw_text_scan.json,8052,7428a169f5a89dde4bc175f4edba064be1e5bce633dc9ba17f0fdf39f236b2b8
deployment_review/sanitization/post_sanitization_raw_text_scan.md,199,2eb99e5a5c143ed200bd9db4dcf696eba9283d9c214437a87f9adb272ac4d4d3
deployment_review/sanitization/post_sanitization_secret_scan.json,65,c542ca503829a4709c48ab019e1600ef1bdd66e2102cf66dcd9fb62927fd3888
deployment_review/sanitization/post_sanitization_secret_scan.md,64,74620078eeceb4633c93fd24ea4548684bf226e36712b421475cec22b3c3f850
deployment_review/sanitization/post_sanitization_validation_report.json,640,ea30bb20227ae9515df86606be674e32cb316f0afe3f83ecc7f8d8c2127f80eb
deployment_review/sanitization/post_sanitization_validation_report.md,695,422bb8c5284bf0e6fd9711d77cf227e4744e19bb19f6c756b91fbef4daee92ea
deployment_review/sanitization/pre_sanitization_state.json,8731,bb06d1e9c7bbebea80288b38434c3346d42f72ba0aec95195e7040fcd16575ee
deployment_review/sanitization/pre_sanitization_state.md,3124,0437ddfd6333e3e6410f6bc128ab9a162a577da5cf7ecd0dbdcebb3dd6f5fc54
deployment_review/sanitization/raw_text_exposure_inventory.csv,2656,c929ceef5c2086c180b541ea0e9d1ad4848af1f63bf442f4a9d726ce64e664b8
deployment_review/sanitization/raw_text_exposure_inventory.json,3523,4032c9bb5ae866c10ca7f1e23459b45fbfd392413a21b2727c3d4ca8ad481355
deployment_review/sanitization/sanitized_files_manifest.csv,1323,342c99eeda4b6dcfa7f7d1002fa39c808fdaef897603cd71e0e2149f4a35cb51
deployment_review/sanitization/sanitized_files_manifest.json,2070,4c43d7b7b1f91ed010584bff4e5a474821927be0a64fdd41cc08af5e225f9979
docker-compose.yml,124,4c8b9e84e1dda893ce302dbae4a6873af70da0d14757d6a7a3332d99cefe9f94
docker/README.md,1769,ad900574850c83c6946cfcf469243301271a2229913653e94bac9c75c7b8b142
docker/compose.public-mini.yml,713,337b2a27d3fd5d5284631e72249c24380de0254d271e8d1e4d8a5e3b3e252384
docker/docker-compose.public-mini.yml,475,a9c067c0fb49cd6aefd3184ca21a24f0c5f5e52e277fea919a51207d06100927
docker/healthcheck.sh,121,729168d86041fe0b994f7dbc2b88415c9f3f210241f7f0547fc60a1fedd77a90
docker/run_governance_job.sh,280,d0e15a45b6a9ad82a64be28a248b7e7202cf721c9943e382f01c0b0a343ecc84
docker/run_public_mini.sh,144,7e72ba0942410ff33fa90a93a0c0cc035e1c62d50e2098c33b3e4fb3d064bacc
docs/aim_hardware_characterization.md,366,01845be55704eb4f9af616714d8cc0c3e42e6c12f959234b638239bc7486bac9
docs/aim_hardware_matrix.md,413,77ed090edbdca7c8c7e44813563eebfb25964736c845fae1cdc0fcd9c7cc7569
docs/artifact_integrity.md,350,7ca172de0558e55909de9f9da647c7d5d4e211a225adb0958c69e445a1dee451
docs/artifact_storage.md,913,de36fabad6f69eb1ce7adfd56e420008d339567a0781c7cb04d9e9f794fe37c8
docs/arxiv_paper_plan.md,590,f36e439b3b23a53d0aa4da74811913b620aedd6c31c52d3697dd13be3d1b8dcf
docs/arxiv_reproducibility_appendix.md,423,4a9dfbe2de7dee5f1a8177695457077789ff9f0a06f039c3a82ed665830dfd39
docs/behaviorally_distinct_policy_experiment_plan.md,3793,efc2b7fbf10ad3ded547ef03de8ea7bfc1d47f17a37f6f52aa5288f9f1b72766
docs/claim_boundaries.md,6138,e994a72aca7bd65ed29ad1cc48c499a41952816efb1317a5b5239360fcbf2904
docs/cloud_agnostic_deployment.md,1198,53f9bd42934556093ff4c233a2d598deba4766cee1d2f6590242c0c70a8d8a12
docs/container_security_scans.md,477,abb6d34d91856df30aeb99221eb779561758eb5bc0c9e77f2e65ea7c3742d964
docs/crag_evaluator_mapping_v2.md,464,112bfd069ca8d66e33450fddb087a240fe88512d4c6b37367c49cd7b1dae06c8
docs/crag_generated_answer_evaluator_mapping.md,506,0d7711600c0fcec775413d0c3140d3b992c1d1d28311d9d7d47b613240a67631
docs/crag_mock_api_validation.md,5355,ad7ed91ae072cc17fae9ff91fed88ef82af25cc767d9507de20918011c7b4484
docs/crag_query_text_sanitization.md,2312,732b6a8e77266d9de4db32f1693ec8b1044f7ae06830319210deb79ed9fc420f
docs/dataset_acquisition.md,1975,09437ecec90b31998f763dbfb4f9b3dc64a09ed01c09f028c90bf2c64ef1b3cd
docs/datasets.md,1246,2407b6ff1033fac35f3e84e63e0502b158a7496a8a23bb8569834c1fd64b044d
docs/deployment_architecture.md,1439,2471a2a5d606950b2f0e215d28982d3e6f29110e9d2ff770901f05a551b76442
docs/docker_reproduction.md,785,8313597a622dba49d95cd8a78c4efe318fa11ad86d44686c0f825370b8647fd8
docs/docker_runtime_validation.md,3592,a15c826e51e27d3e8b50a95202e45b0af8472b760003d02d9a33552f77cf3338
docs/evidence_ladder.md,5125,e718e0527a6923dcd2f69d81ef48364397dcd409fa49612c41c9fe30c262c077
docs/external_evaluator_adapters.md,420,ab024191eb93dd3473de5426da4b89b88180dd8dfcdcf231bb2e8140e4581d58
docs/external_platform_status.md,207,dff44f0fafd26a8b6878db4570c9795944ef4ff86d7d099de548c4810ef77537
docs/fresh_clone_reproducibility.md,460,4c7ece2e9cfcdc35e77ad610f8ea92c20a28f81a655e062e08625d40db07e41e
docs/fresh_live_crag_hotpotqa_behavioral_governance_plan.md,3797,c47465dd810a5fde8721b88e7befd338bbed05e3784a6c805c36c0c450aa9eb4
docs/generative_llm_validation.md,9091,29672b5238102eaa7b1841bd93c2fd1c9efcbb41ee8e335a75210f8e9285579d
docs/generator_configuration.md,2021,ab2132f30de99dd9e43ebb278867d9c543a4ccc42e089f3968294328d7adc06d
docs/generator_status.md,201,5ab0e5e7c90ffb26d8e15be9b3a25e0d22581f90b7000a468b9ff190d3b85d80
docs/governance_first_thesis.md,558,57f3be9d0c7bdd53e9f43d7c5a954f8de99808721921eef278ad51d799143031
docs/historical_validation_summary.md,5393,3fd87b969f38f727782f7778115d4f58938c11fa4ca2d85223907a0106d7dc10
docs/hotpotqa_quality_signal_audit_v2.md,384,7c522cceca94d67e2cb12cac5ba6487f0dc48416dc8ff02c3c0f6ddd7bf7e7c7
docs/human_eval_status.md,225,f2558fd00af8f4457dd91aa9458cfed5d9464782a8e3dd7b0ee940d05928cca5
docs/limitations.md,457,98cb5e9311d7d20ad03a65a09b6bce46ecf8ef0737208be2d3471bc6eb6b54f9
docs/open_source_arxiv_readiness.md,571,8c2148cdbc191d5aa34e154eda23aec495d442e6062e2d436b1e4a6c26238c9d
docs/operator_workflow.md,1580,c3e76980f93e2c8d2a99f26e6c4a869cd8caf933d16b00dd8b9fe001516951de
docs/platform_benchmarking_boundary.md,1266,bf0150c7d0ba503622a993697e8a0ff3beee2c1a061bb6cce34c9385574621d9
docs/product_contract.md,2317,a337d0be09088676a807b5d4876e8d668f031296286c545311407100cbf959b8
docs/promotion_decision_schema.md,726,0136c5500bc53ed3b3116469455a4a7fb2c37192f1f21346f31eb4b932f1a08d
docs/public_mini_reproduction.md,440,1f9dd4db2c2181c9234f98c387aa2006e21ea01d8a8266f7c05497ea9d3aece6
docs/public_repository_note.md,626,d0144b1a27ed6e4c0cf8c5ec9a34e7f2841c9f5aa30c9fa2938837bee03878ca
docs/publication_governance_gate.md,676,c8752d1565ee223fe5d63880bd0e0d2cb3b441c08298abbe47d42287039a3236
docs/quickstart.md,879,0371e1d707dff55acdae9c82b4b115af8c743348b07ee4a405de8b60a1e88d6d
docs/rag_compass_name_migration.md,567,b5b184afa9c780f3d521756684e5c13e2a29c3f921a8b2943d6ca9251bde3169
docs/release_artifact_plan.md,539,102a38bc6e96c8ee2f6b170d94fbd93af8730eeb847120a14e511c0f09e06587
docs/release_notes_v0.1.0-rc1.md,206,074d8ef01e84014e10a25e50ef76f0c7260efa68e37ba43976c7e0d5a02efc31
docs/release_process.md,452,f09a63eb7fd64cdeb24520f1d0df6238d1b0056c71326de927943318962b3734
docs/selector_ablation_matrix.md,348,eb6bc4e94e178b0a817e6a8f5d32bae20f1796c9347263f9fb16a2df15314cc3
docs/selector_ablation_stress_v2.md,423,3c9ce2731309fdb59227eef08ba171558725af8e421783f29b2acaba853bc8b1
environment.yml,135,6291e39f5a47b7bddb5ea71de17bd255ed69e63dc68d06dee7310e65450fb5f8
examples/external_evaluator_adapters/README.md,164,a9417fef1693e5841f911594ec2e34016d529b8ff4bb1f7b6cca406f774d009b
examples/public_mini_reproduction/README.md,140,237dc5afab185283c068e0ed3bd1b5dd39b9e6270af6c11b0237979a6d7d1832
notebooks/README.md,111,9410665814ddb729c64fb6dd6775aa043763f0dc753a77d8db8a6b876079e873
notebooks/analysis_overview.ipynb,484,ca451e95ff5cc84f6f747b1970062d3fe56eb69d38e90dd3b3ec83d563077a22
paper/figures/deployment_architecture_placeholder.md,102,8386a7727500bbab653969afceb2fb41e9a7a700d72a2902324b737b656f9a09
paper/figures/evidence_ladder_placeholder.md,104,e5e9f1333ae70681a47308947f02e4773c6194fc8abcd72d008bb6565467afed
paper/figures/governance_flow_placeholder.md,108,bc6b92862d930bbdfa2f52ee630efee9216624f572072f73e24c4e228448cb07
paper/main.tex,4874,7ff50422024f20e500bf44c078e47d5bc9936a836335bb30352700aedcd11b66
paper/refs.bib,179,3f909e49099f96040d25d41affb6e0754fe7bbf72541975f908cd4634f76c4c1
paper/tables/claim_boundary_table.tex,163,c7d3071a6ecce2685dd5c40671516f2b0e3830ee07f4921ee6d12549a3f2c7ed
paper/tables/deployment_readiness_table.tex,116,72dfeb544c25c52f6c4a31fbdd90c7941e661a64babd74195105ce5a80686bfb
paper/tables/reproducibility_table.tex,133,61b1d330782b2d181174369cffa043f137b5a80b393ca48a65fc594ab03838f4
paper/tables/result_taxonomy_table.tex,156,e1640b71d88159a9189a62d5b6942b8af66eb37f19b9d79342fa4cf373605720
paper/tables/selector_ablation_summary.tex,170,163e078fee033a21f7d80d0a11bc8846c1ba40b297f375147c829b10fe017acd
pyproject.toml,567,4a22ebefc7f509ee3c1d1e3b63643fef23cef433c11915f249de3b8c10581746
reproduction/README.md,273,d323aa54bcefbca76f0a5602baf08bb52c429083793fb8871cfdbbfecc277071
reproduction/commands/reproduce_crag_mock_api.md,515,ba81ce33b1077bb52f17317d8db55458cf692317dd654ef68dca8b149c55e4a3
reproduction/commands/reproduce_dataset_matrix.md,266,d75a58a998e6a55816938ab697e5322422bd037df19d2f4e62248e1edd060ec6
reproduction/commands/reproduce_multihop_confirmatory.md,341,b378fbe62990f450e646004ac219eb6e08acd51aecf4f29c1a618b125ff0f0fd
reproduction/docker/README.md,498,cdf17110e3392d197e279193e924abe5f131854b594b6b7e25d4c9f4c30559b9
requirements.txt,27,f2c7c5e4d76e9a1df62f77f96586c13fecfb306e82778a774bf9ba58b22cce38
results/README.md,450,c00fb50d855ba37c74156fe8bc8ef1b292be231ff00bb797231f8c741fe374af
results/aim_hardware_matrix/claim_update.json,625,b49cf306228232b6077771f184b30ed47a1f362f022c9951d5f25ffe4b47619a
results/behavioral_governance/claim_update.json,546,ed5ab035c4aeaea046003787639695aed4aee1d361869297451e1186fa6e3bf7
results/behavioral_governance/executive_summary.md,367,6646e6468f1f7f4ae2669bac191468800fb25798bc3bc8836ebfe854fcaf1b2a
results/behavioral_governance/limitations.md,436,534459a3f3d6a65a6599209bd2f8211fc9c9754a6e14a5aacfc5e8f6f755cf5d
results/behavioral_governance/paper_ready_summary.md,3461,a5ed22533c50c5f2e300bb543c847236c717b3147de6490dcdfed2cb500f5b87
results/claim_status/claim_status_table.csv,14077,7fd869903115470521ee6cbfaa752d5ba28811199afbb8d5a691a56695a66ce4
results/deployment_readiness/claim_update.json,1420,f6c85f22f1ab4ce0127e0f96d5e79e9671d631f343827a8cc0bf8d3656e766a8
results/deployment_readiness/executive_summary.md,128,388fe9e2e16914d276c1c05c57793a247ae1f19fd92476d8d26c5467bab7e23a
results/docker_hardening/claim_update.json,887,ade3da1f912b688a0449936ce83d657380d1a73d26e98e5115c0c14185119a10
results/docker_hardening/executive_summary.md,76,b673cf9907da0e87efca2b2f0968b2c9af5dab26467c3298e2b27725b7f64da3
results/evidence_summary.json,4915,c713ac16c19db694b9681ed9267e1a5cd09fb033d7bb74c4c926b3808e54d60d
results/external_evaluator_adapters_v2/claim_update.json,530,9792d435cd9437ce31b3e711b98937ab1656a6ce38231506442fd268016e886b
results/figures/README.md,77,1210cd654b096009dd1de46969aea4590729e93ba7949f303e89baaa1af59881
results/fresh_clone_reproducibility/claim_update.json,385,686153295d21a71c42a913632f57b3f9f51cd1fe0cd85578657779a75df6e7cf
results/fresh_clone_reproducibility/executive_summary.md,78,1e207fdb123bdf4f7a8624ba3a99dd82419eba718f67f35ea102046ea43f53f1
results/generative_llm_validation/claim_update.json,1953,d6f25c985b17f8c7eb68c069d1fed78c96b573d7555508d8d04db1eae38bc7a4
results/generative_llm_validation/crag_answer_emission_model_comparison.csv,205,efbb31552bb39cf87f8d36e54a28ac7379ab5a2c407397bb6b2593dfa2c9d34f
results/generative_llm_validation/crag_answer_emission_model_comparison.json,5345,3074fcfb9a7ea877b9c30a7b682e85dc7ffca91af9e1f978f52e4926c99e9ea7
results/generative_llm_validation/crag_answer_emission_model_comparison.md,455,82c0cfd00b10c77f41f558fdda7efbc91dcbd5f4e55b6544c821b54ce786d1c5
results/generative_llm_validation/crag_learned_quality_risk_predictor_comparison.csv,1937,34e3a8237503d34c20e62a1ec120f34edf5bdb453533c4bb6fd9cfe3e3ff7bc0
results/generative_llm_validation/crag_learned_quality_risk_predictor_comparison.json,5745,3aad64f4c4d5f982f8834fdaf8045eeaaad358bf7f8062f80a64c823dbb9b7c5
results/generative_llm_validation/crag_learned_quality_risk_predictor_comparison.md,795,0968d31bebf00c61c0e6b29a6def836cf46b2f16c8c7d31fabad6ab456e01f28
results/generative_llm_validation/crag_quality_risk_guardrail_v2_comparison.csv,1647,d9ce6059ae10259d61cde0a9738ac9d40e56d78dc34759933ba39a0fd05dc055
results/generative_llm_validation/crag_quality_risk_guardrail_v2_comparison.json,4739,11a139b0151f8244022d5d8f74dab061eac44a63aa7c28facbd861886d0b624c
results/generative_llm_validation/crag_quality_risk_guardrail_v2_comparison.md,782,7f41e9711308711032c82864d227e2ba9c803284948227043c65725cb8069122
results/generative_llm_validation/crag_repeat_comparison.csv,472,3a99b1e612afb72309e1a74b7e48910c32e08ad60bf5e87c723f05af9d809258
results/generative_llm_validation/crag_repeat_comparison.json,1206,9e4cbd64fa524a2f6bce32179cceba893f02d6ebabcba8f64490c2b365746533
results/generative_llm_validation/crag_repeat_comparison.md,467,5d3cd31c1ff6d152ff91086c858399f2219e2e9ac7623b21ba99b91a9ecf4e3d
results/generative_llm_validation/crag_second_model_comparison.csv,316,cbf18e008a0bfdfa8c69721f58cac056b7985453997e9a955a66a0db31c0b3f0
results/generative_llm_validation/crag_second_model_comparison.json,1297,23da2905cbd98511b4ca84ad926e317a232f13bf50b38bde716a4e513703f1df
results/generative_llm_validation/crag_second_model_comparison.md,449,96bd412575990f018c17d3bc7239c49fac5109ce870b28dc4b3e81b675dda909
results/generative_llm_validation/crag_stability_comparison.csv,1967,6d39b472622dcce79b3e5b92ce18094434fe4c2793ae7c2e3a09dcb72c334a49
results/generative_llm_validation/crag_stability_comparison.json,5208,72c60bbe4762425f7138e5c04ae4400b178207757f02db4dffe99ff48565c880
results/generative_llm_validation/crag_stability_comparison.md,618,d82f43d606e8d2c159367e9881d23a0453baac0a5ed5a70a943eeda307f7da5b
results/generative_llm_validation/dataset_comparison_table.csv,295,bc2eff20afc95dff982f4aa8515e7df1b1a4485977a9aa0607478c72d1ddbd7d
results/generative_llm_validation/executive_summary.md,995,813ebd39269a17f7a9d92f9a5f12a17ca50ecdd4befc4f22e47675489f9dc367
results/generative_llm_validation/gpt_oss_20b/crag_stability_comparison.csv,1337,108458913b8f2fd17340ebb749f49f2f06b2883e73f51c84d764fe68bc6c4495
results/generative_llm_validation/gpt_oss_20b/crag_stability_comparison.json,4134,9a67ee90b94ff5580ddf73e5a7467a3f02a01b06ede6a7436fedc74ece28af21
results/generative_llm_validation/gpt_oss_20b/crag_stability_comparison.md,566,eed8273fae2661aa9c4dad698a9235ef8f1ccd3a06630662ec4928d727f7b50d
results/generative_llm_validation/limitations.md,913,92d3276bf3d1be17e1e72e97da48cfe5b9cd49ce7bd7ed5fa82f1fcad2679ca3
results/generative_llm_validation/llama3_2_3b/crag_stability_comparison.csv,1367,7e1982333c4645f192f9bb52d767b6a89d5c4b30334c84491f332c9128b41d2f
results/generative_llm_validation/llama3_2_3b/crag_stability_comparison.json,4164,bf6652b431b5b608ffd20dcc912f7fee105185aa8b201fcf3e35ec64fd4c35e2
results/generative_llm_validation/llama3_2_3b/crag_stability_comparison.md,566,eed8273fae2661aa9c4dad698a9235ef8f1ccd3a06630662ec4928d727f7b50d
results/generative_llm_validation/paper_ready_summary.md,995,813ebd39269a17f7a9d92f9a5f12a17ca50ecdd4befc4f22e47675489f9dc367
results/generative_llm_validation/synthesis_report.md,995,813ebd39269a17f7a9d92f9a5f12a17ca50ecdd4befc4f22e47675489f9dc367
results/generative_llm_validation/synthesis_result.json,1953,d6f25c985b17f8c7eb68c069d1fed78c96b573d7555508d8d04db1eae38bc7a4
results/historical/historical_blocked_results.md,959,9e10adcf4dbfc0771ff6edc92c50ca0ea3e65791617ec0da0aec50db6186402b
results/historical/historical_claim_status.json,1928,491d7ac4d85ee12e3131112f27e2a8c1e95f2a6683ae9c9abd332d4c42e01f68
results/historical/historical_evidence_ladder.json,1661,d44f965f120a4fd6dfbb82d52b0f3f8cdbc2b7e5049cabaa9c36b4993a4a2d00
results/historical/historical_evidence_timeline.md,3406,18dc12b20d7e6ffcfb59fbe669038be003078ce63a16c70260f148c9df23e98f
results/historical/historical_negative_results.md,1042,8f48bb37b79bdb9957102d794b4007480a6fed41c7f55fc409069318a2f8535a
results/historical/historical_reproducibility_summary.md,1500,6306e4bfb040329809bbc5a45218d7f74c1ad4d4d37de57ab6e6de6b5494876e
results/historical/historical_run_index.csv,20228,7c875470da3bd826d7f9db21fc60ab4a9bc50182f3ba919b7864c774574bcc57
results/historical/selected_run_summaries/01_spectra_quantum_fighter_summary.md,649,677c71c8b422e7caef45fdf7d338f26029912dc0853a18354bbb05e5b18f1eec
results/historical/selected_run_summaries/02_synthetic_mechanism_matrix_summary.md,592,7cb1050ac380c1e10367463657a8ce37fe786196f1672faa9d85b07e563bc43e
results/historical/selected_run_summaries/03_external_transfer_summary.md,586,6ef418a6ddd3df47dd66f4fc370816c6656ff3ff51f41879e89d13e244d2267f
results/historical/selected_run_summaries/04_matched_cost_real_rag_kill_test.md,583,360cd5e973c1dce7315edf777517be9510c931e3f0083241450bfaa36387d024
results/historical/selected_run_summaries/05_row_level_reconstruction.md,567,a57481f5e69775109e9a9729114f1de3b5dfb36947c3b3c15bc37547949b9044
results/historical/selected_run_summaries/06_t2_ragbench_development_v2.md,608,db811b23e2cb1e7a406d3dcefbd07ee0d2968af5acbf16d4460db887fb7467dd
results/historical/selected_run_summaries/07_multihop_confirmatory.md,575,124b264b1ba7a687abab70d683cff3652e38ef76869b53679ed26fca12c80c3c
results/historical/selected_run_summaries/08_selection_regret_audit.md,540,4e2af1891e66c02a6675850165ae1bc223294331ea3e34f311189298742af621
results/historical/selected_run_summaries/09_hotpotqa_context_retrieval.md,596,86b80ef155446270e1d171a9682af28a8ffa6ee63504f18e5fda7d82fca76cbc
results/historical/selected_run_summaries/10_crag_acquisition.md,620,6657c943384166f4b953adc780cc38eaef2b1a82324ce50b48d4ba76a348f7d5
results/historical/selected_run_summaries/11_crag_web_document_governance.md,572,45143b255196f61e3b4e41f514454147c3bf2c14cacab9836a529f24f8eda074
results/historical/selected_run_summaries/12_crag_mock_api_validation.md,677,1f6297ea4edca6efd558225978f39dd56f386e68c0d1c3becfc0e64e7522b552
results/historical/selected_run_summaries/13_natural_divergence.md,554,9b9bd60faf7f952e39fbb3448239b043a9fad46b75ea5533605bb0b9ac1184dc
results/historical/selected_run_summaries/14_rag_compass_niche_analysis.md,582,c8a28aacaf107fbafa6fd6354679d2a6b69095b6af60af8f15c40db8beeb61d3
results/historical/selected_run_summaries/15_unsupported_validation_areas.md,629,7a02d6edb1226de82bbc5420cc072f6bd5996208b94a9ea5c1e70f56b6c78b1e
results/hotpotqa_quality_signal_audit_v2/claim_update.json,1228,28ac51b0d9b1a5b9411935f6c2a9abd53146a2a964e21dde0055aeeeb95b7a96
results/multi_dataset_behavioral_governance/claim_update.json,681,15204f534bc82fc0543651baf4dfd0c99d97af726f0d8fdc62820757130efc18
results/multi_dataset_behavioral_governance/dataset_comparison_table.csv,491,fa04ac0aa2e09ea871a6135c11218f172faf69baacf99831867b5b1421339d31
results/multi_dataset_behavioral_governance/executive_summary.md,234,1e308f18da0d041cc1c14c0858d3a66c307da0306157ea52dfd7ada2a332c64e
results/multi_dataset_behavioral_governance/limitations.md,407,327b156220e751d4835bafb01a7cab67107361ea203c180ab2c9b7127aa97588
results/multi_dataset_behavioral_governance/paper_ready_summary.md,2639,1a24053efcc631131dfb46dd2054a18bf3f422188b11be2d2814b5309ad09148
results/multi_dataset_behavioral_governance/synthesis_report.md,445,f4ccd0675907b3f75dff264dc76c6f129c8b1debcb1faf6d2f61d44635207ff8
results/multi_dataset_behavioral_governance/synthesis_result.json,681,15204f534bc82fc0543651baf4dfd0c99d97af726f0d8fdc62820757130efc18
results/open_source_arxiv_readiness/arxiv_readiness_table.csv,147,5539545b99f2f7e94d655b0747554e8224a6a3ab9521f0c09d57c8320e53da6e
results/open_source_arxiv_readiness/claim_update.json,1417,334c5eda66cee8d4d4e63c2d944a77f3887f6cfaa9e57511d704201b6c1eb94f
results/open_source_arxiv_readiness/evidence_table.csv,549,342d7f118991092fb488703886c661c53d6b38f2d31b417cce3d8953296777db
results/open_source_arxiv_readiness/executive_summary.md,684,08c17236e91476eb228f0265e5a78a95209173539b0662ccd74ef21a70e08bb0
results/open_source_arxiv_readiness/limitations.md,162,b0e1f3e61fcf8c3436c5e24be0f3b7fabec5eb8bb258556454057f0da443b039
results/open_source_arxiv_readiness/synthesis_report.md,684,08c17236e91476eb228f0265e5a78a95209173539b0662ccd74ef21a70e08bb0
results/open_source_arxiv_readiness/synthesis_result.json,1417,334c5eda66cee8d4d4e63c2d944a77f3887f6cfaa9e57511d704201b6c1eb94f
results/open_source_arxiv_readiness/tool_readiness_table.csv,137,8f6e62d2f2abd31f334908f09a68b05a59aa6af40f25859c44edc20067297577
results/processed/crag_mock_api_validation_summary.csv,407,b7e5ec3513909c896c2613b1df72ad6cee48ddf06549a89657a56a5728611c00
results/processed/natural_divergence_summary.csv,1133,04ce464789461504572032e297ca07662b09189c6788dad8f48c709a8180528f
results/public_mini_reproduction/claim_update.json,668,5a4550587cd7a83daae93d4742d329b77fba69c8495c2cdcbd7161c606dc7b95
results/public_mini_reproduction/executive_summary.md,73,577e23c03fca32d35608814960c325ddd6037d465b4f995def94fd28977b8563
results/public_mini_reproduction/reproduction_report.md,59,532152888048d4da3b224bff8166648e1a8befe3a2ba89de272262d21025b1a9
results/raw/README.md,175,20bab6ba597800a665311e76ca85b50695e3e3dbe6bedc0cb3c0973f9544e072
results/rc1_arxiv_readiness/claim_update.json,1161,ddb5d852ea41bd9541cb6367146d05b592b94a32690ddd883767d433d01cc958
results/rc1_arxiv_readiness/evidence_table.csv,561,5ccd574ad03f916290e0228566dbdfb22e769d9ef1943b1009f25f89d17fd05b
results/rc1_arxiv_readiness/executive_summary.md,77,88e6b3d337cfb92781ee2a959ad96d5acba578f0994f539277c3b11ffcf7bed7
results/rc1_arxiv_readiness/limitations.md,169,ff454b99289cdfb537e63c817067eb863b924a67b947fe834101ccbfbad59de6
results/rc1_arxiv_readiness/paper_readiness_table.csv,85,5aa378e37d84bf314610feaa928bd1f4464eebb5518d28a904ea8168c67810be
results/rc1_arxiv_readiness/synthesis_report.md,226,bb3a8632391b3b0e09000f3b2a99a122d02f60f8470c41e1690fc8240f572751
results/rc1_arxiv_readiness/synthesis_result.json,1161,ddb5d852ea41bd9541cb6367146d05b592b94a32690ddd883767d433d01cc958
results/rc1_arxiv_readiness/tool_readiness_table.csv,252,18c3da1f4bcfc30e1cbf1e849548f0f63272df1904f872aa372c77d9cf8b00f6
results/release_candidate/v0.1.0-rc1/claim_update.json,294,0a861b4262551353ea9e0d0fd189f2db244d03f5c9bdc6bf2620c879fe9e689e
results/release_candidate/v0.1.0-rc1/release_notes.md,206,074d8ef01e84014e10a25e50ef76f0c7260efa68e37ba43976c7e0d5a02efc31
results/run_index.csv,26419,affeec2cb070a150585cbd311d2b618dbeb917cf828e97bb02226a2206f20f20
results/selector_ablation_matrix/claim_update.json,704,3aedb8542a456f8cdc71a89df5d2ce738c86b912109475831af2c77156796e1d
results/selector_ablation_matrix/executive_summary.md,92,30710f0f28668c3dd76728fb9b04bd02c23f3300bebbe079451640d43a9c86f2
results/selector_ablation_stress_v2/claim_update.json,864,b7246a79dd233935da399591d657babe4f29e27a519315bac4bfb396a9d9ce09
results/selector_ablation_stress_v2/executive_summary.md,90,01b121cc959da4e3f673bba05dd384027071f099feca23e006a5a5b620b70813
results/tables/claim_status_table.csv,14077,7fd869903115470521ee6cbfaa752d5ba28811199afbb8d5a691a56695a66ce4
results/tables/run_index.csv,26419,affeec2cb070a150585cbd311d2b618dbeb917cf828e97bb02226a2206f20f20
results/verify_run_demo/claim_update.json,281,1adfd0aabfd08dc2d1ea8f117b37fba8c60fe475eb64203feda60c6116753ee7
scenarios/README.md,121,80ce97f26f1fd4be4672e26828d2921a3156a7b7bd99478ad416275be55937ee
scenarios/harness.py,296,f80c33a36741013a488c98d099fbe59b836ec2701faf80a778a1ea73d4fdb9e8
schemas/artifact_manifest.schema.json,639,ab53c79d808d010eef20935a0b1e90be7f73112dbfa01d9d694ddc5d6affda65
schemas/deployment_readiness.schema.json,506,0a7748f7b147eb5311e87926ae7f4336911b9ca29814f7746669152806111fc7
schemas/promotion_decision.schema.json,1285,743e64febbe7bec9a4d0133d1b649286d9cc2057def1a6786090b21eebb1e2e0
schemas/run_manifest.schema.json,332,49af202e1c18514d79c9d433e47e97544a29a53716eeeb7eb1803637b6a6481b
scripts/acquire_crag_live_mock_api_inputs.py,1084,b33d5ce2c00bd70324fd759318cf60d03ef4d2fc899e427ab3968b0699d413b1
scripts/acquire_hotpotqa_public_corpus.py,1137,8fafc2e87666dedfcbd73938c5d087dc8c68cdf6eaef707a2250db9a658effd5
scripts/build_local_approval_export.py,20521,86822f14a68bce58d9a80c7b15128dc4521ce4eb56b2c2d9e3f199771488dafa
scripts/build_paper_assets.py,579,120c7673b3bbb5bf787f2944fa896ba0276970577037f881cb5c426b89498e51
scripts/compare_crag_answer_emission_models.py,6367,e243ed2cb30ffd55527e15762f147bc47062f873a906108185afacf9e167ea0f
scripts/compare_crag_generative_repeats.py,6291,9559debe6f42725051960711ad4cc5cc930bafb8996418145cb708f96ea490cf
scripts/compare_crag_generative_second_model.py,5105,67acf9c49993c5f8819b76d9d62a726a55b09a65cb2065f3f2207f05afe3e9ee
scripts/compare_crag_generative_stability.py,10710,4135ae33233aba2c538e0c03abaac6cfac27922def2240e5e0c5a98908336bbb
scripts/diagnose_container_runtime.py,800,72486e6c13575c64cc66641e63992fe48eb95cb218303f56e3a41006f9c1fcbe
scripts/diagnose_crag_evaluator_mapping.py,860,03a3865c4843a0da49f387a30a064f86e29668d35d1412dba8d5740b38ee20a9
scripts/diagnose_generator_access.py,3632,5a1b2c944d10392b487789c09124eed32b981283fe2118d2cde6910efa597668
scripts/generate_publication_metadata.py,5811,deecad250a202a160919be0536c8e055aa79b11b97acd913bf36d6e0d98a35e6
scripts/make_figures.py,337,f5ec84f8c8819ff9c1bd51434884c82cccaada31e1d2ded7bee02695c821753a
scripts/make_tables.py,358,ea7858e97ceafd445aef2cd4237935f94f36121287b76ef4eb2152eb520d89a8
scripts/package_for_approval.sh,1110,4c65c498a8e7ea4f81f406614d331543908d32f8893d1a3753ad868a6551fced
scripts/prepare_release_candidate.py,968,229ee4c668f94f10741c08b808d9af812bf5079cf3ac829e5170bdcbdf963216
scripts/reproduce_all.sh,214,fc3d8695f054d5b63cc0a8f46234216f8a46d8212a3a5e8d3f37efd6bccd3cd5
scripts/reproduce_crag_mock_api.sh,658,7826ce881723ed6e36a2c23972d114b2bd09709934dd22f7828722c8b3039e58
scripts/reproduce_dataset_matrix.sh,191,23f2cb0291f986017fad41dfe4bdbcdaa550c42e8b011f7ce5e4c9464e7070f0
scripts/reproduce_multihop_confirmatory.sh,213,1f0e5298ca216bf49374fda33126e0b68bb96ed50e989bcc84262572323782b9
scripts/run_aim_hardware_characterization.py,831,b9b0d3a2542cedcff0f3a8bf8465df873a343ed8a414eaba5c97b6a2fb441242
scripts/run_aim_hardware_matrix.py,861,136d5c808c397ec0c42bf20380ff1f3762edad7a8d4db139de70e55b7ae5c568
scripts/run_behavioral_governance_experiment.py,544,df3821cfb777903ff850e32309140708bb62a42dac87e6ebc7d9130916711fd2
scripts/run_container_smoke_tests.py,999,a65c23f05edde9ae14785a93e96994bc248d81a16e997dcb8ebfc516f77f62a0
scripts/run_crag_evaluator_mapping_diagnostic_v2.py,899,817feecef179617c39a870c98772f8ac54b30f8f5080f988233350654665c42e
scripts/run_crag_generative_evaluator_mapping.py,840,fb7ba35d4c31fb49e54c31f6c4bb7ca3dcc320de503dfdcacf142af94ad1742e
scripts/run_crag_generative_llm_validation.py,907,9dd5836bc6d37b77099e298c9453dea63ff998484743aa275f59755fbcc5cf04
scripts/run_crag_quality_risk_guardrail_v2.py,21742,1fbd9349b9b191a94faf8466fe2e12ce5d690199922e6b5cb26e296a8054cc44
scripts/run_external_evaluator_adapter_demo.py,839,8992c85231f80d64a7bced3bc861ace62d5b5e72cbafdc3a1ad1a5f7583b7877
scripts/run_external_evaluator_adapter_demo_v2.py,921,41aa13d3781ef8520fe77dec0a53371702bdead8ce143decd92e8b32ffcee093
scripts/run_fresh_clone_reproducibility_drill.py,925,657d7aae408b8031a348f4b0ec20d1f142712534b26b3fce7a9ffad26cff1466
scripts/run_fresh_live_crag_behavioral_governance.py,904,ee099b01ee8946b9fe95a529c8554d9fd97c598ed83bcfca90e8d1e1ab8d02f6
scripts/run_generative_llm_validation_synthesis.py,897,0927a1af56b2645107adcb415c67f56281b03a9bc3e473e2151d20e76fc54d19
scripts/run_hotpotqa_behavioral_governance.py,982,722e93180a4e49beee8ff0d9db9c926c8c9191f381ee883685514226051cd16e
scripts/run_hotpotqa_generative_llm_validation.py,931,27ca009395fda31c668b046dbb5d4adcbba51d80cd16466a3109e227b9207acc
scripts/run_hotpotqa_generative_quality_signal_audit.py,951,e1d2c58b5d230cc6691d45851f752566deeb30254068c6c6ceb1cc0806129724
scripts/run_hotpotqa_generative_quality_signal_audit_v2.py,934,221b7bcb5412051ab1fa897e2866cd941ac1230c794d32ede9e6806e684fca74
scripts/run_multi_dataset_behavioral_governance_synthesis.py,885,e061c4b7fa54a279d5a16f6d9615014b68dd19d6bd2327d68b97d78931f12fdd
scripts/run_open_source_arxiv_readiness_synthesis.py,867,736e69d73e3e479d385395efebd4a7e218025ca2a6ab1523bd328dacb9ed98cf
scripts/run_optional_container_security_scans.py,829,6a0b25759a36449682e3d1634f6fdb9ae6a87da9b00e07a2f21ba6bb5fef0e6c
scripts/run_public_mini_reproduction.py,859,e4c07779d90c660bf8e61c059a22259397b5a5750916f86c7e6e28939bc52361
scripts/run_rc1_arxiv_readiness_synthesis.py,899,dc8ab43ee26dc8a8eee19e83e88a7b660a72a78c8696854eaa73ff9456055821
scripts/run_selector_ablation_matrix.py,801,beb876cce4be37fc9290f80fc7fef2a59559d4a1ec8106bbf11f0b77acf0a554
scripts/run_selector_ablation_stress_v2.py,898,aa650f1018d19f5cfcafb4e0873119cf82460509c137570ea76c2a236965decc
scripts/validate_deployment_readiness.py,1091,38f6d67a3191e369d7635951c97fbd3ce0f3ce280f86b98a6832c24f11e0d813
scripts/validate_docker_static.py,869,61d0ed8c6e420d1a704d4cbabecd801d0c546f57df2ed2e825bdb16a493053d3
scripts/validate_publication_bundle.py,35376,838ada7b63800898c44a38d8c9a5badbb7e5501d26e87a0835e12ddd8477dd76
scripts/verify_ragtune_run.py,856,1c40d06cab2d9765bbd5d8d55ef57e0fee231722ebc5a32621e0d7a8d4a54e50
src/adaptive_escalation/__init__.py,38,ad451f9047b18d36d5c2ab0b2ccc148765a11f5b61f6056e16af1371e5ab0174
src/adaptive_escalation/policies.py,1113,aa3c8e516fc0f26b4e1f59a13f2e4521d04769845b01d57abb203a5df6d14c40
src/claim_faithfulness/__init__.py,39,c145e02a43dabc59ff6f77f0bd2d3551ee3e0301556965f7d8f38be6fdfc9fef
src/claim_faithfulness/claim_extraction_proxy.py,1396,4580427b04ddacec2d6868120334cf9cb2e9541bb85b0b32d2744661980ffb94
src/rag_tuning_governance.egg-info/PKG-INFO,3683,8f89271d2bb510d52c6b12b41fbf2e0da8a26660b5b2167ea348173bb0aa7280
src/rag_tuning_governance.egg-info/SOURCES.txt,2361,89eeb8867863bd37ebb134a4f02660705b4b21b5708225e759ec7368d7e37a0b
src/rag_tuning_governance.egg-info/dependency_links.txt,1,01ba4719c80b6fe911b091a7c05124b64eeece964e09c058ef8f9805daca546b
src/rag_tuning_governance.egg-info/requires.txt,27,f2c7c5e4d76e9a1df62f77f96586c13fecfb306e82778a774bf9ba58b22cce38
src/rag_tuning_governance.egg-info/top_level.txt,8,2a2085951daeaa0365055273be9639c47b708af16c3aa14db95d74066cd73782
src/ragtune/__init__.py,96,130d1de2f21f57597cf30cf4c89b75b5f4dd1c361b1f9bd64f4db2d1d4bdfec2
src/ragtune/aim_hardware_characterization.py,3835,4942d95feec45cc372f989eef18aef590182bc5a41b1427ea3434fc999da7321
src/ragtune/artifacts.py,4245,366666512d29e32a5f2c39055099f39b2ac6b33c5fea2607d2dd677c14856583
src/ragtune/behavioral_governance.py,47572,17cc350be1ba66196aba4f645e72d7990f162804c32bd9653eeadf8cc413f77a
src/ragtune/certificates.py,1565,395155a2c8e9234632e66cce7384e20ec3569b5d56e40b484c3436845f08744b
src/ragtune/cli.py,10205,14eee64dac027e2d530617594e7577439eab200feaa300d7742634277b49be4e
src/ragtune/cloud.py,327,ed6003422d46bf677e88b88d5ae4ffe2a9eb5c94bcc126106d98ae3f10ac6e7b
src/ragtune/config.py,1728,f8196d9ea1f60c5cc232eb7cbfe9c6ab9a2dd0e38dc5926e6b76caaa53347c8b
src/ragtune/container_runtime.py,3705,c23d85a9e7d09ba46e4410eb91cc1587ced36e78a019c0092839d684622963fa
src/ragtune/container_security_scans.py,2358,8a416c349d525945de28dc8fab2ad12356dc25282e39282477efc751d37e2f9a
src/ragtune/container_smoke_tests.py,8670,aa430301e5c4244b653e07af0b730980ec9064bef5f2bdba35cfe7bdb6d6aa83
src/ragtune/crag_evaluator_mapping.py,4527,5086b8ac36caaa61f34a01acaebaad3f3ebff5374073d20249f234ebf59ecc4d
src/ragtune/crag_generative_validation.py,44753,f5f84fd9e519237e71e1c4558ee4d7828d972c0096d6b39f44bcd46c471aa2a8
src/ragtune/deployment_readiness.py,12894,7a002021485d52f7c1bd0d2443717510496f8de392f887588cb34fd026c5cc9e
src/ragtune/docker_static_validation.py,5806,6161cace3d86a9d505dc6e7089099fe34adfbd9f1c5f508ab248a7d390b3da91
src/ragtune/end_to_end.py,4767,9f41911cbfc207ca5da870fb914991abb9294bd4f9139c1c1b2a3aa305bd442f
src/ragtune/experiments/__init__.py,34,9e2bc7136b6c5d80631362c346054e4fc74d88e2bf8c5957b9712f9859644f97
src/ragtune/experiments/certificate_calibration.py,1920,c78d2a9e9a83e6b2bb1a05fbbe5c4fbc3b27ad82f8ac793981679aa7c3aab26e
src/ragtune/experiments/cloud_repro.py,918,4ba2bfbadd7ba1236c36b9687be21f930c683a18cc97d94a8979018bdca78afc
src/ragtune/experiments/common.py,5226,f1cb8d8de47e50f9668bee9057fc437683bcc038aa324cf34b57c1cb389790d1
src/ragtune/experiments/end_to_end.py,1935,5e6ec0cc40a4d3be72710f88dfef055ec5987f27a9574e06726049905b343e18
src/ragtune/experiments/end_to_end_public.py,7045,ef7dd210d50222dec9c82f37b14aa5b281c4eb5bfd2d481e26ff597740cceeae
src/ragtune/experiments/governance.py,3246,a6c0213b9f54c7bcbdb182996ee6f0d13783ecd49f3335073a014b9acf6a889b
src/ragtune/experiments/phase2_suites.py,31460,12c57d0e002aa8392daf4c0ce71ce1129a2a1e40a3cfd1568c392ece5decae8e
src/ragtune/experiments/real_rag_governance.py,540,2bd43abf40a6c1434250d980b26e976ce68c7e503d4602dd8854aae47194658d
src/ragtune/experiments/real_rag_reproduction.py,544,b665954b0b14135e19a2193ae9984838ed1c4c668d8688743114ccacf153cab1
src/ragtune/experiments/reproduction.py,581,5119aec31db59ccccbf9688dbc30a0b8c6d89cc9fd82195aed2907e2b1914555
src/ragtune/experiments/robustness.py,1485,d820ace6d1d607dd3003c3e92c3a40e847ddb04fa5e7520d5690f4c5558f8824
src/ragtune/experiments/runner.py,9361,5ccc03e61650612a2be0267633d3282fe2abb13a7d3fdfc71b08dd2aa6b2f878
src/ragtune/external_evaluator_adapter_demo.py,3130,0b843b47625856868b2d773e7c58c34e306a135828f5fc8b37e2a6819e519f3c
src/ragtune/external_evaluators/__init__.py,168,d51dc2e2be9f1b54a10c3dc938a8376d057bc1cd4761f04019dec1582e365732
src/ragtune/external_evaluators/deepeval_adapter.py,1460,6474efbde85dd4b028a5af823ad1387903ebe5d3c4840015bf691a0560c91869
src/ragtune/external_evaluators/generic_csv_adapter.py,1122,a3339630b6a62030b108f24234748ab6f2d162330c7be7907888507614a435af
src/ragtune/external_evaluators/generic_jsonl_adapter.py,1361,4ae92ca2111fac6927a9bf38b7479f38baabb211d6717b761bd57abb448e7a19
src/ragtune/external_evaluators/ragas_adapter.py,1342,b4580b4f4bbbb2708bdeb96a455ce6e1d3acba4564a5f0f26cac22e2e6c5d7c3
src/ragtune/external_evaluators/schema.py,2119,39c5691dac6c35d2ddaae060d225a026053539d69faae03bc1979bbba0132347
src/ragtune/fixtures.py,5810,d910639e6bc525fb86b5677ccd58c8e915b054f0e3a5aff975009ce732dc7abf
src/ragtune/fresh_live_behavioral_governance.py,66025,2a1ca88e14cc5f10b69defce3e1ff9301ad60ebe238efda838a597f7ba19c8a3
src/ragtune/generated_answer_quality.py,2666,6aa5da2e23f897c8695731f08b7095a388d1d6921106d708fdc0ce40000beb1a
src/ragtune/generative_prompts.py,2278,e51710b0b3f15eec4cda3ca0ca04f0da87739a7bb4c1f00162e8f8972da31052
src/ragtune/generative_validation_common.py,9995,25f6a6313c06e71bc048ccb4537346687424362332a6ac38ff21ba9df46ac4e8
src/ragtune/generative_validation_synthesis.py,15609,e0657490a0d4f5682e276bcb39496b926d6b9611abf9c5969f5db5196d8cdfe9
src/ragtune/generators/__init__.py,317,b3263a9328d33ddc9cd88b982e570e1ded400e17032015d730ed49d87f19dcf2
src/ragtune/generators/azure_openai.py,898,53cfdf98a43e18c0d498d181e270ca07094855d96dc2ad311a527e79e7711318
src/ragtune/generators/base.py,1081,9935a67d9762489639b9cb25273a88cdba65a1cbe6f99dfa6df2b9cdc5bd6a99
src/ragtune/generators/factory.py,4828,4d4559711a9550c5c05652d4ebc151ef5cf975d653a6d107cab4410e2933596f
src/ragtune/generators/hosted_openai.py,575,7e779855e320a7f22c569d84dc8e8c496cff618e5a3927b1e384b918b4d2d55f
src/ragtune/generators/local_openai_compatible.py,2617,35f8399550fede129a54ee79b55ddd99879d36e369f40a28afffa5634bbeadd2
src/ragtune/generators/ollama.py,4152,2a58ecdcafed75501a4bc44302a6c7994c610bd0c470f0ace7b449943e9778df
src/ragtune/generators/util.py,785,8a35b16590a1c66ac00f4aa41377f013aa0d040d7c5e1fa0914a7ad6b81f7727
src/ragtune/hotpotqa_generative_quality_signal_audit.py,1526,34f363bfef7519e7dd22e65fe995a7a425f9ccab06f78deeb20d1f4d3cc988ee
src/ragtune/hotpotqa_generative_validation.py,21128,a3627550b5cc9b244587ada0deb543da3c51cd1ed7e8ba2d57c975989f75fc7b
src/ragtune/metrics.py,3744,2861233c93adcadf00f3a50934f0332f66c9a337eec3cafe400cad8ccdec01c3
src/ragtune/open_source_arxiv_readiness_synthesis.py,5051,664006cfcc1f66fd1e46a88f5805eb2e84e36de82cddec26125d365700c79232
src/ragtune/phase2.py,27370,784ad5d926ad372e52a100ca4d3b2a107e79f29fc014decbcdb9e314dd54f715
src/ragtune/policy.py,444,b96e558eee5b1ce5a99111364de7076873b62dc139b73e63bdbd0fc6e26c0849
src/ragtune/policy_selection.py,2401,0000836db72fb3dfe24ba0826417dd1344526ae5910b7232592fc1da0e3e379d
src/ragtune/promotion_decision.py,2698,49378ab485946fb85dadf9962f2310ebbd254484ed83d07a12f7b6aa740ac5a2
src/ragtune/public_mini_reproduction.py,6351,90efcbd4da86588edbb1eaa53d390088c445023fba3d0039c80b182ce2fe7dbf
src/ragtune/publication_sanitization.py,1400,fcdf5779597863752f2c1ce97c0b6fbae431c787bbfea01ff14a9a7cd2c1d1d1
src/ragtune/quality_metrics.py,1726,07637ad70037c7a11d912d47c4205847b0abf40cc6928f2ead315318bd3d4041
src/ragtune/rc1_maturity.py,36871,e793581ee4d1a2e277a9c117ef9db4da8ac96b60ef6d97023ed14bd0ea282d8b
src/ragtune/real_rag.py,54038,0193fa35bab6e780a94c4aac2480cbb90d14182b9b16ea3f8a92b75202a98900
src/ragtune/reports.py,2577,a8d99b963a319bd34a30493ea6f9d3bd238f71bfb842253c18733b25ad90f0b3
src/ragtune/robustness.py,1477,72ee8637536867009f2232ea017725b966b0f4aae026342986bff56173cccc86
src/ragtune/selector_ablation_matrix.py,5607,da4693f868cb4836667aed84fa7bb2eac789711e1038adf0061a1d1bad4497e6
src/ragtune/statistics.py,1613,12208f0dc3ec9ba85f8ee03c9b5931c177dbf6254f56bfbb01a8bcc2cb2d9d0f
src/ragtune/storage/__init__.py,125,ba02c3b6953b09bdebc0b1c23a34e99a960384787ab2adea70b5994476460fc3
src/ragtune/storage/azure_blob.py,841,897c2a5c2dafd1c93c5260e6c166467cc412b89313fdee80e70984135c7433c9
src/ragtune/storage/base.py,510,ce2876274ac164133d8271061d26fddf768aa7f6c7b4e9e199ea83155ca88880
src/ragtune/storage/factory.py,1642,10e5877cc45924868916075aac5101643c739b4da2c4c572cb051dd412783502
src/ragtune/storage/gcs.py,808,15673ceb919ad87e9514206804d0d257c49aa8a050fc32c70abaee29e4aec526
src/ragtune/storage/local.py,734,7a9bd7b50aaf9d35e85a1d3c34ec555f87b2b2c05ada16af17485ad83f7b462c
src/ragtune/storage/s3.py,774,45fd287ae9fc84e0a56fc21816a9631380079030c868ca8599f619c35206a11f
src/ragtune/validation_phase3.py,488452,a83d672b374de2af6464b39ec6c1931ebf2981640b6a46a925839096826d4972
tests/README.md,403,60d19c8db06dfdf336daf78be56178e54b6a7de873e00b8c58aafb0764d285ff
tests/publication/test_aim_hardware_characterization.py,1375,74f7c6d9754eba06a70e6953eab19cdbb5290c66c9030b6e4d553c305cd87ae4
tests/publication/test_aim_hardware_matrix.py,1334,1ffd09b40494d104c660208e241d9846c7524521bcaf2292649d16ab377136c1
tests/publication/test_arxiv_paper_assets.py,1757,fe03ccc96f00bc0731acf12f46b61d9c185f0e201c26b70f79f0835b66593c64
tests/publication/test_behavioral_governance_experiment.py,5334,7e040d7c46c34722d06f4f155efe88408972b9fc7f1a00e193a66eb98c028250
tests/publication/test_cli_entrypoints.py,1510,58b62e4459a996c6ca115b20d9410bfc92b67fac8bc4387a1e087e74fd19934e
tests/publication/test_cloud_agnostic_deployment.py,1004,f323998b112f5811abe2795f5b7bc54fde16ef338807786a4f129c9e4d37c4d6
tests/publication/test_container_runtime_diagnostics.py,1289,878be8fe5ac974065c3a9828d550a74191ca30403c70a6ff8d89728b7e29e6f7
tests/publication/test_container_security_scans.py,819,77c114e5636386ed5d8eb5df44aa06f3d8b8e4d605044d67683066fe004198d6
tests/publication/test_container_smoke_tests.py,2900,da41267d75d06f6b148071cf255949009145358e9fd58b0abb188fac4540f35c
tests/publication/test_crag_evaluator_mapping.py,1617,5d227ebed316901db3914a5a2851505d6efc9f97017bdc2c036d768797154157
tests/publication/test_crag_evaluator_mapping_v2.py,1260,40068ab3cfc4c81bc8b7a2c97ba491f9a93162aeeddb0cf0998662ab30ebbb41
tests/publication/test_deployment_assets.py,1900,77ee29baab5bba319d3ed9986619a7bb4d3be546f61d22cfd7ee917fbbb2c048
tests/publication/test_docker_runtime_hardening.py,2358,fbd317f999f85d522cb9b98e99624e948a77a0b9ecfe79c68f2777c318102484
tests/publication/test_docker_static_validation.py,554,d32985425a47a5f163c08d7d992dd447266592150ff6cd3732f00766bf3cfff2
tests/publication/test_dockerignore_hardening.py,1109,f5cded7d8a20838f09ad9cf0e9ff7a23c8c322c1da0a1587bd9f2609e9335ab3
tests/publication/test_external_evaluator_adapters.py,2276,54922644d8bf9d3937452350fc6264b2edcec4cb3800705bff87cd30fd2eff61
tests/publication/test_external_evaluator_adapters_v2.py,1480,8232103f2751e44711dc321e12532d66cd071a55e148403f91a4d6f0851b9eb4
tests/publication/test_fresh_clone_reproducibility.py,1128,6816e4f44408d1b5cebb4f58e477582560ad21e420c2e3d4614b94164eb8924b
tests/publication/test_fresh_live_crag_hotpotqa_behavioral_governance.py,5516,df5dfd15e74ac0da51959e0ed04122996f2dca9f0413bd8a53fb0ab9ce840b1f
tests/publication/test_generative_llm_validation.py,6952,a4ab24296f9e9ff4d1316b1ad679d6292dffa891b96ad38e4663fadc7a9bbda6
tests/publication/test_generative_llm_validation_quality_signal_audit.py,18183,b3307d92a0a113d1cbab6983ae34a4afcb0a1847d4925f042ab458aadb14f532
tests/publication/test_hotpotqa_generative_quality_signal_audit.py,2076,931f71cccb77ead5eccc5f62ab5453984d6f800705b6855d389d78d0b1479358
tests/publication/test_hotpotqa_quality_signal_audit_v2.py,1516,5d9dc59710202065f9a30aaf5c6aaa33664921e0345ebc87b48695e1e4f5bbec
tests/publication/test_promotion_decision_schema.py,1160,9458b5db64580b8d3e59b0ce250c52f82d32c3b4bce82b9e60049557a582fb85
tests/publication/test_public_mini_reproduction.py,1596,6a7428d80dce75b906609322761aa1d74840fa12692afd3f3a0ebf87a5c58e08
tests/publication/test_publication_bundle.py,3625,5e4dfd8580acff937d933e1b046076801d11d0a8d9b6c90de61dbf7447c48e50
tests/publication/test_release_candidate.py,1144,e258a318ba0f388e486d3e0f270dfcd1974d649dab5de316f8ed20b45b8a7d4a
tests/publication/test_selector_ablation_matrix.py,1635,fc159a6082e717b492a70ede040db004bb925ba68beac0c150090a83ce28ed1c
tests/publication/test_selector_ablation_stress_v2.py,1507,63cdfa0d6841704309b5a7a414d3bc47c047cefc4640f0a05c9f186f17b9eec7
tests/publication/test_storage_sinks.py,1995,f9c5040a7c76fced9d1c875cbedf1f826dd2d96a2c3552a309f2470ba58198b5
tests/publication/test_verify_run.py,1385,3cc5f779225fc0c1c61dbc92c5c3c5dd32b18bf5689c36de1d72d664dea0e8ed
tests/test_baseline_smoke.py,506,cbe05ccf996fd10a8ae248965cf273e27556450bc12adcc1a66253ba9ea5447a
tests/test_data_validation.py,532,9496b4817e5fde097d2d024558edba137f19d2e25c8a6b59621d2366898a92dc
tests/test_gpu_optional.py,150,beec38d4e0c9d45303317354d3ad630e6a596a482121fb47bf25e54088b881f1
tests/test_manifest.py,434,208e5fc1d6359ff4e92470a05d23596a65a0d465fdaf9387ba83cfdf819cf375
tests/test_metrics.py,350,db1f5531f253f08dea2b6aab0ea704be79a8e4a5fe863af5773141c95974710d
tests/test_pushbutton.py,8882,23477a478290f2f14219a2c5c18ea65e028ede6acc657a3fdb837dc9abff4d94
tests/test_ragtune_confirmatory_v2_phase.py,6669,02c8e009cef569ca11f666f7356155a6c6b3e1d2f677f7efef4af6599b86e493
tests/test_ragtune_corpus_expansion_v4_phase.py,42820,add82af1a3e5bb747ba012bac14e2198ee8bf62f6ff175779d96e07cea3c8c27
tests/test_ragtune_crag_mock_api_hardening_phase.py,23621,11813766a9f22a0ed2c25bec1d3e6c04e6b784b3dd374d49db63d76a377140c1
tests/test_ragtune_fresh_corpus_readiness_phase.py,12529,3d15f5f10eab056e293926b97159c4f4596c2612382ecf49b25cf74703f9f1ae
tests/test_ragtune_generalization_validation_phase.py,7721,e04e044bc87fd72e13d25081634fcdd27e83e0561934d17fdb4d84385299d916
tests/test_ragtune_governance_expansion_phase.py,4736,212054f864bb079b9ac257cd69ee62cf811dfd3341093a4c6a85ca7047b936b7
tests/test_ragtune_governance_first_phase.py,5027,b5da939ba6b607303ea1cf7450edba4a76611f9d4ab0e2321ca345af7fd741ca
tests/test_ragtune_ragbench_enablement_phase.py,8220,ecceb99784f06ab7b897173be28ac0dd75b151acefb084f9f8bd94f0957e1936
tests/test_ragtune_real_rag_validation.py,9245,72361e98ef2fe37b0188aaafa1f36fbb20dbe2a38a2c31d60ef37fdf22f3a58b
tests/test_ragtune_rowlevel_e2e_phase.py,7217,0e5b2ae4e097ad75383f8881f3129cc5605fba2b6ab35bc5cf93a7452a533b92
tests/test_ragtune_validation.py,6061,611c9a01071e88324f18c4c2c90c36ff9c203057f6206fc75b2a6df7c13ab39b
tests/test_ragtune_validation_phase2.py,9441,bcc439bdbe1383056d46b461f9ca8558299e02603c5247149f3372b6173b7db4
tests/test_reporting.py,1661,ac39b7394b30c1e6822c97dd1eecf00954e55b6a58360e09d484673bc1e3c9b2
tests/test_run_registry.py,735,5cc07ab7d1627772107dbf8433e8c897d623de83a216f3e30a01e6db869164ab
tests/test_snapshot_rollout.py,8156,73fd67d044064f8f96a4079c34911b2a7e21fd54be6e81ead0d72543c1a81be2
tests/test_splits.py,760,b4f45b5ea3042d6195f6e4a22480537bfe0f6324bca7d45a7cd11b948811c03f
